split,record_index,source_record_id,template_family,contrast_category,context_role,outcome,error_source,gold_label,predicted_label,start,end,value,business_id_subtype,confidence,predicted_start,predicted_end,gold_mask_action,predicted_mask_action
standard_dev,1,synthetic-00016751,key_value_accountlike_batch_v1,,,OVERMASKING,spurious_prediction,O,BUSINESS_ID,14,28,37536029878768,,0.9993769764900208,14,28,NONE,MASK
standard_dev,3,synthetic-00002020,routing_number_free_b_v1,,,POLICY_SAFE_WRONG_CLASS,gold_span,ROUTING_NUMBER,BANK_ACCOUNT_NUMBER,29,38,728681125,,0.9793702006340027,29,38,MASK,MASK
standard_dev,37,34788,,,,OVERMASKING,spurious_prediction,O,STREET_ADDRESS,253,292,"3456 Park Avenue
New York, NY 10021
USA",,0.9051838463002985,253,292,NONE,MASK
standard_dev,39,52392,,,,SECURITY_CRITICAL_PARTIAL,gold_span,STREET_ADDRESS,STREET_ADDRESS,12,32,52848 Melissa Cliffs,,0.8712327480316162,12,14,MASK,MASK
standard_dev,39,52392,,,,SECURITY_CRITICAL_MISS,gold_span,STREET_ADDRESS,O,34,46,"Anytown, USA",,,,,MASK,NONE
standard_dev,40,synthetic-00015155,key_value_accountlike_batch_v1,,,OVERMASKING,spurious_prediction,O,BUSINESS_ID,14,28,11656891289819,,0.999374908208847,14,28,NONE,MASK
standard_dev,41,31411,,,,SECURITY_CRITICAL_MISS,gold_span,SSN,O,134,145,990611-0920,,,,,MASK_LAST4,NONE
standard_dev,60,35968,,,,OVERMASKING,spurious_prediction,O,BANK_ACCOUNT_NUMBER,67,78,YZCZ0230759,,0.6360290480984582,67,78,NONE,MASK
standard_dev,70,43313,,,,OVERMASKING,spurious_prediction,O,STREET_ADDRESS,88,90,et,,0.7092063426971436,88,90,NONE,MASK
standard_dev,73,synthetic-00015732,ssn_free_b_v1,,,SECURITY_CRITICAL_PARTIAL,gold_span,SSN,SSN,15,26,835-97-1286,,0.5091241002082825,15,17,MASK_LAST4,MASK_LAST4
standard_dev,75,synthetic-00016384,routing_number_free_b_v1,,,POLICY_SAFE_WRONG_CLASS,gold_span,ROUTING_NUMBER,BANK_ACCOUNT_NUMBER,29,38,631299170,,0.991852879524231,29,38,MASK,MASK
standard_dev,84,synthetic-00015953,key_value_accountlike_batch_v1,,,OVERMASKING,spurious_prediction,O,BUSINESS_ID,14,25,20340613958,,0.9990663017545428,14,25,NONE,MASK
standard_dev,97,synthetic-00011064,routing_number_free_b_v1,,,POLICY_SAFE_WRONG_CLASS,gold_span,ROUTING_NUMBER,BANK_ACCOUNT_NUMBER,29,38,178907093,,0.8742601871490479,29,38,MASK,MASK
standard_dev,115,synthetic-00003616,routing_number_free_b_v1,,,POLICY_SAFE_WRONG_CLASS,gold_span,ROUTING_NUMBER,BANK_ACCOUNT_NUMBER,29,38,390356024,,0.9873395562171936,29,38,MASK,MASK
standard_dev,135,55915,,,,SECURITY_CRITICAL_MISS,gold_span,PERSON_NAME,O,955,971,[Your Full Name],,,,,FULL_MASK,NONE
standard_dev,155,synthetic-00001589,key_value_accountlike_batch_v1,,,OVERMASKING,spurious_prediction,O,BUSINESS_ID,14,28,50957443034918,,0.9991255071428087,14,28,NONE,MASK
standard_dev,163,46387,,,,OVERMASKING,spurious_prediction,O,STREET_ADDRESS,360,361,6,,0.6897395253181458,360,361,NONE,MASK
standard_dev,163,46387,,,,OVERMASKING,spurious_prediction,O,STREET_ADDRESS,366,372,Street,,0.5444324016571045,366,372,NONE,MASK
standard_dev,163,46387,,,,OVERMASKING,spurious_prediction,O,STREET_ADDRESS,694,710,750 Ortiz Street,,0.8583093682924906,694,710,NONE,MASK
standard_dev,187,synthetic-00007441,key_value_accountlike_batch_v1,,,OVERMASKING,spurious_prediction,O,BUSINESS_ID,14,24,0270364657,,0.9990103244781494,14,24,NONE,MASK
standard_dev,198,49638,,,,SECURITY_CRITICAL_MISS,gold_span,IP_ADDRESS,O,355,359,IPv6,,,,,MASK,NONE
standard_dev,198,49638,,,,SECURITY_CRITICAL_MISS,gold_span,IP_ADDRESS,O,446,450,IPv6,,,,,MASK,NONE
standard_dev,198,49638,,,,SECURITY_CRITICAL_MISS,gold_span,IP_ADDRESS,O,624,628,IPv6,,,,,MASK,NONE
standard_dev,203,synthetic-00014357,key_value_accountlike_batch_v1,,,OVERMASKING,spurious_prediction,O,BUSINESS_ID,14,24,1872923485,,0.9993098378181458,14,24,NONE,MASK
standard_dev,207,34990,,,,OVERMASKING,spurious_prediction,O,STREET_ADDRESS,108,111,123,,0.6916075348854065,108,111,NONE,MASK
standard_dev,207,34990,,,,OVERMASKING,spurious_prediction,O,STREET_ADDRESS,113,144,"Main Street
Toronto, ON M5G 1M8",,0.5902533422816884,113,144,NONE,MASK
standard_dev,220,synthetic-00022768,routing_number_free_b_v1,,,POLICY_SAFE_WRONG_CLASS,gold_span,ROUTING_NUMBER,BANK_ACCOUNT_NUMBER,29,38,300554450,,0.9925427287817001,29,38,MASK,MASK
standard_dev,226,32836,,,,SECURITY_CRITICAL_PARTIAL,gold_span,BUSINESS_ID,STREET_ADDRESS,69,79,P879921-Wy,,0.8069882447069342,52,76,MASK,MASK
standard_dev,233,27687,,,,SECURITY_CRITICAL_MISS,gold_span,CREDIT_CARD_NUMBER,O,181,200,1234 5678 1234 5678,,,,,MASK_LAST4,NONE
standard_dev,233,27687,,,,SECURITY_CRITICAL_MISS,gold_span,STREET_ADDRESS,O,455,468,Thijssteeg 05,,,,,MASK,NONE
standard_dev,233,27687,,,,SECURITY_CRITICAL_PARTIAL,gold_span,STREET_ADDRESS,STREET_ADDRESS,586,599,Thijssteeg 05,,0.5139265805482864,590,595,MASK,MASK
standard_dev,233,27687,,,,SECURITY_CRITICAL_PARTIAL,gold_span,STREET_ADDRESS,STREET_ADDRESS,719,732,Thijssteeg 05,,0.49347805976867676,723,725,MASK,MASK
standard_dev,233,27687,,,,SECURITY_CRITICAL_PARTIAL,gold_span,STREET_ADDRESS,STREET_ADDRESS,893,906,Thijssteeg 05,,0.5766411542892456,894,903,MASK,MASK
standard_dev,237,54483,,,,POLICY_SAFE_WRONG_CLASS,gold_span,PERSON_NAME,EMAIL,120,128,john.doe,,0.9217613518238068,120,140,FULL_MASK,PARTIAL_MASK
standard_dev,237,54483,,,,POLICY_SAFE_WRONG_CLASS,gold_span,PERSON_NAME,EMAIL,242,252,jane.smith,,0.9735828770531548,242,264,FULL_MASK,PARTIAL_MASK
standard_dev,237,54483,,,,POLICY_SAFE_WRONG_CLASS,gold_span,PERSON_NAME,EMAIL,571,582,david.brown,,0.97829170525074,571,594,FULL_MASK,PARTIAL_MASK
standard_dev,239,47313,,,,SECURITY_CRITICAL_MISS,gold_span,PERSON_NAME,O,263,270,Iadanza,,,,,FULL_MASK,NONE
standard_dev,239,47313,,,,SECURITY_CRITICAL_MISS,gold_span,PERSON_NAME,O,362,369,Iadanza,,,,,FULL_MASK,NONE
standard_dev,239,47313,,,,OVERMASKING,spurious_prediction,O,PERSON_NAME,857,864,Iadanza,,0.6584997574488322,857,864,NONE,FULL_MASK
standard_dev,247,35320,,,,SECURITY_CRITICAL_PARTIAL,gold_span,PERSON_NAME,PERSON_NAME,557,567,Mr. Nibali,,0.9376186927159628,561,567,FULL_MASK,FULL_MASK
standard_dev,247,35320,,,,SECURITY_CRITICAL_PARTIAL,gold_span,PERSON_NAME,PERSON_NAME,833,843,Mr. Nibali,,0.9386412501335144,837,843,FULL_MASK,FULL_MASK
standard_dev,247,35320,,,,SECURITY_CRITICAL_PARTIAL,gold_span,PERSON_NAME,PERSON_NAME,1148,1158,Mr. Nibali,,0.934223453203837,1152,1158,FULL_MASK,FULL_MASK
standard_dev,247,35320,,,,SECURITY_CRITICAL_PARTIAL,gold_span,PERSON_NAME,PERSON_NAME,1432,1442,Mr. Nibali,,0.9551403721173605,1436,1442,FULL_MASK,FULL_MASK
standard_dev,253,synthetic-00006808,routing_number_free_b_v1,,,POLICY_SAFE_WRONG_CLASS,gold_span,ROUTING_NUMBER,BANK_ACCOUNT_NUMBER,29,38,057997988,,0.9840633943676949,29,38,MASK,MASK
standard_dev,260,54695,,,,SECURITY_CRITICAL_PARTIAL,gold_span,PERSON_NAME,PERSON_NAME,57,69,Ms. Jane Doe,,0.9831635157267252,61,69,FULL_MASK,FULL_MASK
standard_dev,276,synthetic-00022502,routing_number_free_b_v1,,,POLICY_SAFE_WRONG_CLASS,gold_span,ROUTING_NUMBER,BANK_ACCOUNT_NUMBER,29,38,402042226,,0.9921749234199524,29,38,MASK,MASK
standard_dev,288,synthetic-00002919,key_value_accountlike_batch_v1,,,OVERMASKING,spurious_prediction,O,BUSINESS_ID,14,27,8747788407094,,0.9993447793854607,14,27,NONE,MASK
standard_dev,290,32153,,,,SECURITY_CRITICAL_MISS,gold_span,STREET_ADDRESS,O,802,817,"Stephentown, NY",,,,,MASK,NONE
standard_dev,299,synthetic-00014091,key_value_accountlike_batch_v1,,,OVERMASKING,spurious_prediction,O,BUSINESS_ID,14,26,475765018084,,0.9993077218532562,14,26,NONE,MASK
standard_dev,302,synthetic-00012229,key_value_accountlike_batch_v1,,,OVERMASKING,spurious_prediction,O,BUSINESS_ID,14,25,64933166174,,0.9993521656308856,14,25,NONE,MASK
standard_dev,304,synthetic-00005579,key_value_accountlike_batch_v1,,,OVERMASKING,spurious_prediction,O,BUSINESS_ID,14,26,445190677421,,0.9994333684444427,14,26,NONE,MASK
standard_dev,312,synthetic-00019145,key_value_accountlike_batch_v1,,,OVERMASKING,spurious_prediction,O,BUSINESS_ID,14,25,05198222470,,0.9990193446477255,14,25,NONE,MASK
standard_dev,316,synthetic-00017283,key_value_accountlike_batch_v1,,,OVERMASKING,spurious_prediction,O,BUSINESS_ID,14,28,99515083888822,,0.998977541923523,14,28,NONE,MASK
standard_dev,322,synthetic-00000424,routing_number_free_b_v1,,,POLICY_SAFE_WRONG_CLASS,gold_span,ROUTING_NUMBER,BANK_ACCOUNT_NUMBER,29,38,375628900,,0.9925601720809937,29,38,MASK,MASK
standard_dev,333,synthetic-00023566,routing_number_free_b_v1,,,POLICY_SAFE_WRONG_CLASS,gold_span,ROUTING_NUMBER,BANK_ACCOUNT_NUMBER,29,38,192556307,,0.9113552808761597,29,38,MASK,MASK
standard_dev,335,38682,,,,OVERMASKING,spurious_prediction,O,STREET_ADDRESS,555,590,"838 Hudson Cliff, Lake Brittneyfort",,0.978369263085452,555,590,NONE,MASK
standard_dev,335,38682,,,,OVERMASKING,spurious_prediction,O,STREET_ADDRESS,592,595,639,,0.6288828253746033,592,595,NONE,MASK
standard_dev,337,synthetic-00017980,routing_number_free_b_v1,,,POLICY_SAFE_WRONG_CLASS,gold_span,ROUTING_NUMBER,BANK_ACCOUNT_NUMBER,29,38,517512366,,0.9968645453453064,29,38,MASK,MASK
standard_dev,349,synthetic-00013192,routing_number_free_b_v1,,,POLICY_SAFE_WRONG_CLASS,gold_span,ROUTING_NUMBER,BANK_ACCOUNT_NUMBER,29,38,230499407,,0.9954760770003,29,38,MASK,MASK
standard_dev,357,synthetic-00007606,routing_number_free_b_v1,,,POLICY_SAFE_WRONG_CLASS,gold_span,ROUTING_NUMBER,BANK_ACCOUNT_NUMBER,29,38,710036665,,0.944837749004364,29,38,MASK,MASK
standard_dev,361,synthetic-00019576,routing_number_free_b_v1,,,POLICY_SAFE_WRONG_CLASS,gold_span,ROUTING_NUMBER,BANK_ACCOUNT_NUMBER,29,38,621765397,,0.9342175245285034,29,38,MASK,MASK
standard_dev,365,52058,,,,SECURITY_CRITICAL_MISS,gold_span,PERSON_NAME,O,290,301,The Company,,,,,FULL_MASK,NONE
standard_dev,365,52058,,,,SECURITY_CRITICAL_MISS,gold_span,PERSON_NAME,O,660,671,The Company,,,,,FULL_MASK,NONE
standard_dev,365,52058,,,,SECURITY_CRITICAL_MISS,gold_span,PERSON_NAME,O,883,894,The Company,,,,,FULL_MASK,NONE
standard_dev,365,52058,,,,SECURITY_CRITICAL_MISS,gold_span,PERSON_NAME,O,1134,1145,The Company,,,,,FULL_MASK,NONE
standard_dev,371,50863,,,,SECURITY_CRITICAL_PARTIAL,gold_span,PERSON_NAME,PERSON_NAME,1501,1512,chairperson,,0.5463281869888306,1501,1506,FULL_MASK,FULL_MASK
standard_dev,385,synthetic-00023300,routing_number_free_b_v1,,,POLICY_SAFE_WRONG_CLASS,gold_span,ROUTING_NUMBER,BANK_ACCOUNT_NUMBER,29,38,261092585,,0.8636853694915771,29,38,MASK,MASK
standard_dev,388,16129,,,,SECURITY_CRITICAL_MISS,gold_span,PHONE,O,1477,1496,[your phone number],,,,,PARTIAL_MASK,NONE
standard_dev,397,synthetic-00011596,routing_number_free_b_v1,,,POLICY_SAFE_WRONG_CLASS,gold_span,ROUTING_NUMBER,BANK_ACCOUNT_NUMBER,29,38,181834700,,0.9419097602367401,29,38,MASK,MASK
standard_dev,398,37694,,,,OVERMASKING,spurious_prediction,O,PERSON_NAME,173,179,123456,,0.6376308004061381,173,179,NONE,FULL_MASK
standard_dev,400,synthetic-00015687,key_value_accountlike_batch_v1,,,OVERMASKING,spurious_prediction,O,BUSINESS_ID,14,25,81854487134,,0.9993497058749199,14,25,NONE,MASK
standard_dev,402,53928,,,,SECURITY_CRITICAL_MISS,gold_span,PHONE,O,192,221,[insert company phone number],,,,,PARTIAL_MASK,NONE
standard_dev,402,53928,,,,SECURITY_CRITICAL_MISS,gold_span,EMAIL,O,223,245,[insert company email],,,,,PARTIAL_MASK,NONE
standard_dev,417,41186,,,,OVERMASKING,spurious_prediction,O,STREET_ADDRESS,327,329,UK,,0.5879083275794983,327,329,NONE,MASK
standard_dev,417,41186,,,,OVERMASKING,spurious_prediction,O,IP_ADDRESS,1498,1507,143.60.20,,0.9967031598091125,1498,1507,NONE,MASK
standard_dev,421,synthetic-00018347,key_value_accountlike_batch_v1,,,OVERMASKING,spurious_prediction,O,BUSINESS_ID,14,25,52779876796,,0.9994029819965362,14,25,NONE,MASK
standard_dev,426,49426,,,,OVERMASKING,spurious_prediction,O,STREET_ADDRESS,205,226,03748 Zachary Parkway,,0.9735313415527344,205,226,NONE,MASK
standard_dev,429,synthetic-00007175,key_value_accountlike_batch_v1,,,OVERMASKING,spurious_prediction,O,BUSINESS_ID,14,26,418501664150,,0.998855071408408,14,26,NONE,MASK
standard_dev,430,35850,,,,OVERMASKING,spurious_prediction,O,STREET_ADDRESS,288,317,"85838 Goodman Mountains, Apt.",,0.9979411827193366,288,317,NONE,MASK
standard_dev,440,53005,,,,OVERMASKING,spurious_prediction,O,PERSON_NAME,22,35,Gardner-Cantu,,0.9221805930137634,22,35,NONE,FULL_MASK
standard_dev,453,37720,,,,SECURITY_CRITICAL_MISS,gold_span,STREET_ADDRESS,O,142,178,"528 ANTHONY FREEWAY, APT. 091/LONDON",,,,,MASK,NONE
standard_dev,453,37720,,,,SECURITY_CRITICAL_MISS,gold_span,STREET_ADDRESS,O,223,259,"528 ANTHONY FREEWAY, APT. 091/LONDON",,,,,MASK,NONE
standard_dev,453,37720,,,,POLICY_SAFE_WRONG_CLASS,gold_span,PASSPORT_NUMBER,BUSINESS_ID,290,299,A76136949,,0.683987095952034,290,299,MASK,MASK
standard_dev,453,37720,,,,OVERMASKING,spurious_prediction,O,IBAN,197,203,GB82AB,,0.7429456859827042,197,203,NONE,MASK
standard_dev,453,37720,,,,OVERMASKING,spurious_prediction,O,IBAN,204,213,Y09012345,,0.6958797971407572,204,213,NONE,MASK
standard_dev,464,53472,,,,OVERMASKING,spurious_prediction,O,STREET_ADDRESS,109,150,"264 Carpenter Lakes 
65805, New Kellyland",,0.8770118474960327,109,150,NONE,MASK
standard_dev,464,53472,,,,OVERMASKING,spurious_prediction,O,STREET_ADDRESS,202,242,"1200 Main Street
45678, Old Capital City",,0.8301567760380831,202,242,NONE,MASK
standard_dev,466,synthetic-00002653,key_value_accountlike_batch_v1,,,OVERMASKING,spurious_prediction,O,BUSINESS_ID,14,26,605392609674,,0.9994891153441535,14,26,NONE,MASK
standard_dev,468,50561,,,,OVERMASKING,spurious_prediction,O,PERSON_NAME,182,191,123456789,,0.5718248387177786,182,191,NONE,FULL_MASK
standard_dev,482,synthetic-00005047,key_value_accountlike_batch_v1,,,OVERMASKING,spurious_prediction,O,BUSINESS_ID,14,27,2740514316411,,0.9990451165607998,14,27,NONE,MASK
standard_dev,484,51789,,,,OVERMASKING,spurious_prediction,O,EMAIL,214,215,[,,0.48725587129592896,214,215,NONE,PARTIAL_MASK
standard_dev,488,35316,,,,OVERMASKING,spurious_prediction,O,PERSON_NAME,125,146,NNIE MANUEL RODRIGUEZ,,0.7647408321499825,125,146,NONE,FULL_MASK
standard_dev,497,38024,,,,OVERMASKING,spurious_prediction,O,EMAIL,251,273,"pgallopez@example.
com",,0.9901072159409523,251,273,NONE,PARTIAL_MASK
standard_dev,500,45370,,,,SECURITY_CRITICAL_PARTIAL,gold_span,STREET_ADDRESS,STREET_ADDRESS,265,281,[Street Address],,0.6964618116617203,265,280,MASK,MASK
standard_dev,500,45370,,,,OVERMASKING,spurious_prediction,O,PERSON_NAME,483,486,ing,,0.5430557131767273,483,486,NONE,FULL_MASK
standard_dev,500,45370,,,,OVERMASKING,spurious_prediction,O,PERSON_NAME,1348,1351,ing,,0.5070045590400696,1348,1351,NONE,FULL_MASK
standard_dev,516,synthetic-00012128,routing_number_free_b_v1,,,POLICY_SAFE_WRONG_CLASS,gold_span,ROUTING_NUMBER,BANK_ACCOUNT_NUMBER,29,38,587157094,,0.9833861986796061,29,38,MASK,MASK
standard_dev,535,47918,,,,SECURITY_CRITICAL_MISS,gold_span,PERSON_NAME,O,122,125,DSK,,,,,FULL_MASK,NONE
standard_dev,535,47918,,,,SECURITY_CRITICAL_MISS,gold_span,PERSON_NAME,O,471,474,DSK,,,,,FULL_MASK,NONE
standard_dev,535,47918,,,,SECURITY_CRITICAL_MISS,gold_span,PERSON_NAME,O,619,622,DSK,,,,,FULL_MASK,NONE
standard_dev,535,47918,,,,SECURITY_CRITICAL_MISS,gold_span,PERSON_NAME,O,774,777,DSK,,,,,FULL_MASK,NONE
standard_dev,535,47918,,,,SECURITY_CRITICAL_MISS,gold_span,PERSON_NAME,O,1023,1026,DSK,,,,,FULL_MASK,NONE
standard_dev,535,47918,,,,SECURITY_CRITICAL_MISS,gold_span,PERSON_NAME,O,1204,1207,DSK,,,,,FULL_MASK,NONE
standard_dev,535,47918,,,,SECURITY_CRITICAL_MISS,gold_span,PERSON_NAME,O,1419,1422,DSK,,,,,FULL_MASK,NONE
standard_dev,535,47918,,,,SECURITY_CRITICAL_MISS,gold_span,PERSON_NAME,O,2092,2095,DSK,,,,,FULL_MASK,NONE
standard_dev,535,47918,,,,OVERMASKING,spurious_prediction,O,PERSON_NAME,2329,2334,Davis,,0.5439184308052063,2329,2334,NONE,FULL_MASK
standard_dev,545,synthetic-00007340,routing_number_free_b_v1,,,POLICY_SAFE_WRONG_CLASS,gold_span,ROUTING_NUMBER,BANK_ACCOUNT_NUMBER,29,38,999095472,,0.9864939749240875,29,38,MASK,MASK
standard_dev,557,42935,,,,SECURITY_CRITICAL_MISS,gold_span,STREET_ADDRESS,O,337,353,3460 RIVERA SPUR,,,,,MASK,NONE
standard_dev,559,34703,,,,OVERMASKING,spurious_prediction,O,PERSON_NAME,178,182,John,,0.7003452181816101,178,182,NONE,FULL_MASK
standard_dev,567,synthetic-00012394,routing_number_free_b_v1,,,POLICY_SAFE_WRONG_CLASS,gold_span,ROUTING_NUMBER,BANK_ACCOUNT_NUMBER,29,38,766567777,,0.9788568615913391,29,38,MASK,MASK
standard_dev,571,synthetic-00020906,routing_number_free_b_v1,,,POLICY_SAFE_WRONG_CLASS,gold_span,ROUTING_NUMBER,BANK_ACCOUNT_NUMBER,29,38,619504476,,0.8696953058242798,29,38,MASK,MASK
standard_dev,574,synthetic-00000791,key_value_accountlike_batch_v1,,,OVERMASKING,spurious_prediction,O,BUSINESS_ID,14,25,76815118567,,0.9993350356817245,14,25,NONE,MASK
standard_dev,575,synthetic-00014788,routing_number_free_b_v1,,,POLICY_SAFE_WRONG_CLASS,gold_span,ROUTING_NUMBER,BANK_ACCOUNT_NUMBER,29,38,968500260,,0.995372474193573,29,38,MASK,MASK
standard_dev,578,42178,,,,SECURITY_CRITICAL_MISS,gold_span,PERSON_NAME,O,48,55,0002345,,,,,FULL_MASK,NONE
standard_dev,579,31146,,,,SECURITY_CRITICAL_PARTIAL,gold_span,PHONE,PHONE,362,377,+44 1234 567890,,0.977186992764473,362,370,PARTIAL_MASK,PARTIAL_MASK
standard_dev,579,31146,,,,OVERMASKING,spurious_prediction,O,PERSON_NAME,1625,1629,John,,0.996344268321991,1625,1629,NONE,FULL_MASK
standard_dev,586,synthetic-00017815,key_value_accountlike_batch_v1,,,OVERMASKING,spurious_prediction,O,BUSINESS_ID,14,25,50607366230,,0.9991758465766907,14,25,NONE,MASK
standard_dev,588,synthetic-00000525,key_value_accountlike_batch_v1,,,OVERMASKING,spurious_prediction,O,BUSINESS_ID,14,26,224109881385,,0.9987643733620644,14,26,NONE,MASK
standard_dev,593,synthetic-00008670,routing_number_free_b_v1,,,POLICY_SAFE_WRONG_CLASS,gold_span,ROUTING_NUMBER,BANK_ACCOUNT_NUMBER,29,38,306338612,,0.9427789896726608,29,38,MASK,MASK
standard_dev,596,synthetic-00002387,key_value_accountlike_batch_v1,,,OVERMASKING,spurious_prediction,O,BUSINESS_ID,14,28,28630402966299,,0.9991642981767654,14,28,NONE,MASK
standard_dev,612,synthetic-00002818,routing_number_free_b_v1,,,POLICY_SAFE_WRONG_CLASS,gold_span,ROUTING_NUMBER,BANK_ACCOUNT_NUMBER,29,38,591883121,,0.973937737941742,29,38,MASK,MASK
standard_dev,615,synthetic-00019943,key_value_accountlike_batch_v1,,,OVERMASKING,spurious_prediction,O,BUSINESS_ID,14,24,4722729152,,0.999087373415629,14,24,NONE,MASK
standard_dev,630,32998,,,,OVERMASKING,spurious_prediction,O,STREET_ADDRESS,414,453,"32 London Bridge St, London SE1 9SG, UK",,0.7843301066985497,414,453,NONE,MASK
standard_dev,633,34356,,,,SECURITY_CRITICAL_MISS,gold_span,API_KEY,O,764,800,5fa5Fde8b4B20CdFe8f32110fFE1ab6FBaCE,,,,,FULL_MASK,NONE
standard_dev,633,34356,,,,OVERMASKING,spurious_prediction,O,PERSON_NAME,200,209,YAN GROVE,,0.6007108211517334,200,209,NONE,FULL_MASK
standard_dev,647,35120,,,,SECURITY_CRITICAL_MISS,gold_span,PERSON_NAME,O,42,60,"Ortiz, Brown and P",,,,,FULL_MASK,NONE
standard_dev,647,35120,,,,SECURITY_CRITICAL_MISS,gold_span,PERSON_NAME,O,423,441,"Ortiz, Brown and P",,,,,FULL_MASK,NONE
standard_dev,647,35120,,,,SECURITY_CRITICAL_MISS,gold_span,PERSON_NAME,O,819,837,"Ortiz, Brown and P",,,,,FULL_MASK,NONE
standard_dev,647,35120,,,,SECURITY_CRITICAL_MISS,gold_span,PERSON_NAME,O,1151,1169,"Ortiz, Brown and P",,,,,FULL_MASK,NONE
standard_dev,649,41838,,,,SECURITY_CRITICAL_MISS,gold_span,PERSON_NAME,O,104,118,[Insurer Name],,,,,FULL_MASK,NONE
standard_dev,649,41838,,,,SECURITY_CRITICAL_MISS,gold_span,PERSON_NAME,O,1155,1169,[Insurer Name],,,,,FULL_MASK,NONE
standard_dev,649,41838,,,,SECURITY_CRITICAL_MISS,gold_span,PERSON_NAME,O,1736,1750,[Insurer Name],,,,,FULL_MASK,NONE
standard_dev,650,41403,,,,OVERMASKING,spurious_prediction,O,STREET_ADDRESS,368,372,", CA",,0.7579693496227264,368,372,NONE,MASK
standard_dev,656,synthetic-00005212,routing_number_free_b_v1,,,POLICY_SAFE_WRONG_CLASS,gold_span,ROUTING_NUMBER,BANK_ACCOUNT_NUMBER,29,38,130307660,,0.9803048133850097,29,38,MASK,MASK
standard_dev,678,synthetic-00001057,key_value_accountlike_batch_v1,,,OVERMASKING,spurious_prediction,O,BUSINESS_ID,14,24,1398986818,,0.9989324708779653,14,24,NONE,MASK
standard_dev,686,synthetic-00013458,routing_number_free_b_v1,,,POLICY_SAFE_WRONG_CLASS,gold_span,ROUTING_NUMBER,BANK_ACCOUNT_NUMBER,29,38,398473268,,0.9898285965124766,29,38,MASK,MASK
standard_dev,690,42446,,,,SECURITY_CRITICAL_PARTIAL,gold_span,STREET_ADDRESS,STREET_ADDRESS,945,991,"5323 Angela Center
Lake Christopherstad, 48966",,0.9437157682010106,945,984,MASK,MASK
standard_dev,693,34732,,,,OVERMASKING,spurious_prediction,O,BUSINESS_ID,559,563,-22-,,0.45448289314905804,559,563,NONE,MASK
standard_dev,705,synthetic-00009569,key_value_accountlike_batch_v1,,,OVERMASKING,spurious_prediction,O,BUSINESS_ID,14,25,15538316153,,0.9992759525775909,14,25,NONE,MASK
standard_dev,723,44087,,,,OVERMASKING,spurious_prediction,O,PERSON_NAME,59,65,123456,,0.8231483499209086,59,65,NONE,FULL_MASK
standard_dev,723,44087,,,,OVERMASKING,spurious_prediction,O,PERSON_NAME,800,806,Biagio,,0.5738906065622965,800,806,NONE,FULL_MASK
standard_dev,740,46635,,,,SECURITY_CRITICAL_MISS,gold_span,PERSON_NAME,O,68,90,[Partner Company Name],,,,,FULL_MASK,NONE
standard_dev,740,46635,,,,SECURITY_CRITICAL_MISS,gold_span,PERSON_NAME,O,215,237,[Partner Company Name],,,,,FULL_MASK,NONE
standard_dev,740,46635,,,,SECURITY_CRITICAL_MISS,gold_span,PERSON_NAME,O,476,498,[Partner Company Name],,,,,FULL_MASK,NONE
standard_dev,740,46635,,,,SECURITY_CRITICAL_MISS,gold_span,PERSON_NAME,O,1459,1481,[Partner Company Name],,,,,FULL_MASK,NONE
standard_dev,741,45460,,,,SECURITY_CRITICAL_PARTIAL,gold_span,IP_ADDRESS,IP_ADDRESS,359,398,8e15:89f0:ed37:db03:7840:888b:6e70:3225,,0.6123816967010498,361,363,MASK,MASK
standard_dev,741,45460,,,,SECURITY_CRITICAL_PARTIAL,gold_span,PERSON_NAME,PERSON_NAME,398,414,Arthur Owen Rose,,0.8394641478856405,399,417,FULL_MASK,FULL_MASK
standard_dev,741,45460,,,,SECURITY_CRITICAL_PARTIAL,gold_span,STREET_ADDRESS,STREET_ADDRESS,485,526,"691 Hernandez Motorway, 22187, Nicolebury",,0.7827346589830186,499,526,MASK,MASK
standard_dev,741,45460,,,,SECURITY_CRITICAL_PARTIAL,gold_span,STREET_ADDRESS,STREET_ADDRESS,627,668,"691 Hernandez Motorway, 22187, Nicolebury",,0.7841394543647766,641,668,MASK,MASK
standard_dev,741,45460,,,,SECURITY_CRITICAL_PARTIAL,gold_span,IP_ADDRESS,IP_ADDRESS,768,807,8e15:89f0:ed37:db03:7840:888b:6e70:3225,,0.993149705555128,776,807,MASK,MASK
standard_dev,741,45460,,,,SECURITY_CRITICAL_PARTIAL,gold_span,PERSON_NAME,PERSON_NAME,807,823,Arthur Owen Rose,,0.8891431242227554,808,823,FULL_MASK,FULL_MASK
standard_dev,753,42836,,,,SECURITY_CRITICAL_MISS,gold_span,PERSON_NAME,O,207,216,123456789,,,,,FULL_MASK,NONE
standard_dev,754,synthetic-00024630,routing_number_free_b_v1,,,POLICY_SAFE_WRONG_CLASS,gold_span,ROUTING_NUMBER,BANK_ACCOUNT_NUMBER,29,38,905014214,,0.9922834992408752,29,38,MASK,MASK
standard_dev,761,45010,,,,OVERMASKING,spurious_prediction,O,STREET_ADDRESS,109,141,123 Main St/Springfield/IL/62701,,0.7451238794760271,109,141,NONE,MASK
standard_dev,761,45010,,,,OVERMASKING,spurious_prediction,O,PERSON_NAME,147,148,J,,0.6386001706123352,147,148,NONE,FULL_MASK
standard_dev,761,45010,,,,OVERMASKING,spurious_prediction,O,STREET_ADDRESS,156,186,456 Park Ave/New York/NY/10017,,0.7442312935988108,156,186,NONE,MASK
standard_dev,761,45010,,,,OVERMASKING,spurious_prediction,O,STREET_ADDRESS,468,476,123 Main,,0.6375042796134949,468,476,NONE,MASK
standard_dev,761,45010,,,,OVERMASKING,spurious_prediction,O,STREET_ADDRESS,479,500,/Springfield/IL/62712,,0.687345840036869,479,500,NONE,MASK
standard_dev,761,45010,,,,OVERMASKING,spurious_prediction,O,STREET_ADDRESS,515,545,456 Park Ave/New York/NY/10017,,0.7499194741249084,515,545,NONE,MASK
standard_dev,779,4726,,,,SECURITY_CRITICAL_PARTIAL,gold_span,STREET_ADDRESS,STREET_ADDRESS,1205,1245,"4 Donnelly Pass, Apt. 3, London, NW1 7JL",,0.9613699714342753,1205,1228,MASK,MASK
standard_dev,809,synthetic-00012926,routing_number_free_b_v1,,,POLICY_SAFE_WRONG_CLASS,gold_span,ROUTING_NUMBER,BANK_ACCOUNT_NUMBER,29,38,125304966,,0.9619003931681315,29,38,MASK,MASK
standard_dev,822,37181,,,,SECURITY_CRITICAL_PARTIAL,gold_span,API_KEY,API_KEY,1233,1241,P8I8DCTV,,0.5012714266777039,1236,1241,FULL_MASK,FULL_MASK
standard_dev,835,44487,,,,SECURITY_CRITICAL_PARTIAL,gold_span,PERSON_NAME,PERSON_NAME,189,198,123456789,,0.6191277503967285,189,192,FULL_MASK,FULL_MASK
standard_dev,835,44487,,,,OVERMASKING,spurious_prediction,O,PHONE,1292,1306,1-800-123-4567,,0.9915000465181139,1292,1306,NONE,PARTIAL_MASK
standard_dev,837,synthetic-00015852,routing_number_free_b_v1,,,POLICY_SAFE_WRONG_CLASS,gold_span,ROUTING_NUMBER,BANK_ACCOUNT_NUMBER,29,38,147568227,,0.9586776296297709,29,38,MASK,MASK
standard_dev,838,49947,,,,OVERMASKING,spurious_prediction,O,STREET_ADDRESS,108,123,92791 Ryan Fall,,0.9972983002662659,108,123,NONE,MASK
standard_dev,840,38801,,,,SECURITY_CRITICAL_PARTIAL,gold_span,STREET_ADDRESS,STREET_ADDRESS,163,192,"123 Main Street, Anytown, USA",,0.5045251846313477,189,192,MASK,MASK
standard_dev,840,38801,,,,OVERMASKING,spurious_prediction,O,PERSON_NAME,460,461,W,,0.49919643998146057,460,461,NONE,FULL_MASK
standard_dev,846,51834,,,,SECURITY_CRITICAL_MISS,gold_span,STREET_ADDRESS,O,217,235,[Provider Address],,,,,MASK,NONE
standard_dev,846,51834,,,,SECURITY_CRITICAL_PARTIAL,gold_span,PHONE,PHONE,974,988,[Phone Number],,0.45200690627098083,974,975,PARTIAL_MASK,PARTIAL_MASK
standard_dev,846,51834,,,,OVERMASKING,spurious_prediction,O,STREET_ADDRESS,745,746,[,,0.5508987307548523,745,746,NONE,MASK
standard_dev,846,51834,,,,OVERMASKING,spurious_prediction,O,STREET_ADDRESS,757,762,dress,,0.5457521080970764,757,762,NONE,MASK
standard_dev,861,52366,,,,OVERMASKING,spurious_prediction,O,PERSON_NAME,69,72,Bal,,0.935167133808136,69,72,NONE,FULL_MASK
standard_dev,861,52366,,,,OVERMASKING,spurious_prediction,O,BUSINESS_ID,526,533,T789013,,0.588441789150238,526,533,NONE,MASK
standard_dev,870,37054,,,,SECURITY_CRITICAL_PARTIAL,gold_span,STREET_ADDRESS,STREET_ADDRESS,0,24,"123 Main St
Anytown, USA",,0.6435122489929199,0,3,MASK,MASK
standard_dev,870,37054,,,,SECURITY_CRITICAL_PARTIAL,gold_span,STREET_ADDRESS,STREET_ADDRESS,34,58,"123 Main St
Anytown, USA",,0.6331751942634583,34,37,MASK,MASK
standard_dev,882,synthetic-00004946,routing_number_free_b_v1,,,POLICY_SAFE_WRONG_CLASS,gold_span,ROUTING_NUMBER,BANK_ACCOUNT_NUMBER,29,38,039801335,,0.9868035435676574,29,38,MASK,MASK
standard_dev,891,42745,,,,OVERMASKING,spurious_prediction,O,PERSON_NAME,91,100,123456789,,0.8136249482631683,91,100,NONE,FULL_MASK
standard_dev,893,synthetic-00010899,key_value_accountlike_batch_v1,,,OVERMASKING,spurious_prediction,O,BUSINESS_ID,14,26,942323617896,,0.9992305263876915,14,26,NONE,MASK
standard_dev,894,synthetic-00003185,key_value_accountlike_batch_v1,,,OVERMASKING,spurious_prediction,O,BUSINESS_ID,14,27,4316785984440,,0.9993414481480917,14,27,NONE,MASK
standard_dev,898,38,,,,SECURITY_CRITICAL_PARTIAL,gold_span,STREET_ADDRESS,STREET_ADDRESS,1507,1545,"Lidingövägen 1, 181 42 Lidingö, Sweden",,0.8665295988321304,1507,1522,MASK,MASK
standard_dev,912,48410,,,,SECURITY_CRITICAL_MISS,gold_span,PERSON_NAME,O,65,74,234567890,,,,,FULL_MASK,NONE
standard_dev,912,48410,,,,OVERMASKING,spurious_prediction,O,STREET_ADDRESS,172,203,"599 Elizabeth Key, Kevinchester",,0.9874640277453831,172,203,NONE,MASK
standard_dev,915,37585,,,,SECURITY_CRITICAL_MISS,gold_span,PERSON_NAME,O,481,489,Fernanda,,,,,FULL_MASK,NONE
standard_dev,923,41614,,,,SECURITY_CRITICAL_MISS,gold_span,IP_ADDRESS,O,85,97,200.99.32.15,,,,,MASK,NONE
standard_dev,923,41614,,,,SECURITY_CRITICAL_MISS,gold_span,IP_ADDRESS,O,313,325,200.99.32.15,,,,,MASK,NONE
standard_dev,923,41614,,,,SECURITY_CRITICAL_MISS,gold_span,IP_ADDRESS,O,535,547,200.99.32.15,,,,,MASK,NONE
standard_dev,923,41614,,,,OVERMASKING,spurious_prediction,O,PERSON_NAME,514,515,J,,0.5991629958152771,514,515,NONE,FULL_MASK
standard_dev,930,synthetic-00005313,key_value_accountlike_batch_v1,,,OVERMASKING,spurious_prediction,O,BUSINESS_ID,14,26,728157066250,,0.9993152990937233,14,26,NONE,MASK
standard_dev,947,52186,,,,OVERMASKING,spurious_prediction,O,PERSON_NAME,1168,1169,1,,0.6376638412475586,1168,1169,NONE,FULL_MASK
standard_dev,947,52186,,,,OVERMASKING,spurious_prediction,O,PERSON_NAME,1182,1183,2,,0.6198471784591675,1182,1183,NONE,FULL_MASK
standard_dev,952,25644,,,,SECURITY_CRITICAL_MISS,gold_span,PERSON_NAME,O,40,43,Ove,,,,,FULL_MASK,NONE
standard_dev,960,37723,,,,SECURITY_CRITICAL_PARTIAL,gold_span,STREET_ADDRESS,STREET_ADDRESS,207,243,"1234 Main Street
London, EC1A 1AA
UK",,0.5963373283545176,230,240,MASK,MASK
standard_dev,960,37723,,,,SECURITY_CRITICAL_MISS,gold_span,STREET_ADDRESS,O,552,588,"1234 Main Street
London, EC1A 1AA
UK",,,,,MASK,NONE
standard_dev,975,synthetic-00014623,key_value_accountlike_batch_v1,,,OVERMASKING,spurious_prediction,O,BUSINESS_ID,14,26,310715125208,,0.9991890788078308,14,26,NONE,MASK
standard_dev,981,50103,,,,OVERMASKING,spurious_prediction,O,PERSON_NAME,1485,1491,Joland,,0.9904515445232391,1485,1491,NONE,FULL_MASK
standard_dev,984,synthetic-00008404,routing_number_free_b_v1,,,POLICY_SAFE_WRONG_CLASS,gold_span,ROUTING_NUMBER,BANK_ACCOUNT_NUMBER,29,38,254277184,,0.7148191690444946,29,38,MASK,MASK
standard_dev,986,synthetic-00009835,key_value_accountlike_batch_v1,,,OVERMASKING,spurious_prediction,O,BUSINESS_ID,14,27,0741688113469,,0.9993875953886244,14,27,NONE,MASK
standard_dev,994,49521,,,,SECURITY_CRITICAL_MISS,gold_span,DOB,O,79,89,2021-12-26,,,,,MASK,NONE
standard_dev,999,synthetic-00008936,routing_number_free_b_v1,,,POLICY_SAFE_WRONG_CLASS,gold_span,ROUTING_NUMBER,BANK_ACCOUNT_NUMBER,29,38,076248647,,0.9641441106796265,29,38,MASK,MASK
standard_dev,1010,37347,,,,SECURITY_CRITICAL_PARTIAL,gold_span,DOB,DOB,320,330,MM/DD/YYYY,,0.5627058446407318,321,323,MASK,MASK
standard_dev,1023,synthetic-00002552,routing_number_free_b_v1,,,POLICY_SAFE_WRONG_CLASS,gold_span,ROUTING_NUMBER,BANK_ACCOUNT_NUMBER,29,38,886583482,,0.9737683236598969,29,38,MASK,MASK
standard_dev,1058,32485,,,,SECURITY_CRITICAL_MISS,gold_span,STREET_ADDRESS,O,1851,1872,[contact information],,,,,MASK,NONE
standard_dev,1058,32485,,,,SECURITY_CRITICAL_MISS,gold_span,STREET_ADDRESS,O,2288,2309,[contact information],,,,,MASK,NONE
standard_dev,1059,synthetic-00003451,key_value_accountlike_batch_v1,,,OVERMASKING,spurious_prediction,O,BUSINESS_ID,14,28,39294270215013,,0.9979819570268903,14,28,NONE,MASK
standard_dev,1061,synthetic-00021778,auth_token_xml_v1,,,SECURITY_CRITICAL_PARTIAL,gold_span,AUTH_TOKEN,AUTH_TOKEN,69,121,tok_5YDEPbzaZlBl0AXPcE9arZ9VZmwtDHWSdFYxUcfmtYpS_5z_,,0.9995041191577911,69,120,FULL_MASK,FULL_MASK
standard_dev,1080,synthetic-00012660,routing_number_free_b_v1,,,POLICY_SAFE_WRONG_CLASS,gold_span,ROUTING_NUMBER,BANK_ACCOUNT_NUMBER,29,38,639517566,,0.9789539376894633,29,38,MASK,MASK
standard_dev,1088,synthetic-00020209,key_value_accountlike_batch_v1,,,OVERMASKING,spurious_prediction,O,BUSINESS_ID,14,25,51882818606,,0.9992459671837943,14,25,NONE,MASK
standard_dev,1090,synthetic-00008771,key_value_accountlike_batch_v1,,,OVERMASKING,spurious_prediction,O,BUSINESS_ID,14,24,1084399016,,0.9988700389862061,14,24,NONE,MASK
standard_dev,1103,synthetic-00010798,routing_number_free_b_v1,,,POLICY_SAFE_WRONG_CLASS,gold_span,ROUTING_NUMBER,BANK_ACCOUNT_NUMBER,29,38,448487890,,0.9900183280309042,29,38,MASK,MASK
standard_dev,1126,synthetic-00007707,key_value_accountlike_batch_v1,,,OVERMASKING,spurious_prediction,O,BUSINESS_ID,14,24,5021192505,,0.9992192288239797,14,24,NONE,MASK
standard_dev,1155,synthetic-00018613,key_value_accountlike_batch_v1,,,OVERMASKING,spurious_prediction,O,BUSINESS_ID,14,28,55416610364721,,0.9982134476304054,14,28,NONE,MASK
standard_dev,1161,41808,,,,SECURITY_CRITICAL_PARTIAL,gold_span,STREET_ADDRESS,STREET_ADDRESS,266,283,[Company Address],,0.7158036231994629,266,267,MASK,MASK
standard_dev,1173,synthetic-00013990,routing_number_free_b_v1,,,POLICY_SAFE_WRONG_CLASS,gold_span,ROUTING_NUMBER,BANK_ACCOUNT_NUMBER,29,38,499491385,,0.9940819484846932,29,38,MASK,MASK
standard_dev,1195,synthetic-00001855,key_value_accountlike_batch_v1,,,OVERMASKING,spurious_prediction,O,BUSINESS_ID,14,25,03347424631,,0.9989495972792307,14,25,NONE,MASK
standard_dev,1204,synthetic-00017448,routing_number_free_b_v1,,,POLICY_SAFE_WRONG_CLASS,gold_span,ROUTING_NUMBER,BANK_ACCOUNT_NUMBER,29,38,787577267,,0.9904090861479441,29,38,MASK,MASK
standard_dev,1211,synthetic-00010367,key_value_accountlike_batch_v1,,,OVERMASKING,spurious_prediction,O,BUSINESS_ID,14,28,50264187238969,,0.9993435800075531,14,28,NONE,MASK
standard_dev,1223,synthetic-00006010,routing_number_free_b_v1,,,POLICY_SAFE_WRONG_CLASS,gold_span,ROUTING_NUMBER,BANK_ACCOUNT_NUMBER,29,38,127760663,,0.9917510052522024,29,38,MASK,MASK
standard_dev,1239,synthetic-00006909,key_value_accountlike_batch_v1,,,OVERMASKING,spurious_prediction,O,BUSINESS_ID,14,26,084765205622,,0.9991746885435921,14,26,NONE,MASK
standard_dev,1242,synthetic-00014522,routing_number_free_b_v1,,,POLICY_SAFE_WRONG_CLASS,gold_span,ROUTING_NUMBER,BANK_ACCOUNT_NUMBER,29,38,934221379,,0.9242950797080993,29,38,MASK,MASK
standard_dev,1246,synthetic-00016118,routing_number_free_b_v1,,,POLICY_SAFE_WRONG_CLASS,gold_span,ROUTING_NUMBER,BANK_ACCOUNT_NUMBER,29,38,367525516,,0.9933812737464904,29,38,MASK,MASK
standard_dev,1247,22020,,,,OVERMASKING,spurious_prediction,O,DOB,473,483,11/23/1978,,0.9383008003234863,473,483,NONE,MASK
standard_dev,1247,22020,,,,OVERMASKING,spurious_prediction,O,STREET_ADDRESS,527,539,75 Page Loop,,0.981694221496582,527,539,NONE,MASK
standard_dev,1250,synthetic-00008239,key_value_accountlike_batch_v1,,,OVERMASKING,spurious_prediction,O,BUSINESS_ID,14,27,2699519132058,,0.9993766943613688,14,27,NONE,MASK
standard_dev,1259,54351,,,,SECURITY_CRITICAL_MISS,gold_span,STREET_ADDRESS,O,1710,1731,[contact information],,,,,MASK,NONE
standard_dev,1259,54351,,,,SECURITY_CRITICAL_MISS,gold_span,STREET_ADDRESS,O,2172,2193,[contact information],,,,,MASK,NONE
standard_dev,1260,synthetic-00024896,routing_number_free_b_v1,,,POLICY_SAFE_WRONG_CLASS,gold_span,ROUTING_NUMBER,BANK_ACCOUNT_NUMBER,29,38,184319248,,0.9600994437932968,29,38,MASK,MASK
standard_dev,1268,synthetic-00015586,routing_number_free_b_v1,,,POLICY_SAFE_WRONG_CLASS,gold_span,ROUTING_NUMBER,BANK_ACCOUNT_NUMBER,29,38,696474396,,0.766546348730723,29,38,MASK,MASK
standard_dev,1282,synthetic-00016650,routing_number_free_b_v1,,,POLICY_SAFE_WRONG_CLASS,gold_span,ROUTING_NUMBER,BANK_ACCOUNT_NUMBER,29,38,625362123,,0.9941078424453735,29,38,MASK,MASK
standard_dev,1284,synthetic-00018246,routing_number_free_b_v1,,,POLICY_SAFE_WRONG_CLASS,gold_span,ROUTING_NUMBER,BANK_ACCOUNT_NUMBER,29,38,128830974,,0.9957500894864401,29,38,MASK,MASK
standard_dev,1301,synthetic-00005845,key_value_accountlike_batch_v1,,,OVERMASKING,spurious_prediction,O,BUSINESS_ID,14,28,65038410195992,,0.9995013607872857,14,28,NONE,MASK
standard_dev,1307,38107,,,,SECURITY_CRITICAL_MISS,gold_span,PHONE,O,328,340,987-654-3210,,,,,PARTIAL_MASK,NONE
standard_dev,1307,38107,,,,SECURITY_CRITICAL_MISS,gold_span,PHONE,O,615,627,789-456-1230,,,,,PARTIAL_MASK,NONE
standard_dev,1307,38107,,,,SECURITY_CRITICAL_MISS,gold_span,PHONE,O,892,904,987-321-7650,,,,,PARTIAL_MASK,NONE
standard_dev,1307,38107,,,,OVERMASKING,spurious_prediction,O,PERSON_NAME,150,154,John,,0.686810314655304,150,154,NONE,FULL_MASK
standard_dev,1307,38107,,,,OVERMASKING,spurious_prediction,O,PERSON_NAME,434,439,Emily,,0.5873098969459534,434,439,NONE,FULL_MASK
standard_dev,1307,38107,,,,OVERMASKING,spurious_prediction,O,PERSON_NAME,442,449,Johnson,,0.5633630752563477,442,449,NONE,FULL_MASK
standard_dev,1308,36231,,,,SECURITY_CRITICAL_PARTIAL,gold_span,STREET_ADDRESS,STREET_ADDRESS,103,125,692 Elizabeth Motorway,,0.6362169086933136,105,125,MASK,MASK
standard_dev,1323,synthetic-00020640,routing_number_free_b_v1,,,POLICY_SAFE_WRONG_CLASS,gold_span,ROUTING_NUMBER,BANK_ACCOUNT_NUMBER,29,38,152880495,,0.990952730178833,29,38,MASK,MASK
standard_dev,1339,synthetic-00007752,ssn_free_b_v1,,,SECURITY_CRITICAL_PARTIAL,gold_span,SSN,SSN,15,26,859-70-6110,,0.5473155379295349,15,17,MASK_LAST4,MASK_LAST4
standard_dev,1341,synthetic-00010101,key_value_accountlike_batch_v1,,,OVERMASKING,spurious_prediction,O,BUSINESS_ID,14,24,2268540277,,0.9987541933854421,14,24,NONE,MASK
standard_dev,1357,synthetic-00015054,routing_number_free_b_v1,,,POLICY_SAFE_WRONG_CLASS,gold_span,ROUTING_NUMBER,BANK_ACCOUNT_NUMBER,29,38,760981294,,0.9947288433710734,29,38,MASK,MASK
standard_dev,1366,synthetic-00010532,routing_number_free_b_v1,,,POLICY_SAFE_WRONG_CLASS,gold_span,ROUTING_NUMBER,BANK_ACCOUNT_NUMBER,29,38,469625123,,0.9975236157576243,29,38,MASK,MASK
standard_dev,1367,14293,,,,OVERMASKING,spurious_prediction,O,BUSINESS_ID,190,191,5,,0.4636416435241699,190,191,NONE,MASK
standard_dev,1368,synthetic-00001323,key_value_accountlike_batch_v1,,,OVERMASKING,spurious_prediction,O,BUSINESS_ID,14,27,0511579423873,,0.9994348155127631,14,27,NONE,MASK
standard_dev,1396,55511,,,,SECURITY_CRITICAL_PARTIAL,gold_span,DOB,DOB,108,129,[Enter Date of Birth],,0.5770553350448608,108,111,MASK,MASK
standard_dev,1396,55511,,,,OVERMASKING,spurious_prediction,O,STREET_ADDRESS,437,465,"7845 Elgin Street, Cityville",,0.8915013500622341,437,465,NONE,MASK
standard_dev,1399,synthetic-00004414,routing_number_free_b_v1,,,POLICY_SAFE_WRONG_CLASS,gold_span,ROUTING_NUMBER,BANK_ACCOUNT_NUMBER,29,38,901120364,,0.9911088824272156,29,38,MASK,MASK
standard_dev,1429,32958,,,,OVERMASKING,spurious_prediction,O,STREET_ADDRESS,221,250,"1456 Park Lane
City, State, Z",,0.7058949867884318,221,250,NONE,MASK
standard_dev,1430,synthetic-00015421,key_value_accountlike_batch_v1,,,OVERMASKING,spurious_prediction,O,BUSINESS_ID,14,27,4386975183809,,0.9992754757404327,14,27,NONE,MASK
standard_dev,1442,32918,,,,OVERMASKING,spurious_prediction,O,STREET_ADDRESS,591,600,Laurabury,,0.5308787226676941,591,600,NONE,MASK
standard_dev,1443,50198,,,,OVERMASKING,spurious_prediction,O,PERSON_NAME,127,142,ALONSO GARGALLO,,0.9418991282582283,127,142,NONE,FULL_MASK
standard_dev,1443,50198,,,,OVERMASKING,spurious_prediction,O,STREET_ADDRESS,162,163,",",,0.5483237504959106,162,163,NONE,MASK
standard_dev,1443,50198,,,,OVERMASKING,spurious_prediction,O,STREET_ADDRESS,167,183,"79, GUTIERREZTON",,0.6112927957014604,167,183,NONE,MASK
standard_dev,1443,50198,,,,OVERMASKING,spurious_prediction,O,PERSON_NAME,366,381,ALONSO GARGALLO,,0.9361588209867477,366,381,NONE,FULL_MASK
standard_dev,1443,50198,,,,OVERMASKING,spurious_prediction,O,STREET_ADDRESS,406,411,"79, G",,0.560927152633667,406,411,NONE,MASK
standard_dev,1450,50440,,,,SECURITY_CRITICAL_PARTIAL,gold_span,EMAIL,PERSON_NAME,133,153,Peggy.Seip@email.com,,0.5178284049034119,133,138,PARTIAL_MASK,FULL_MASK
standard_dev,1462,synthetic-00018778,routing_number_free_b_v1,,,POLICY_SAFE_WRONG_CLASS,gold_span,ROUTING_NUMBER,BANK_ACCOUNT_NUMBER,29,38,195701450,,0.9303311109542847,29,38,MASK,MASK
standard_dev,1476,45705,,,,SECURITY_CRITICAL_PARTIAL,gold_span,EMAIL,EMAIL,229,268,[trevor.wilson-pritchard@hughesllc.com],,0.9931352635224661,230,267,PARTIAL_MASK,PARTIAL_MASK
standard_dev,1476,45705,,,,OVERMASKING,spurious_prediction,O,STREET_ADDRESS,178,182,Code,,0.6532472968101501,178,182,NONE,MASK
standard_dev,1479,synthetic-00021805,key_value_accountlike_batch_v1,,,OVERMASKING,spurious_prediction,O,BUSINESS_ID,14,26,162308317693,,0.9994694367051125,14,26,NONE,MASK
standard_dev,1490,synthetic-00021318,ssn_free_b_v1,,,POLICY_SAFE_WRONG_CLASS,gold_span,SSN,ITIN,15,26,755-91-6616,,0.7535382083484105,15,26,MASK_LAST4,MASK
standard_dev,1494,52342,,,,SECURITY_CRITICAL_MISS,gold_span,PERSON_NAME,O,2649,2655,Martin,,,,,FULL_MASK,NONE
standard_dev,1498,synthetic-00011963,key_value_accountlike_batch_v1,,,OVERMASKING,spurious_prediction,O,BUSINESS_ID,14,27,3366357209944,,0.999467757013109,14,27,NONE,MASK
standard_dev,1500,35035,,,,SECURITY_CRITICAL_MISS,gold_span,SWIFT_BIC,O,0,11,MMGIUSAL898,,,,,MASK,NONE
standard_dev,1500,35035,,,,SECURITY_CRITICAL_PARTIAL,gold_span,STREET_ADDRESS,STREET_ADDRESS,79,97,363 Fisher Springs,,0.9439472258090973,79,82,MASK,MASK
standard_dev,1500,35035,,,,SECURITY_CRITICAL_MISS,gold_span,SWIFT_BIC,O,150,161,MMGIUSAL898,,,,,MASK,NONE
standard_dev,1523,36699,,,,OVERMASKING,spurious_prediction,O,PERSON_NAME,541,544,Mr.,,0.7189729809761047,541,544,NONE,FULL_MASK
standard_dev,1523,36699,,,,OVERMASKING,spurious_prediction,O,ROUTING_NUMBER,905,915,3232323232,,0.6397212266921997,905,915,NONE,MASK
standard_dev,1523,36699,,,,OVERMASKING,spurious_prediction,O,PERSON_NAME,934,937,Mr.,,0.8467797636985779,934,937,NONE,FULL_MASK
standard_dev,1523,36699,,,,OVERMASKING,spurious_prediction,O,SWIFT_BIC,992,1002,TKAOUSHI75,,0.9925063252449036,992,1002,NONE,MASK
standard_dev,1535,32752,,,,OVERMASKING,spurious_prediction,O,BUSINESS_ID,55,61,D87321,,0.6992212414741517,55,61,NONE,MASK
standard_dev,1535,32752,,,,OVERMASKING,spurious_prediction,O,BUSINESS_ID,62,81,9-0F2A-4A3C-A0C1-12,,0.6059300601482391,62,81,NONE,MASK
standard_dev,1535,32752,,,,OVERMASKING,spurious_prediction,O,BUSINESS_ID,82,84,51,,0.5926265120506287,82,84,NONE,MASK
standard_dev,1535,32752,,,,OVERMASKING,spurious_prediction,O,BUSINESS_ID,85,86,0,,0.5394277572631836,85,86,NONE,MASK
standard_dev,1535,32752,,,,OVERMASKING,spurious_prediction,O,BUSINESS_ID,87,88,0,,0.5073087215423584,87,88,NONE,MASK
standard_dev,1535,32752,,,,OVERMASKING,spurious_prediction,O,PERSON_NAME,97,101,ocha,,0.6383431255817413,97,101,NONE,FULL_MASK
standard_dev,1550,synthetic-00024997,key_value_accountlike_batch_v1,,,OVERMASKING,spurious_prediction,O,BUSINESS_ID,14,24,0235272755,,0.9985934376716614,14,24,NONE,MASK
standard_dev,1584,synthetic-00021438,routing_number_free_b_v1,,,POLICY_SAFE_WRONG_CLASS,gold_span,ROUTING_NUMBER,BANK_ACCOUNT_NUMBER,29,38,229617708,,0.9629210948944091,29,38,MASK,MASK
standard_dev,1589,synthetic-00019044,routing_number_free_b_v1,,,POLICY_SAFE_WRONG_CLASS,gold_span,ROUTING_NUMBER,BANK_ACCOUNT_NUMBER,29,38,485622951,,0.9744018812974294,29,38,MASK,MASK
standard_dev,1592,synthetic-00004148,routing_number_free_b_v1,,,POLICY_SAFE_WRONG_CLASS,gold_span,ROUTING_NUMBER,BANK_ACCOUNT_NUMBER,29,38,281689606,,0.9584738612174988,29,38,MASK,MASK
standard_dev,1615,synthetic-00000158,routing_number_free_b_v1,,,POLICY_SAFE_WRONG_CLASS,gold_span,ROUTING_NUMBER,BANK_ACCOUNT_NUMBER,29,38,374740740,,0.9739034056663514,29,38,MASK,MASK
standard_dev,1617,synthetic-00019411,key_value_accountlike_batch_v1,,,OVERMASKING,spurious_prediction,O,BUSINESS_ID,14,26,738949116196,,0.9994006355603536,14,26,NONE,MASK
standard_dev,1641,44346,,,,SECURITY_CRITICAL_MISS,gold_span,STREET_ADDRESS,O,354,376,[Your Company Address],,,,,MASK,NONE
standard_dev,1641,44346,,,,OVERMASKING,spurious_prediction,O,PERSON_NAME,123,133,party Name,,0.5421070655186971,123,133,NONE,FULL_MASK
standard_dev,1641,44346,,,,OVERMASKING,spurious_prediction,O,STREET_ADDRESS,210,231,[Counterparty Address,,0.5906654000282288,210,231,NONE,MASK
standard_dev,1641,44346,,,,OVERMASKING,spurious_prediction,O,STREET_ADDRESS,1236,1237,[,,0.8655730485916138,1236,1237,NONE,MASK
standard_dev,1641,44346,,,,OVERMASKING,spurious_prediction,O,STREET_ADDRESS,1244,1258,party Address],,0.7121441721916199,1244,1258,NONE,MASK
standard_dev,1645,synthetic-00016219,key_value_accountlike_batch_v1,,,OVERMASKING,spurious_prediction,O,BUSINESS_ID,14,24,5073926854,,0.999313507761274,14,24,NONE,MASK
standard_dev,1650,53467,,,,SECURITY_CRITICAL_PARTIAL,gold_span,API_KEY,SWIFT_BIC,158,166,P8URY9LK,,0.5849657654762268,158,159,FULL_MASK,MASK
standard_dev,1650,53467,,,,SECURITY_CRITICAL_PARTIAL,gold_span,PERSON_NAME,PERSON_NAME,922,934,Leslie Walls,,0.9193477630615234,922,928,FULL_MASK,FULL_MASK
standard_dev,1668,37239,,,,SECURITY_CRITICAL_PARTIAL,gold_span,PERSON_NAME,PERSON_NAME,209,224,"**

- **Laurent",,0.8334155082702637,217,224,FULL_MASK,FULL_MASK
standard_dev,1668,37239,,,,SECURITY_CRITICAL_PARTIAL,gold_span,PERSON_NAME,PERSON_NAME,374,389,"**

- **Laurent",,0.9256877899169922,382,389,FULL_MASK,FULL_MASK
standard_dev,1668,37239,,,,SECURITY_CRITICAL_PARTIAL,gold_span,PERSON_NAME,PERSON_NAME,518,533,"**

- **Laurent",,0.9616690278053284,526,533,FULL_MASK,FULL_MASK
standard_dev,1668,37239,,,,SECURITY_CRITICAL_MISS,gold_span,SWIFT_BIC,O,1229,1240,LOVNGBEC588,,,,,MASK,NONE
standard_dev,1668,37239,,,,OVERMASKING,spurious_prediction,O,PERSON_NAME,93,113,Laurent Martel-73361,,0.8734491041728428,93,113,NONE,FULL_MASK
standard_dev,1675,synthetic-00001222,routing_number_free_b_v1,,,POLICY_SAFE_WRONG_CLASS,gold_span,ROUTING_NUMBER,BANK_ACCOUNT_NUMBER,29,38,531949795,,0.8516221642494202,29,38,MASK,MASK
standard_dev,1689,45610,,,,SECURITY_CRITICAL_PARTIAL,gold_span,PERSON_NAME,PERSON_NAME,365,376,"Smith, John",,0.7712309956550598,365,370,FULL_MASK,FULL_MASK
standard_dev,1693,synthetic-00010266,routing_number_free_b_v1,,,POLICY_SAFE_WRONG_CLASS,gold_span,ROUTING_NUMBER,BANK_ACCOUNT_NUMBER,29,38,240057350,,0.9940912822882334,29,38,MASK,MASK
standard_dev,1711,synthetic-00016916,routing_number_free_b_v1,,,POLICY_SAFE_WRONG_CLASS,gold_span,ROUTING_NUMBER,BANK_ACCOUNT_NUMBER,29,38,920490017,,0.9571670393149058,29,38,MASK,MASK
standard_dev,1725,48337,,,,POLICY_SAFE_WRONG_CLASS,gold_span,PERSON_NAME,STREET_ADDRESS,128,138,Amy Stream,,0.8760980027062553,124,155,FULL_MASK,MASK
standard_dev,1725,48337,,,,SECURITY_CRITICAL_MISS,gold_span,PHONE,O,189,201,123-456-7890,,,,,PARTIAL_MASK,NONE
standard_dev,1726,6925,,,,SECURITY_CRITICAL_PARTIAL,gold_span,STREET_ADDRESS,STREET_ADDRESS,1941,1960,"Incrocio Oliboni, 8",,0.6648807781083244,1941,1957,MASK,MASK
standard_dev,1740,synthetic-00021970,routing_number_free_b_v1,,,POLICY_SAFE_WRONG_CLASS,gold_span,ROUTING_NUMBER,BANK_ACCOUNT_NUMBER,29,38,881951776,,0.8924912015597025,29,38,MASK,MASK
standard_dev,1742,synthetic-00024465,key_value_accountlike_batch_v1,,,OVERMASKING,spurious_prediction,O,BUSINESS_ID,14,28,55026507921895,,0.9992368817329407,14,28,NONE,MASK
standard_dev,1756,synthetic-00020741,key_value_accountlike_batch_v1,,,OVERMASKING,spurious_prediction,O,BUSINESS_ID,14,26,196998519849,,0.9994610548019409,14,26,NONE,MASK
standard_dev,1768,37315,,,,SECURITY_CRITICAL_PARTIAL,gold_span,EMAIL,EMAIL,633,658,up-to-567890@email.comate,,0.7152335345745087,639,658,PARTIAL_MASK,PARTIAL_MASK
standard_dev,1771,synthetic-00018512,routing_number_free_b_v1,,,POLICY_SAFE_WRONG_CLASS,gold_span,ROUTING_NUMBER,BANK_ACCOUNT_NUMBER,29,38,672546617,,0.9373090028762817,29,38,MASK,MASK
standard_dev,1772,28056,,,,SECURITY_CRITICAL_MISS,gold_span,STREET_ADDRESS,O,257,264,address,,,,,MASK,NONE
standard_dev,1776,55496,,,,OVERMASKING,spurious_prediction,O,PERSON_NAME,408,418,Gomez-Hill,,0.932680090268453,408,418,NONE,FULL_MASK
standard_dev,1795,47840,,,,SECURITY_CRITICAL_PARTIAL,gold_span,PERSON_NAME,PERSON_NAME,1977,2010,Winfried Frank-Michael Vollbrecht,,0.9211006164550781,1971,1985,FULL_MASK,FULL_MASK
standard_dev,1799,synthetic-00013027,key_value_accountlike_batch_v1,,,OVERMASKING,spurious_prediction,O,BUSINESS_ID,14,24,4835738275,,0.9991743067900339,14,24,NONE,MASK
standard_dev,1810,synthetic-00011697,key_value_accountlike_batch_v1,,,OVERMASKING,spurious_prediction,O,BUSINESS_ID,14,27,6525386306315,,0.9993757605552673,14,27,NONE,MASK
standard_dev,1824,synthetic-00007872,routing_number_free_b_v1,,,POLICY_SAFE_WRONG_CLASS,gold_span,ROUTING_NUMBER,BANK_ACCOUNT_NUMBER,29,38,617464877,,0.9926779866218567,29,38,MASK,MASK
standard_dev,1841,39607,,,,SECURITY_CRITICAL_PARTIAL,gold_span,PERSON_NAME,PERSON_NAME,219,228,123456789,,0.5252101063728333,219,227,FULL_MASK,FULL_MASK
standard_dev,1853,synthetic-00023135,key_value_accountlike_batch_v1,,,OVERMASKING,spurious_prediction,O,BUSINESS_ID,14,27,9260197226932,,0.9992975369095802,14,27,NONE,MASK
standard_dev,1862,54559,,,,OVERMASKING,spurious_prediction,O,STREET_ADDRESS,177,195,South Crystalshire,,0.7795052528381348,177,195,NONE,MASK
standard_dev,1863,synthetic-00002121,key_value_accountlike_batch_v1,,,OVERMASKING,spurious_prediction,O,BUSINESS_ID,14,27,2345653869479,,0.9992132112383842,14,27,NONE,MASK
standard_dev,1865,synthetic-00001488,routing_number_free_b_v1,,,POLICY_SAFE_WRONG_CLASS,gold_span,ROUTING_NUMBER,BANK_ACCOUNT_NUMBER,29,38,730362791,,0.9910240769386292,29,38,MASK,MASK
standard_dev,1869,synthetic-00003717,key_value_accountlike_batch_v1,,,OVERMASKING,spurious_prediction,O,BUSINESS_ID,14,25,91584647256,,0.9992239219801766,14,25,NONE,MASK
standard_dev,1875,54925,,,,OVERMASKING,spurious_prediction,O,STREET_ADDRESS,483,491,DE 12345,,0.658807655175527,483,491,NONE,MASK
standard_dev,1876,synthetic-00003983,key_value_accountlike_batch_v1,,,OVERMASKING,spurious_prediction,O,BUSINESS_ID,14,28,74767666091919,,0.9993634700775147,14,28,NONE,MASK
standard_dev,1899,37762,,,,OVERMASKING,spurious_prediction,O,STREET_ADDRESS,109,119,214 Atkins,,0.9603981375694275,109,119,NONE,MASK
standard_dev,1904,39092,,,,OVERMASKING,spurious_prediction,O,PERSON_NAME,1582,1591,Francesco,,0.9779876470565796,1582,1591,NONE,FULL_MASK
standard_dev,1909,50332,,,,SECURITY_CRITICAL_PARTIAL,gold_span,PERSON_NAME,PERSON_NAME,56,75,"Monet, Claude Oscar",,0.9868091642856598,56,61,FULL_MASK,FULL_MASK
standard_dev,1909,50332,,,,SECURITY_CRITICAL_PARTIAL,gold_span,PERSON_NAME,PERSON_NAME,330,344,"Picasso, Pablo",,0.6270682215690613,330,337,FULL_MASK,FULL_MASK
standard_dev,1909,50332,,,,SECURITY_CRITICAL_PARTIAL,gold_span,PERSON_NAME,PERSON_NAME,575,588,Pablo Picasso,,0.8466652035713196,575,580,FULL_MASK,FULL_MASK
standard_dev,1909,50332,,,,SECURITY_CRITICAL_PARTIAL,gold_span,PERSON_NAME,PERSON_NAME,594,606,"Warhol, Andy",,0.7851239740848541,594,600,FULL_MASK,FULL_MASK
standard_dev,1909,50332,,,,OVERMASKING,spurious_prediction,O,PERSON_NAME,345,346,-,,0.532058596611023,345,346,NONE,FULL_MASK
standard_dev,1910,synthetic-00000259,key_value_accountlike_batch_v1,,,OVERMASKING,spurious_prediction,O,BUSINESS_ID,14,27,0127706324241,,0.998468918459756,14,27,NONE,MASK
standard_dev,1915,synthetic-00011431,key_value_accountlike_batch_v1,,,OVERMASKING,spurious_prediction,O,BUSINESS_ID,14,26,703414247993,,0.999383956193924,14,26,NONE,MASK
standard_dev,1922,44345,,,,OVERMASKING,spurious_prediction,O,PERSON_NAME,294,299,Hicks,,0.6851425766944885,294,299,NONE,FULL_MASK
standard_dev,1924,33492,,,,SECURITY_CRITICAL_MISS,gold_span,PERSON_NAME,O,76,98,OTTOMAR FINKE-GUMPRICH,,,,,FULL_MASK,NONE
standard_dev,1959,synthetic-00021704,routing_number_free_b_v1,,,POLICY_SAFE_WRONG_CLASS,gold_span,ROUTING_NUMBER,BANK_ACCOUNT_NUMBER,29,38,204421964,,0.8949499875307083,29,38,MASK,MASK
standard_dev,1968,49737,,,,SECURITY_CRITICAL_PARTIAL,gold_span,BUSINESS_ID,BUSINESS_ID,22,32,Z806278-Np,,0.7181203722953796,22,29,MASK,MASK
standard_dev,1968,49737,,,,SECURITY_CRITICAL_PARTIAL,gold_span,PHONE,ROUTING_NUMBER,150,160,7703470472,,0.6220045685768127,150,152,PARTIAL_MASK,MASK
standard_dev,1979,synthetic-00018879,key_value_accountlike_batch_v1,,,OVERMASKING,spurious_prediction,O,BUSINESS_ID,14,27,8560677909687,,0.9994864761829376,14,27,NONE,MASK
standard_dev,1980,synthetic-00000956,routing_number_free_b_v1,,,POLICY_SAFE_WRONG_CLASS,gold_span,ROUTING_NUMBER,BANK_ACCOUNT_NUMBER,29,38,129109332,,0.6840361952781677,29,38,MASK,MASK
standard_dev,1989,synthetic-00004249,key_value_accountlike_batch_v1,,,OVERMASKING,spurious_prediction,O,BUSINESS_ID,14,26,716826111476,,0.9994147643446922,14,26,NONE,MASK
standard_dev,1993,synthetic-00016485,key_value_accountlike_batch_v1,,,OVERMASKING,spurious_prediction,O,BUSINESS_ID,14,27,1465870376741,,0.9991666823625565,14,27,NONE,MASK
standard_dev,1995,22822,,,,SECURITY_CRITICAL_MISS,gold_span,STREET_ADDRESS,O,1167,1201,"33, Oxford Street, London, W1C 2HG",,,,,MASK,NONE
standard_dev,2006,synthetic-00007973,key_value_accountlike_batch_v1,,,OVERMASKING,spurious_prediction,O,BUSINESS_ID,14,25,06112170437,,0.9991080264250437,14,25,NONE,MASK
standard_dev,2018,synthetic-00009734,routing_number_free_b_v1,,,POLICY_SAFE_WRONG_CLASS,gold_span,ROUTING_NUMBER,BANK_ACCOUNT_NUMBER,29,38,493976848,,0.9291876951853434,29,38,MASK,MASK
standard_dev,2025,synthetic-00009202,routing_number_free_b_v1,,,POLICY_SAFE_WRONG_CLASS,gold_span,ROUTING_NUMBER,BANK_ACCOUNT_NUMBER,29,38,564167201,,0.9944689571857452,29,38,MASK,MASK
standard_dev,2030,synthetic-00004781,key_value_accountlike_batch_v1,,,OVERMASKING,spurious_prediction,O,BUSINESS_ID,14,24,5694906082,,0.999245992728642,14,24,NONE,MASK
standard_dev,2034,synthetic-00011330,routing_number_free_b_v1,,,POLICY_SAFE_WRONG_CLASS,gold_span,ROUTING_NUMBER,BANK_ACCOUNT_NUMBER,29,38,703242644,,0.9796178698539734,29,38,MASK,MASK
standard_dev,2035,32415,,,,OVERMASKING,spurious_prediction,O,PERSON_NAME,321,329,Laureano,,0.7774485150973002,321,329,NONE,FULL_MASK
standard_dev,2035,32415,,,,OVERMASKING,spurious_prediction,O,PERSON_NAME,351,359,Laureano,,0.7643675208091736,351,359,NONE,FULL_MASK
standard_dev,2035,32415,,,,OVERMASKING,spurious_prediction,O,PERSON_NAME,915,923,Laureano,,0.8603004217147827,915,923,NONE,FULL_MASK
standard_dev,2056,52011,,,,SECURITY_CRITICAL_MISS,gold_span,PERSON_NAME,O,267,308,Chief Information Security Officer (CISO),,,,,FULL_MASK,NONE
standard_dev,2065,53444,,,,OVERMASKING,spurious_prediction,O,STREET_ADDRESS,265,272,Address,,0.5656006932258606,265,272,NONE,MASK
standard_dev,2065,53444,,,,OVERMASKING,spurious_prediction,O,PERSON_NAME,308,312,Name,,0.533695638179779,308,312,NONE,FULL_MASK
standard_dev,2065,53444,,,,OVERMASKING,spurious_prediction,O,STREET_ADDRESS,427,428,[,,0.5507568120956421,427,428,NONE,MASK
standard_dev,2065,53444,,,,OVERMASKING,spurious_prediction,O,STREET_ADDRESS,435,442,Address,,0.6328030228614807,435,442,NONE,MASK
standard_dev,2081,synthetic-00018081,key_value_accountlike_batch_v1,,,OVERMASKING,spurious_prediction,O,BUSINESS_ID,14,24,2958077692,,0.9990078721727643,14,24,NONE,MASK
standard_dev,2087,synthetic-00023832,routing_number_free_b_v1,,,POLICY_SAFE_WRONG_CLASS,gold_span,ROUTING_NUMBER,BANK_ACCOUNT_NUMBER,29,38,490738254,,0.9950645685195922,29,38,MASK,MASK
standard_dev,2089,50458,,,,SECURITY_CRITICAL_PARTIAL,gold_span,STREET_ADDRESS,STREET_ADDRESS,52,69,976 Jones Valleys,,0.8686236540476481,52,61,MASK,MASK
standard_dev,2089,50458,,,,SECURITY_CRITICAL_MISS,gold_span,DRIVER_LICENSE,O,107,119,62-263720-62,,,,,MASK,NONE
standard_dev,2089,50458,,,,SECURITY_CRITICAL_PARTIAL,gold_span,STREET_ADDRESS,STREET_ADDRESS,173,190,976 Jones Valleys,,0.8570057153701782,173,182,MASK,MASK
standard_dev,2096,35646,,,,SECURITY_CRITICAL_PARTIAL,gold_span,STREET_ADDRESS,STREET_ADDRESS,106,142,1 Main Street/Springfield/IL62701/US,,0.7044048139027187,119,139,MASK,MASK
standard_dev,2114,synthetic-00011165,key_value_accountlike_batch_v1,,,OVERMASKING,spurious_prediction,O,BUSINESS_ID,14,28,29842755718496,,0.9993160963058472,14,28,NONE,MASK
standard_dev,2115,synthetic-00008138,routing_number_free_b_v1,,,POLICY_SAFE_WRONG_CLASS,gold_span,ROUTING_NUMBER,BANK_ACCOUNT_NUMBER,29,38,534010744,,0.8871791005134583,29,38,MASK,MASK
standard_dev,2121,27704,,,,SECURITY_CRITICAL_MISS,gold_span,PHONE,O,284,298,+44 1234567890,,,,,PARTIAL_MASK,NONE
standard_dev,2121,27704,,,,SECURITY_CRITICAL_MISS,gold_span,PHONE,O,405,419,+44 9876543210,,,,,PARTIAL_MASK,NONE
standard_dev,2121,27704,,,,SECURITY_CRITICAL_MISS,gold_span,PERSON_NAME,O,644,646,JD,,,,,FULL_MASK,NONE
standard_dev,2121,27704,,,,SECURITY_CRITICAL_MISS,gold_span,PERSON_NAME,O,980,982,JD,,,,,FULL_MASK,NONE
standard_dev,2121,27704,,,,SECURITY_CRITICAL_MISS,gold_span,PERSON_NAME,O,1344,1346,JD,,,,,FULL_MASK,NONE
standard_dev,2123,44935,,,,OVERMASKING,spurious_prediction,O,STREET_ADDRESS,128,144,540 Sanchez Lock,,0.7356780469417572,128,144,NONE,MASK
standard_dev,2123,44935,,,,OVERMASKING,spurious_prediction,O,STREET_ADDRESS,146,156,4 Apt. 104,,0.8337938189506531,146,156,NONE,MASK
standard_dev,2123,44935,,,,OVERMASKING,spurious_prediction,O,CREDIT_CARD_NUMBER,380,382,09,,0.6323975920677185,380,382,NONE,MASK_LAST4
standard_dev,2123,44935,,,,OVERMASKING,spurious_prediction,O,CREDIT_CARD_NUMBER,383,393,7654321098,,0.5319366369928632,383,393,NONE,MASK_LAST4
standard_dev,2123,44935,,,,OVERMASKING,spurious_prediction,O,PERSON_NAME,399,404,Gizmo,,0.8016372323036194,399,404,NONE,FULL_MASK
standard_dev,2136,36477,,,,SECURITY_CRITICAL_PARTIAL,gold_span,EMAIL,EMAIL,118,148,20220123-143027.357127@abc.com,,0.8505595803260804,134,148,PARTIAL_MASK,PARTIAL_MASK
standard_dev,2136,36477,,,,SECURITY_CRITICAL_MISS,gold_span,PHONE,O,779,786,6500432,,,,,PARTIAL_MASK,NONE
standard_dev,2136,36477,,,,OVERMASKING,spurious_prediction,O,STREET_ADDRESS,400,417,736 Amanda Lights,,0.9012391120195389,400,417,NONE,MASK
standard_dev,2138,synthetic-00002286,routing_number_free_b_v1,,,POLICY_SAFE_WRONG_CLASS,gold_span,ROUTING_NUMBER,BANK_ACCOUNT_NUMBER,29,38,365618331,,0.8619601249694824,29,38,MASK,MASK
standard_dev,2149,synthetic-00019677,key_value_accountlike_batch_v1,,,OVERMASKING,spurious_prediction,O,BUSINESS_ID,14,24,0634206505,,0.9990916550159454,14,24,NONE,MASK
standard_dev,2161,synthetic-00000690,routing_number_free_b_v1,,,POLICY_SAFE_WRONG_CLASS,gold_span,ROUTING_NUMBER,BANK_ACCOUNT_NUMBER,29,38,898881677,,0.9888736861092704,29,38,MASK,MASK
standard_dev,2174,synthetic-00013724,routing_number_free_b_v1,,,POLICY_SAFE_WRONG_CLASS,gold_span,ROUTING_NUMBER,BANK_ACCOUNT_NUMBER,29,38,381750095,,0.9891890168190003,29,38,MASK,MASK
standard_dev,2184,synthetic-00022869,key_value_accountlike_batch_v1,,,OVERMASKING,spurious_prediction,O,BUSINESS_ID,14,27,6200346024012,,0.9993214522089277,14,27,NONE,MASK
standard_dev,2188,27844,,,,OVERMASKING,spurious_prediction,O,PERSON_NAME,30,37,MBRELLA,,0.698299840092659,30,37,NONE,FULL_MASK
standard_dev,2189,synthetic-00005744,routing_number_free_b_v1,,,POLICY_SAFE_WRONG_CLASS,gold_span,ROUTING_NUMBER,BANK_ACCOUNT_NUMBER,29,38,939205510,,0.9894362330436707,29,38,MASK,MASK
standard_dev,2195,synthetic-00015320,routing_number_free_b_v1,,,POLICY_SAFE_WRONG_CLASS,gold_span,ROUTING_NUMBER,BANK_ACCOUNT_NUMBER,29,38,377822733,,0.9868991176287333,29,38,MASK,MASK
standard_dev,2205,34914,,,,SECURITY_CRITICAL_MISS,gold_span,PERSON_NAME,O,334,356,[Counterparty Address],,,,,FULL_MASK,NONE
standard_dev,2205,34914,,,,POLICY_SAFE_WRONG_CLASS,gold_span,PERSON_NAME,STREET_ADDRESS,1940,1953,Caitlin Green,,0.9975731571515402,1936,1971,FULL_MASK,MASK
standard_dev,2205,34914,,,,SECURITY_CRITICAL_MISS,gold_span,PERSON_NAME,O,2072,2094,[Counterparty Address],,,,,FULL_MASK,NONE
standard_dev,2205,34914,,,,OVERMASKING,spurious_prediction,O,PERSON_NAME,180,197,Counterparty Name,,0.545959547162056,180,197,NONE,FULL_MASK
standard_dev,2205,34914,,,,OVERMASKING,spurious_prediction,O,EMAIL,2002,2003,[,,0.8518568873405457,2002,2003,NONE,PARTIAL_MASK
standard_dev,2210,synthetic-00009303,key_value_accountlike_batch_v1,,,OVERMASKING,spurious_prediction,O,BUSINESS_ID,14,25,91179238883,,0.9994903057813644,14,25,NONE,MASK
standard_dev,2215,50113,,,,SECURITY_CRITICAL_MISS,gold_span,PERSON_NAME,O,246,251,Abbie,,,,,FULL_MASK,NONE
standard_dev,2217,42544,,,,SECURITY_CRITICAL_MISS,gold_span,BUSINESS_ID,O,14,22,A2844530,,,,,MASK,NONE
standard_dev,2217,42544,,,,OVERMASKING,spurious_prediction,O,PERSON_NAME,157,165,"FRHAmon,",,0.9785928130149841,157,165,NONE,FULL_MASK
standard_dev,2217,42544,,,,OVERMASKING,spurious_prediction,O,PERSON_NAME,165,176,Frédéric A.,,0.9154302052089146,165,176,NONE,FULL_MASK
standard_dev,2241,synthetic-00003424,auth_token_xml_v1,,,SECURITY_CRITICAL_PARTIAL,gold_span,AUTH_TOKEN,AUTH_TOKEN,69,121,tok_cGd7uUGTz3fl3hCsG7d4sYrUn9LzpYhBqVhDMFHIt6TtF2l_,,0.9996753173569838,69,120,FULL_MASK,FULL_MASK
standard_dev,2247,synthetic-00023667,key_value_accountlike_batch_v1,,,OVERMASKING,spurious_prediction,O,BUSINESS_ID,14,25,29782623794,,0.999369740486145,14,25,NONE,MASK
standard_dev,2253,synthetic-00017017,key_value_accountlike_batch_v1,,,OVERMASKING,spurious_prediction,O,BUSINESS_ID,14,28,63328190533250,,0.9989565461874008,14,28,NONE,MASK
standard_dev,2254,33008,,,,SECURITY_CRITICAL_PARTIAL,gold_span,EMAIL,EMAIL,37,53,User@example.com,,0.9044399261474609,41,53,PARTIAL_MASK,PARTIAL_MASK
standard_dev,2254,33008,,,,SECURITY_CRITICAL_PARTIAL,gold_span,PERSON_NAME,EMAIL,253,260,johndoe,,0.5211388468742371,253,254,FULL_MASK,PARTIAL_MASK
standard_dev,2283,41367,,,,OVERMASKING,spurious_prediction,O,STREET_ADDRESS,81,95,45 King's Road,,0.7344481468200683,81,95,NONE,MASK
standard_dev,2293,2571,,,,SECURITY_CRITICAL_MISS,gold_span,PERSON_NAME,O,267,272,Parri,,,,,FULL_MASK,NONE
standard_dev,2293,2571,,,,SECURITY_CRITICAL_MISS,gold_span,PERSON_NAME,O,427,432,Parri,,,,,FULL_MASK,NONE
standard_dev,2293,2571,,,,SECURITY_CRITICAL_MISS,gold_span,PERSON_NAME,O,457,462,Parri,,,,,FULL_MASK,NONE
standard_dev,2293,2571,,,,SECURITY_CRITICAL_MISS,gold_span,PERSON_NAME,O,562,567,Parri,,,,,FULL_MASK,NONE
standard_dev,2293,2571,,,,SECURITY_CRITICAL_MISS,gold_span,PERSON_NAME,O,855,860,Parri,,,,,FULL_MASK,NONE
standard_dev,2293,2571,,,,SECURITY_CRITICAL_MISS,gold_span,PERSON_NAME,O,875,881,Reuter,,,,,FULL_MASK,NONE
standard_dev,2293,2571,,,,SECURITY_CRITICAL_MISS,gold_span,PERSON_NAME,O,1198,1203,Parri,,,,,FULL_MASK,NONE
standard_dev,2293,2571,,,,SECURITY_CRITICAL_MISS,gold_span,PERSON_NAME,O,1218,1224,Reuter,,,,,FULL_MASK,NONE
standard_dev,2293,2571,,,,SECURITY_CRITICAL_MISS,gold_span,PERSON_NAME,O,1569,1574,Parri,,,,,FULL_MASK,NONE
standard_dev,2293,2571,,,,SECURITY_CRITICAL_MISS,gold_span,PERSON_NAME,O,1674,1679,Parri,,,,,FULL_MASK,NONE
standard_dev,2293,2571,,,,SECURITY_CRITICAL_MISS,gold_span,PERSON_NAME,O,1690,1696,Reuter,,,,,FULL_MASK,NONE
standard_dev,2293,2571,,,,SECURITY_CRITICAL_MISS,gold_span,PERSON_NAME,O,1892,1897,Parri,,,,,FULL_MASK,NONE
standard_dev,2293,2571,,,,SECURITY_CRITICAL_MISS,gold_span,PERSON_NAME,O,1975,1980,Parri,,,,,FULL_MASK,NONE
standard_dev,2293,2571,,,,SECURITY_CRITICAL_MISS,gold_span,PERSON_NAME,O,1991,1997,Reuter,,,,,FULL_MASK,NONE
standard_dev,2293,2571,,,,OVERMASKING,spurious_prediction,O,STREET_ADDRESS,394,424,"123 Business Park, Anytown, UK",,0.9856778755784035,394,424,NONE,MASK
standard_dev,2297,37603,,,,POLICY_SAFE_WRONG_CLASS,gold_span,PERSON_NAME,STREET_ADDRESS,928,942,Michelle Union,,0.7568978369235992,928,960,FULL_MASK,MASK
standard_dev,2297,37603,,,,SECURITY_CRITICAL_MISS,gold_span,PHONE,O,976,990,[Phone Number],,,,,PARTIAL_MASK,NONE
standard_dev,2304,synthetic-00006276,routing_number_free_b_v1,,,POLICY_SAFE_WRONG_CLASS,gold_span,ROUTING_NUMBER,BANK_ACCOUNT_NUMBER,29,38,504449206,,0.9916419784228007,29,38,MASK,MASK
standard_dev,2306,10829,,,,SECURITY_CRITICAL_PARTIAL,gold_span,STREET_ADDRESS,STREET_ADDRESS,1522,1551,"914 Robinstraat, 2847EG, Boer",,0.7405248880386353,1522,1524,MASK,MASK
standard_dev,2313,8877,,,,OVERMASKING,spurious_prediction,O,IP_ADDRESS,1389,1392,108,,0.9276704788208008,1389,1392,NONE,MASK
standard_dev,2315,50681,,,,OVERMASKING,spurious_prediction,O,PHONE,398,412,(123) 456-7891,,0.9770746429761251,398,412,NONE,PARTIAL_MASK
standard_dev,2315,50681,,,,OVERMASKING,spurious_prediction,O,PHONE,806,820,(123) 456-7892,,0.9811657203568352,806,820,NONE,PARTIAL_MASK
standard_dev,2318,synthetic-00013293,key_value_accountlike_batch_v1,,,OVERMASKING,spurious_prediction,O,BUSINESS_ID,14,27,4931104214579,,0.9992178156971931,14,27,NONE,MASK
standard_dev,2331,41959,,,,OVERMASKING,spurious_prediction,O,PERSON_NAME,945,952,Jessica,,0.5511646270751953,945,952,NONE,FULL_MASK
standard_dev,2332,synthetic-00014256,routing_number_free_b_v1,,,POLICY_SAFE_WRONG_CLASS,gold_span,ROUTING_NUMBER,BANK_ACCOUNT_NUMBER,29,38,032594254,,0.993917296330134,29,38,MASK,MASK
standard_dev,2361,26621,,,,SECURITY_CRITICAL_MISS,gold_span,BUSINESS_ID,O,462,467,che32,,,,,MASK,NONE
standard_dev,2366,48630,,,,OVERMASKING,spurious_prediction,O,PERSON_NAME,124,130,Giraud,,0.65507044394811,124,130,NONE,FULL_MASK
standard_dev,2367,synthetic-00011862,routing_number_free_b_v1,,,POLICY_SAFE_WRONG_CLASS,gold_span,ROUTING_NUMBER,BANK_ACCOUNT_NUMBER,29,38,419617725,,0.9895566403865814,29,38,MASK,MASK
standard_dev,2389,synthetic-00022337,key_value_accountlike_batch_v1,,,OVERMASKING,spurious_prediction,O,BUSINESS_ID,14,28,60486284599803,,0.9994092649883695,14,28,NONE,MASK
standard_dev,2396,synthetic-00019310,routing_number_free_b_v1,,,POLICY_SAFE_WRONG_CLASS,gold_span,ROUTING_NUMBER,BANK_ACCOUNT_NUMBER,29,38,031967154,,0.9918906490008036,29,38,MASK,MASK
standard_dev,2403,synthetic-00001634,ssn_free_b_v1,,,POLICY_SAFE_WRONG_CLASS,gold_span,SSN,ITIN,15,26,309-92-9057,,0.8400282710790634,15,26,MASK_LAST4,MASK
standard_dev,2404,synthetic-00024098,routing_number_free_b_v1,,,POLICY_SAFE_WRONG_CLASS,gold_span,ROUTING_NUMBER,BANK_ACCOUNT_NUMBER,29,38,574484107,,0.9725770850976309,29,38,MASK,MASK
standard_dev,2408,34951,,,,SECURITY_CRITICAL_PARTIAL,gold_span,STREET_ADDRESS,STREET_ADDRESS,42,70,"123 Main Street
Anytown, USA",,0.5883012215296427,61,70,MASK,MASK
standard_dev,2433,synthetic-00012495,key_value_accountlike_batch_v1,,,OVERMASKING,spurious_prediction,O,BUSINESS_ID,14,28,96124216551162,,0.9989706873893738,14,28,NONE,MASK
standard_dev,2435,50061,,,,SECURITY_CRITICAL_MISS,gold_span,PASSPORT_NUMBER,O,324,333,595450452,,,,,MASK,NONE
standard_dev,2441,synthetic-00023933,key_value_accountlike_batch_v1,,,OVERMASKING,spurious_prediction,O,BUSINESS_ID,14,26,394744689570,,0.9993091151118279,14,26,NONE,MASK
standard_dev,2444,40594,,,,OVERMASKING,spurious_prediction,O,PERSON_NAME,227,236,123456789,,0.788632353146871,227,236,NONE,FULL_MASK
standard_dev,2447,synthetic-00022071,key_value_accountlike_batch_v1,,,OVERMASKING,spurious_prediction,O,BUSINESS_ID,14,26,413767423804,,0.9993640556931496,14,26,NONE,MASK
standard_dev,2459,40527,,,,SECURITY_CRITICAL_MISS,gold_span,PERSON_NAME,O,47,53,123456,,,,,FULL_MASK,NONE
standard_dev,2461,synthetic-00009037,key_value_accountlike_batch_v1,,,OVERMASKING,spurious_prediction,O,BUSINESS_ID,14,26,619240012029,,0.9990240335464478,14,26,NONE,MASK
standard_dev,2466,synthetic-00003350,routing_number_free_b_v1,,,POLICY_SAFE_WRONG_CLASS,gold_span,ROUTING_NUMBER,BANK_ACCOUNT_NUMBER,29,38,345353810,,0.8464040458202362,29,38,MASK,MASK
standard_dev,2469,synthetic-00023034,routing_number_free_b_v1,,,POLICY_SAFE_WRONG_CLASS,gold_span,ROUTING_NUMBER,BANK_ACCOUNT_NUMBER,29,38,816641284,,0.9975362420082092,29,38,MASK,MASK
standard_dev,2491,49316,,,,OVERMASKING,spurious_prediction,O,PERSON_NAME,330,340,Margherita,,0.975325882434845,330,340,NONE,FULL_MASK
standard_dev,2505,synthetic-00019842,routing_number_free_b_v1,,,POLICY_SAFE_WRONG_CLASS,gold_span,ROUTING_NUMBER,BANK_ACCOUNT_NUMBER,29,38,915799655,,0.9967992220606122,29,38,MASK,MASK
standard_dev,2524,synthetic-00009468,routing_number_free_b_v1,,,POLICY_SAFE_WRONG_CLASS,gold_span,ROUTING_NUMBER,BANK_ACCOUNT_NUMBER,29,38,147270395,,0.813713812828064,29,38,MASK,MASK
standard_dev,2541,54322,,,,POLICY_SAFE_WRONG_CLASS,gold_span,PERSON_NAME,STREET_ADDRESS,162,172,Gierschner,,0.9728993044959174,144,172,FULL_MASK,MASK
standard_dev,2546,synthetic-00004680,routing_number_free_b_v1,,,POLICY_SAFE_WRONG_CLASS,gold_span,ROUTING_NUMBER,BANK_ACCOUNT_NUMBER,29,38,129870108,,0.980366337299347,29,38,MASK,MASK
standard_dev,2555,synthetic-00014889,key_value_accountlike_batch_v1,,,OVERMASKING,spurious_prediction,O,BUSINESS_ID,14,26,620421039816,,0.9992593626181284,14,26,NONE,MASK
standard_dev,2556,synthetic-00024199,key_value_accountlike_batch_v1,,,OVERMASKING,spurious_prediction,O,BUSINESS_ID,14,25,01945542692,,0.9976718574762344,14,25,NONE,MASK
standard_dev,2572,48719,,,,SECURITY_CRITICAL_MISS,gold_span,API_KEY,O,60,96,9F9cCFDdeBB1edEd15dAbB10Ad6CaF5B1494,,,,,FULL_MASK,NONE
standard_dev,2572,48719,,,,SECURITY_CRITICAL_MISS,gold_span,API_KEY,O,175,211,9F9cCFDdeBB1edEd15dAbB10Ad6CaF5B1494,,,,,FULL_MASK,NONE
standard_dev,2572,48719,,,,SECURITY_CRITICAL_MISS,gold_span,API_KEY,O,247,283,9F9cCFDdeBB1edEd15dAbB10Ad6CaF5B1494,,,,,FULL_MASK,NONE
standard_dev,2572,48719,,,,SECURITY_CRITICAL_MISS,gold_span,API_KEY,O,299,335,9F9cCFDdeBB1edEd15dAbB10Ad6CaF5B1494,,,,,FULL_MASK,NONE
standard_dev,2572,48719,,,,SECURITY_CRITICAL_MISS,gold_span,API_KEY,O,427,463,9F9cCFDdeBB1edEd15dAbB10Ad6CaF5B1494,,,,,FULL_MASK,NONE
standard_dev,2572,48719,,,,SECURITY_CRITICAL_MISS,gold_span,API_KEY,O,499,535,9F9cCFDdeBB1edEd15dAbB10Ad6CaF5B1494,,,,,FULL_MASK,NONE
standard_dev,2577,synthetic-00020374,routing_number_free_b_v1,,,POLICY_SAFE_WRONG_CLASS,gold_span,ROUTING_NUMBER,BANK_ACCOUNT_NUMBER,29,38,812021772,,0.9973700145880381,29,38,MASK,MASK
standard_dev,2588,synthetic-00020108,routing_number_free_b_v1,,,POLICY_SAFE_WRONG_CLASS,gold_span,ROUTING_NUMBER,BANK_ACCOUNT_NUMBER,29,38,005539479,,0.922707486152649,29,38,MASK,MASK
standard_dev,2598,10132,,,,SECURITY_CRITICAL_MISS,gold_span,PERSON_NAME,O,45,52,Bennett,,,,,FULL_MASK,NONE
standard_dev,2599,42947,,,,OVERMASKING,spurious_prediction,O,PERSON_NAME,345,356,Navar endro,,0.9810599982738495,345,356,NONE,FULL_MASK
standard_dev,2613,synthetic-00021273,key_value_accountlike_batch_v1,,,OVERMASKING,spurious_prediction,O,BUSINESS_ID,14,25,05541572882,,0.9993134960532188,14,25,NONE,MASK
standard_dev,2615,synthetic-00024364,routing_number_free_b_v1,,,POLICY_SAFE_WRONG_CLASS,gold_span,ROUTING_NUMBER,BANK_ACCOUNT_NUMBER,29,38,598310341,,0.9800991912682852,29,38,MASK,MASK
standard_dev,2618,53559,,,,SECURITY_CRITICAL_MISS,gold_span,PERSON_NAME,O,118,129,DANNY FALLS,,,,,FULL_MASK,NONE
standard_dev,2624,35762,,,,SECURITY_CRITICAL_MISS,gold_span,PERSON_NAME,O,853,859,Thomas,,,,,FULL_MASK,NONE
standard_dev,2631,synthetic-00006643,key_value_accountlike_batch_v1,,,OVERMASKING,spurious_prediction,O,BUSINESS_ID,14,25,69252320996,,0.9993587902614048,14,25,NONE,MASK
standard_dev,2644,45172,,,,SECURITY_CRITICAL_MISS,gold_span,PERSON_NAME,O,72,81,123456789,,,,,FULL_MASK,NONE
standard_dev,2646,31590,,,,OVERMASKING,spurious_prediction,O,PASSPORT_NUMBER,99,108,K12345678,,0.99662013564791,99,108,NONE,MASK
standard_dev,2646,31590,,,,OVERMASKING,spurious_prediction,O,STREET_ADDRESS,135,139,5555,,0.6541341543197632,135,139,NONE,MASK
standard_dev,2646,31590,,,,OVERMASKING,spurious_prediction,O,PASSPORT_NUMBER,151,160,K98765432,,0.9973451495170593,151,160,NONE,MASK
standard_dev,2646,31590,,,,OVERMASKING,spurious_prediction,O,STREET_ADDRESS,194,195,2,,0.5276726484298706,194,195,NONE,MASK
standard_dev,2651,34823,,,,OVERMASKING,spurious_prediction,O,PHONE,161,174,+44 712345678,,0.9938310906291008,161,174,NONE,PARTIAL_MASK
standard_dev,2660,synthetic-00022236,routing_number_free_b_v1,,,POLICY_SAFE_WRONG_CLASS,gold_span,ROUTING_NUMBER,BANK_ACCOUNT_NUMBER,29,38,615523901,,0.9952548503875732,29,38,MASK,MASK
standard_dev,2661,synthetic-00013825,key_value_accountlike_batch_v1,,,OVERMASKING,spurious_prediction,O,BUSINESS_ID,14,27,9539853470897,,0.999362395869361,14,27,NONE,MASK
standard_dev,2662,41595,,,,SECURITY_CRITICAL_PARTIAL,gold_span,EMAIL,EMAIL,376,408,[claims@globalstarinsurance.com],,0.9833172187209129,377,407,PARTIAL_MASK,PARTIAL_MASK
standard_dev,2662,41595,,,,SECURITY_CRITICAL_PARTIAL,gold_span,EMAIL,EMAIL,409,446,mailto:claims@globalstarinsurance.com,,0.9899904802441597,416,446,PARTIAL_MASK,PARTIAL_MASK
standard_dev,2662,41595,,,,SECURITY_CRITICAL_PARTIAL,gold_span,EMAIL,EMAIL,975,1007,[claims@globalstarinsurance.com],,0.9829340726137161,976,1006,PARTIAL_MASK,PARTIAL_MASK
standard_dev,2662,41595,,,,SECURITY_CRITICAL_PARTIAL,gold_span,EMAIL,EMAIL,1008,1045,mailto:claims@globalstarinsurance.com,,0.9744481444358826,1015,1022,PARTIAL_MASK,PARTIAL_MASK
standard_dev,2662,41595,,,,SECURITY_CRITICAL_PARTIAL,gold_span,EMAIL,EMAIL,1452,1484,[claims@globalstarinsurance.com],,0.9817272946238518,1453,1483,PARTIAL_MASK,PARTIAL_MASK
standard_dev,2662,41595,,,,SECURITY_CRITICAL_PARTIAL,gold_span,EMAIL,EMAIL,1485,1522,mailto:claims@globalstarinsurance.com,,0.9905323758721352,1492,1522,PARTIAL_MASK,PARTIAL_MASK
standard_dev,2668,49484,,,,OVERMASKING,spurious_prediction,O,PERSON_NAME,907,913,Damián,,0.9913350939750671,907,913,NONE,FULL_MASK
standard_dev,2668,49484,,,,OVERMASKING,spurious_prediction,O,PERSON_NAME,914,920,Cerdán,,0.9194327791531881,914,920,NONE,FULL_MASK
standard_dev,2679,34029,,,,OVERMASKING,spurious_prediction,O,PHONE,1062,1076,1-800-123-4567,,0.9575350880622864,1062,1076,NONE,PARTIAL_MASK
standard_dev,2685,49695,,,,SECURITY_CRITICAL_PARTIAL,gold_span,STREET_ADDRESS,STREET_ADDRESS,183,193,"London, UK",,0.621831625699997,189,193,MASK,MASK
standard_dev,2693,synthetic-00006542,routing_number_free_b_v1,,,POLICY_SAFE_WRONG_CLASS,gold_span,ROUTING_NUMBER,BANK_ACCOUNT_NUMBER,29,38,415238771,,0.9830407897631327,29,38,MASK,MASK
standard_dev,2705,synthetic-00006377,key_value_accountlike_batch_v1,,,OVERMASKING,spurious_prediction,O,BUSINESS_ID,14,25,15110817831,,0.999190111955007,14,25,NONE,MASK
standard_dev,2714,46782,,,,OVERMASKING,spurious_prediction,O,STREET_ADDRESS,207,239,"123 Acme Lane
London, UK
NW1 1AA",,0.8799394319454829,207,239,NONE,MASK
standard_dev,2719,synthetic-00001754,routing_number_free_b_v1,,,POLICY_SAFE_WRONG_CLASS,gold_span,ROUTING_NUMBER,BANK_ACCOUNT_NUMBER,29,38,942489420,,0.9723565181096395,29,38,MASK,MASK
standard_dev,2753,37329,,,,OVERMASKING,spurious_prediction,O,STREET_ADDRESS,222,255,"3808 Watts Cannyon
East Johnhaven",,0.9366198844379849,222,255,NONE,MASK
standard_dev,2759,synthetic-00024731,key_value_accountlike_batch_v1,,,OVERMASKING,spurious_prediction,O,BUSINESS_ID,14,27,5710700619388,,0.9990256875753403,14,27,NONE,MASK
standard_dev,2766,synthetic-00006111,key_value_accountlike_batch_v1,,,OVERMASKING,spurious_prediction,O,BUSINESS_ID,14,24,9526171867,,0.9990770320097605,14,24,NONE,MASK
standard_dev,2778,32302,,,,OVERMASKING,spurious_prediction,O,PERSON_NAME,78,82,Team,,0.6774179339408875,78,82,NONE,FULL_MASK
standard_dev,2782,synthetic-00010000,routing_number_free_b_v1,,,POLICY_SAFE_WRONG_CLASS,gold_span,ROUTING_NUMBER,BANK_ACCOUNT_NUMBER,29,38,726256264,,0.9919929901758829,29,38,MASK,MASK
standard_dev,2786,synthetic-00021007,key_value_accountlike_batch_v1,,,OVERMASKING,spurious_prediction,O,BUSINESS_ID,14,27,1304910732129,,0.9991130232810974,14,27,NONE,MASK
standard_dev,2788,synthetic-00008505,key_value_accountlike_batch_v1,,,OVERMASKING,spurious_prediction,O,BUSINESS_ID,14,26,893942596237,,0.9991727247834206,14,26,NONE,MASK
standard_dev,2800,synthetic-00017549,key_value_accountlike_batch_v1,,,OVERMASKING,spurious_prediction,O,BUSINESS_ID,14,25,40067011864,,0.9992494980494181,14,25,NONE,MASK
standard_dev,2807,synthetic-00004515,key_value_accountlike_batch_v1,,,OVERMASKING,spurious_prediction,O,BUSINESS_ID,14,27,6055080050908,,0.9985122755169868,14,27,NONE,MASK
standard_dev,2810,synthetic-00017714,routing_number_free_b_v1,,,POLICY_SAFE_WRONG_CLASS,gold_span,ROUTING_NUMBER,BANK_ACCOUNT_NUMBER,29,38,620442886,,0.7086372524499893,29,38,MASK,MASK
standard_dev,2819,37063,,,,SECURITY_CRITICAL_MISS,gold_span,STREET_ADDRESS,O,309,326,[Shipper Address],,,,,MASK,NONE
standard_dev,2819,37063,,,,SECURITY_CRITICAL_PARTIAL,gold_span,PERSON_NAME,PERSON_NAME,344,367,[Service Provider Name],,0.6909681558609009,344,345,FULL_MASK,FULL_MASK
standard_dev,2819,37063,,,,SECURITY_CRITICAL_MISS,gold_span,STREET_ADDRESS,O,492,518,[Service Provider Address],,,,,MASK,NONE
standard_dev,2826,synthetic-00013559,key_value_accountlike_batch_v1,,,OVERMASKING,spurious_prediction,O,BUSINESS_ID,14,26,302345774774,,0.9994657784700394,14,26,NONE,MASK
standard_dev,2834,synthetic-00023401,key_value_accountlike_batch_v1,,,OVERMASKING,spurious_prediction,O,BUSINESS_ID,14,24,2910217346,,0.998481035232544,14,24,NONE,MASK
standard_dev,2838,synthetic-00007074,routing_number_free_b_v1,,,POLICY_SAFE_WRONG_CLASS,gold_span,ROUTING_NUMBER,BANK_ACCOUNT_NUMBER,29,38,862561567,,0.9950674772262573,29,38,MASK,MASK
standard_dev,2855,53567,,,,OVERMASKING,spurious_prediction,O,STREET_ADDRESS,254,294,"123 MAIN ST, SUITE 500, CITY, STATE, ZIP",,0.8258664074696993,254,294,NONE,MASK
standard_dev,2864,synthetic-00020475,key_value_accountlike_batch_v1,,,OVERMASKING,spurious_prediction,O,BUSINESS_ID,14,24,9461305525,,0.9991452693939209,14,24,NONE,MASK
standard_dev,2889,synthetic-00017182,routing_number_free_b_v1,,,POLICY_SAFE_WRONG_CLASS,gold_span,ROUTING_NUMBER,BANK_ACCOUNT_NUMBER,29,38,704940356,,0.9902878900369009,29,38,MASK,MASK
standard_dev,2890,synthetic-00021172,routing_number_free_b_v1,,,POLICY_SAFE_WRONG_CLASS,gold_span,ROUTING_NUMBER,BANK_ACCOUNT_NUMBER,29,38,699251710,,0.9851708769798279,29,38,MASK,MASK
standard_dev,2897,synthetic-00022603,key_value_accountlike_batch_v1,,,OVERMASKING,spurious_prediction,O,BUSINESS_ID,14,26,224824702841,,0.998846153418223,14,26,NONE,MASK
standard_dev,2909,36014,,,,SECURITY_CRITICAL_MISS,gold_span,STREET_ADDRESS,O,829,836,address,,,,,MASK,NONE
standard_dev,2910,synthetic-00000498,auth_token_xml_v1,,,SECURITY_CRITICAL_PARTIAL,gold_span,AUTH_TOKEN,AUTH_TOKEN,69,121,tok_3YFuXWCHk2EIKI0yixrLo65I-yPctgcxnKIq4bDltb_BR1N_,,0.9996540989986685,69,120,FULL_MASK,FULL_MASK
standard_dev,2922,synthetic-00003882,routing_number_free_b_v1,,,POLICY_SAFE_WRONG_CLASS,gold_span,ROUTING_NUMBER,BANK_ACCOUNT_NUMBER,29,38,587489555,,0.9924697677294413,29,38,MASK,MASK
standard_dev,2928,synthetic-00012761,key_value_accountlike_batch_v1,,,OVERMASKING,spurious_prediction,O,BUSINESS_ID,14,27,5547345528533,,0.999038142817361,14,27,NONE,MASK
standard_dev,2930,synthetic-00010633,key_value_accountlike_batch_v1,,,OVERMASKING,spurious_prediction,O,BUSINESS_ID,14,27,2183592491616,,0.9990752594811576,14,27,NONE,MASK
standard_dev,2936,synthetic-00003084,routing_number_free_b_v1,,,POLICY_SAFE_WRONG_CLASS,gold_span,ROUTING_NUMBER,BANK_ACCOUNT_NUMBER,29,38,143611686,,0.9833920955657959,29,38,MASK,MASK
standard_dev,2952,39792,,,,SECURITY_CRITICAL_PARTIAL,gold_span,EMAIL,EMAIL,182,213,BEATE.MOSEMANN@XYZCHEMICALS.COM,,0.9286176912924823,188,213,PARTIAL_MASK,PARTIAL_MASK
standard_dev,2957,24106,,,,OVERMASKING,spurious_prediction,O,PERSON_NAME,156,159,Use,,0.6981330513954163,156,159,NONE,FULL_MASK
standard_dev,2957,24106,,,,OVERMASKING,spurious_prediction,O,PERSON_NAME,808,812,John,,0.9284713864326477,808,812,NONE,FULL_MASK
standard_dev,2958,33336,,,,SECURITY_CRITICAL_PARTIAL,gold_span,STREET_ADDRESS,STREET_ADDRESS,303,320,170 Whitney Rapid,,0.6759152412414551,303,314,MASK,MASK
standard_dev,2958,33336,,,,SECURITY_CRITICAL_PARTIAL,gold_span,STREET_ADDRESS,STREET_ADDRESS,611,628,170 Whitney Rapid,,0.7370924353599548,611,614,MASK,MASK
standard_dev,2958,33336,,,,SECURITY_CRITICAL_PARTIAL,gold_span,PERSON_NAME,PERSON_NAME,909,918,123456789,,0.7778140902519226,909,912,FULL_MASK,FULL_MASK
standard_dev,2958,33336,,,,SECURITY_CRITICAL_PARTIAL,gold_span,STREET_ADDRESS,STREET_ADDRESS,990,1007,170 Whitney Rapid,,0.8154568076133728,990,993,MASK,MASK
standard_dev,2958,33336,,,,OVERMASKING,spurious_prediction,O,PERSON_NAME,248,253,11100,,0.5651991814374924,248,253,NONE,FULL_MASK
standard_dev,2958,33336,,,,OVERMASKING,spurious_prediction,O,PERSON_NAME,255,257,25,,0.46624264121055603,255,257,NONE,FULL_MASK
standard_dev,2964,synthetic-00009880,ssn_free_b_v1,,,POLICY_SAFE_WRONG_CLASS,gold_span,SSN,ITIN,15,26,702-87-1778,,0.8102905054887136,15,26,MASK_LAST4,MASK
standard_dev,2967,synthetic-00005478,routing_number_free_b_v1,,,POLICY_SAFE_WRONG_CLASS,gold_span,ROUTING_NUMBER,BANK_ACCOUNT_NUMBER,29,38,945720555,,0.9904275635878245,29,38,MASK,MASK
standard_dev,2972,51039,,,,OVERMASKING,spurious_prediction,O,PERSON_NAME,239,248,123456789,,0.6507217387358347,239,248,NONE,FULL_MASK
standard_dev,2972,51039,,,,OVERMASKING,spurious_prediction,O,EMAIL,1389,1390,[,,0.6658031344413757,1389,1390,NONE,PARTIAL_MASK
standard_dev,2985,4911,,,,SECURITY_CRITICAL_MISS,gold_span,PERSON_NAME,O,946,950,Senn,,,,,FULL_MASK,NONE
standard_dev,2985,4911,,,,OVERMASKING,spurious_prediction,O,PERSON_NAME,0,20,GRECO OSTINELLI-ZOLA,,0.8881587783495585,0,20,NONE,FULL_MASK
standard_dev,2989,synthetic-00021539,key_value_accountlike_batch_v1,,,OVERMASKING,spurious_prediction,O,BUSINESS_ID,14,25,93133577467,,0.9990979262760707,14,25,NONE,MASK
challenge_dev,108,ml-v1.2-dev_challenge-ml-v1-2-dev-challenge-citation-tax-registration-v1-2-g0000-business-identifier,ml_v1_2_dev_challenge_citation_tax_registration_v1_2,business_id_vs_tax_id,business_identifier,SECURITY_CRITICAL_PARTIAL,gold_span,BUSINESS_ID,TAX_ID,123,133,20-1640577,REFERENCE_ID,0.6058096289634705,123,125,MASK,MASK
challenge_dev,111,ml-v1.2-dev_challenge-ml-v1-2-dev-challenge-citation-tax-registration-v1-2-g0001-canonical-tax-id,ml_v1_2_dev_challenge_citation_tax_registration_v1_2,business_id_vs_tax_id,canonical_tax_id,SECURITY_CRITICAL_PARTIAL,gold_span,TAX_ID,SSN,92,102,45-7837778,,0.5526983737945557,92,94,MASK,MASK_LAST4
challenge_dev,112,ml-v1.2-dev_challenge-ml-v1-2-dev-challenge-citation-tax-registration-v1-2-g0002-business-identifier,ml_v1_2_dev_challenge_citation_tax_registration_v1_2,business_id_vs_tax_id,business_identifier,SECURITY_CRITICAL_PARTIAL,gold_span,BUSINESS_ID,TAX_ID,123,133,82-8169480,REFERENCE_ID,0.7122345566749573,123,125,MASK,MASK
challenge_dev,114,ml-v1.2-dev_challenge-ml-v1-2-dev-challenge-citation-tax-registration-v1-2-g0003-business-identifier,ml_v1_2_dev_challenge_citation_tax_registration_v1_2,business_id_vs_tax_id,business_identifier,SECURITY_CRITICAL_PARTIAL,gold_span,BUSINESS_ID,TAX_ID,123,133,84-3796659,REFERENCE_ID,0.42537471652030945,123,125,MASK,MASK
challenge_dev,116,ml-v1.2-dev_challenge-ml-v1-2-dev-challenge-citation-tax-registration-v1-2-g0004-business-identifier,ml_v1_2_dev_challenge_citation_tax_registration_v1_2,business_id_vs_tax_id,business_identifier,SECURITY_CRITICAL_PARTIAL,gold_span,BUSINESS_ID,TAX_ID,123,133,81-1568263,REFERENCE_ID,0.781921923160553,123,125,MASK,MASK
challenge_dev,118,ml-v1.2-dev_challenge-ml-v1-2-dev-challenge-citation-tax-registration-v1-2-g0005-business-identifier,ml_v1_2_dev_challenge_citation_tax_registration_v1_2,business_id_vs_tax_id,business_identifier,SECURITY_CRITICAL_PARTIAL,gold_span,BUSINESS_ID,BUSINESS_ID,123,133,85-0435270,REFERENCE_ID,0.596037870645523,123,132,MASK,MASK
challenge_dev,120,ml-v1.2-dev_challenge-ml-v1-2-dev-challenge-citation-tax-registration-v1-2-g0006-business-identifier,ml_v1_2_dev_challenge_citation_tax_registration_v1_2,business_id_vs_tax_id,business_identifier,SECURITY_CRITICAL_PARTIAL,gold_span,BUSINESS_ID,TAX_ID,123,133,84-6456754,REFERENCE_ID,0.6067945957183838,123,125,MASK,MASK
challenge_dev,122,ml-v1.2-dev_challenge-ml-v1-2-dev-challenge-citation-tax-registration-v1-2-g0007-business-identifier,ml_v1_2_dev_challenge_citation_tax_registration_v1_2,business_id_vs_tax_id,business_identifier,SECURITY_CRITICAL_PARTIAL,gold_span,BUSINESS_ID,TAX_ID,123,133,84-3663004,REFERENCE_ID,0.525852382183075,123,125,MASK,MASK
challenge_dev,124,ml-v1.2-dev_challenge-ml-v1-2-dev-challenge-citation-tax-registration-v1-2-g0008-business-identifier,ml_v1_2_dev_challenge_citation_tax_registration_v1_2,business_id_vs_tax_id,business_identifier,SECURITY_CRITICAL_PARTIAL,gold_span,BUSINESS_ID,TAX_ID,123,133,35-6274759,REFERENCE_ID,0.5751286745071411,123,125,MASK,MASK
challenge_dev,126,ml-v1.2-dev_challenge-ml-v1-2-dev-challenge-citation-tax-registration-v1-2-g0009-business-identifier,ml_v1_2_dev_challenge_citation_tax_registration_v1_2,business_id_vs_tax_id,business_identifier,SECURITY_CRITICAL_PARTIAL,gold_span,BUSINESS_ID,BUSINESS_ID,123,133,86-8119491,REFERENCE_ID,0.6105058093865713,123,132,MASK,MASK
challenge_dev,130,ml-v1.2-dev_challenge-ml-v1-2-dev-challenge-citation-tax-registration-v1-2-g0011-business-identifier,ml_v1_2_dev_challenge_citation_tax_registration_v1_2,business_id_vs_tax_id,business_identifier,SECURITY_CRITICAL_PARTIAL,gold_span,BUSINESS_ID,BUSINESS_ID,123,133,82-3297338,REFERENCE_ID,0.5720352878173193,123,132,MASK,MASK
challenge_dev,132,ml-v1.2-dev_challenge-ml-v1-2-dev-challenge-citation-tax-registration-v1-2-g0012-business-identifier,ml_v1_2_dev_challenge_citation_tax_registration_v1_2,business_id_vs_tax_id,business_identifier,SECURITY_CRITICAL_PARTIAL,gold_span,BUSINESS_ID,TAX_ID,123,133,20-4462933,REFERENCE_ID,0.6953108310699463,123,125,MASK,MASK
challenge_dev,134,ml-v1.2-dev_challenge-ml-v1-2-dev-challenge-citation-tax-registration-v1-2-g0013-business-identifier,ml_v1_2_dev_challenge_citation_tax_registration_v1_2,business_id_vs_tax_id,business_identifier,SECURITY_CRITICAL_PARTIAL,gold_span,BUSINESS_ID,TAX_ID,123,133,81-4333245,REFERENCE_ID,0.7902094125747681,123,125,MASK,MASK
challenge_dev,136,ml-v1.2-dev_challenge-ml-v1-2-dev-challenge-citation-tax-registration-v1-2-g0014-business-identifier,ml_v1_2_dev_challenge_citation_tax_registration_v1_2,business_id_vs_tax_id,business_identifier,SECURITY_CRITICAL_PARTIAL,gold_span,BUSINESS_ID,TAX_ID,123,133,86-5789066,REFERENCE_ID,0.5668315887451172,123,125,MASK,MASK
challenge_dev,138,ml-v1.2-dev_challenge-ml-v1-2-dev-challenge-citation-tax-registration-v1-2-g0015-business-identifier,ml_v1_2_dev_challenge_citation_tax_registration_v1_2,business_id_vs_tax_id,business_identifier,SECURITY_CRITICAL_PARTIAL,gold_span,BUSINESS_ID,TAX_ID,123,133,83-5972312,REFERENCE_ID,0.5775558352470398,123,125,MASK,MASK
challenge_dev,140,ml-v1.2-dev_challenge-ml-v1-2-dev-challenge-citation-tax-registration-v1-2-g0016-business-identifier,ml_v1_2_dev_challenge_citation_tax_registration_v1_2,business_id_vs_tax_id,business_identifier,POLICY_SAFE_WRONG_CLASS,gold_span,BUSINESS_ID,TAX_ID,123,133,83-3399004,REFERENCE_ID,0.7527601718902588,123,133,MASK,MASK
challenge_dev,142,ml-v1.2-dev_challenge-ml-v1-2-dev-challenge-citation-tax-registration-v1-2-g0017-business-identifier,ml_v1_2_dev_challenge_citation_tax_registration_v1_2,business_id_vs_tax_id,business_identifier,SECURITY_CRITICAL_PARTIAL,gold_span,BUSINESS_ID,TAX_ID,123,133,83-4321304,REFERENCE_ID,0.7587693333625793,123,125,MASK,MASK
challenge_dev,144,ml-v1.2-dev_challenge-ml-v1-2-dev-challenge-dispatch-dotted-locator-v1-2-g0000-business-identifier,ml_v1_2_dev_challenge_dispatch_dotted_locator_v1_2,business_id_vs_ip_address,business_identifier,SECURITY_CRITICAL_MISS,gold_span,BUSINESS_ID,O,89,100,73.58.193.3,REQUEST_ID,,,,MASK,NONE
challenge_dev,146,ml-v1.2-dev_challenge-ml-v1-2-dev-challenge-dispatch-dotted-locator-v1-2-g0001-business-identifier,ml_v1_2_dev_challenge_dispatch_dotted_locator_v1_2,business_id_vs_ip_address,business_identifier,POLICY_SAFE_WRONG_CLASS,gold_span,BUSINESS_ID,IP_ADDRESS,89,102,91.60.210.127,REQUEST_ID,0.7016003131866455,89,102,MASK,MASK
challenge_dev,148,ml-v1.2-dev_challenge-ml-v1-2-dev-challenge-dispatch-dotted-locator-v1-2-g0002-business-identifier,ml_v1_2_dev_challenge_dispatch_dotted_locator_v1_2,business_id_vs_ip_address,business_identifier,SECURITY_CRITICAL_MISS,gold_span,BUSINESS_ID,O,89,102,23.156.30.205,REQUEST_ID,,,,MASK,NONE
challenge_dev,150,ml-v1.2-dev_challenge-ml-v1-2-dev-challenge-dispatch-dotted-locator-v1-2-g0003-business-identifier,ml_v1_2_dev_challenge_dispatch_dotted_locator_v1_2,business_id_vs_ip_address,business_identifier,SECURITY_CRITICAL_PARTIAL,gold_span,BUSINESS_ID,IP_ADDRESS,89,102,64.251.251.28,REQUEST_ID,0.5350464433431625,95,102,MASK,MASK
challenge_dev,152,ml-v1.2-dev_challenge-ml-v1-2-dev-challenge-dispatch-dotted-locator-v1-2-g0004-business-identifier,ml_v1_2_dev_challenge_dispatch_dotted_locator_v1_2,business_id_vs_ip_address,business_identifier,SECURITY_CRITICAL_PARTIAL,gold_span,BUSINESS_ID,IP_ADDRESS,89,102,37.183.140.76,REQUEST_ID,0.5444937944412231,95,96,MASK,MASK
challenge_dev,154,ml-v1.2-dev_challenge-ml-v1-2-dev-challenge-dispatch-dotted-locator-v1-2-g0005-business-identifier,ml_v1_2_dev_challenge_dispatch_dotted_locator_v1_2,business_id_vs_ip_address,business_identifier,SECURITY_CRITICAL_PARTIAL,gold_span,BUSINESS_ID,IP_ADDRESS,89,103,151.240.67.144,REQUEST_ID,0.5632887482643127,89,92,MASK,MASK
challenge_dev,156,ml-v1.2-dev_challenge-ml-v1-2-dev-challenge-dispatch-dotted-locator-v1-2-g0006-business-identifier,ml_v1_2_dev_challenge_dispatch_dotted_locator_v1_2,business_id_vs_ip_address,business_identifier,SECURITY_CRITICAL_MISS,gold_span,BUSINESS_ID,O,89,101,45.41.108.11,REQUEST_ID,,,,MASK,NONE
challenge_dev,158,ml-v1.2-dev_challenge-ml-v1-2-dev-challenge-dispatch-dotted-locator-v1-2-g0007-business-identifier,ml_v1_2_dev_challenge_dispatch_dotted_locator_v1_2,business_id_vs_ip_address,business_identifier,SECURITY_CRITICAL_PARTIAL,gold_span,BUSINESS_ID,IP_ADDRESS,89,104,128.163.149.106,REQUEST_ID,0.5862036943435669,89,92,MASK,MASK
challenge_dev,160,ml-v1.2-dev_challenge-ml-v1-2-dev-challenge-dispatch-dotted-locator-v1-2-g0008-business-identifier,ml_v1_2_dev_challenge_dispatch_dotted_locator_v1_2,business_id_vs_ip_address,business_identifier,SECURITY_CRITICAL_MISS,gold_span,BUSINESS_ID,O,89,102,11.204.19.230,REQUEST_ID,,,,MASK,NONE
challenge_dev,162,ml-v1.2-dev_challenge-ml-v1-2-dev-challenge-dispatch-dotted-locator-v1-2-g0009-business-identifier,ml_v1_2_dev_challenge_dispatch_dotted_locator_v1_2,business_id_vs_ip_address,business_identifier,SECURITY_CRITICAL_PARTIAL,gold_span,BUSINESS_ID,IP_ADDRESS,89,103,104.86.170.167,REQUEST_ID,0.7866392016410828,93,103,MASK,MASK
challenge_dev,164,ml-v1.2-dev_challenge-ml-v1-2-dev-challenge-dispatch-dotted-locator-v1-2-g0010-business-identifier,ml_v1_2_dev_challenge_dispatch_dotted_locator_v1_2,business_id_vs_ip_address,business_identifier,SECURITY_CRITICAL_MISS,gold_span,BUSINESS_ID,O,89,103,151.236.173.47,REQUEST_ID,,,,MASK,NONE
challenge_dev,166,ml-v1.2-dev_challenge-ml-v1-2-dev-challenge-dispatch-dotted-locator-v1-2-g0011-business-identifier,ml_v1_2_dev_challenge_dispatch_dotted_locator_v1_2,business_id_vs_ip_address,business_identifier,SECURITY_CRITICAL_PARTIAL,gold_span,BUSINESS_ID,IP_ADDRESS,89,103,217.175.177.28,REQUEST_ID,0.6626684904098511,93,103,MASK,MASK
challenge_dev,168,ml-v1.2-dev_challenge-ml-v1-2-dev-challenge-dispatch-dotted-locator-v1-2-g0012-business-identifier,ml_v1_2_dev_challenge_dispatch_dotted_locator_v1_2,business_id_vs_ip_address,business_identifier,SECURITY_CRITICAL_MISS,gold_span,BUSINESS_ID,O,89,102,203.216.71.26,REQUEST_ID,,,,MASK,NONE
challenge_dev,170,ml-v1.2-dev_challenge-ml-v1-2-dev-challenge-dispatch-dotted-locator-v1-2-g0013-business-identifier,ml_v1_2_dev_challenge_dispatch_dotted_locator_v1_2,business_id_vs_ip_address,business_identifier,SECURITY_CRITICAL_MISS,gold_span,BUSINESS_ID,O,89,101,172.225.8.43,REQUEST_ID,,,,MASK,NONE
challenge_dev,172,ml-v1.2-dev_challenge-ml-v1-2-dev-challenge-dispatch-dotted-locator-v1-2-g0014-business-identifier,ml_v1_2_dev_challenge_dispatch_dotted_locator_v1_2,business_id_vs_ip_address,business_identifier,SECURITY_CRITICAL_MISS,gold_span,BUSINESS_ID,O,89,104,172.160.223.131,REQUEST_ID,,,,MASK,NONE
challenge_dev,174,ml-v1.2-dev_challenge-ml-v1-2-dev-challenge-dispatch-dotted-locator-v1-2-g0015-business-identifier,ml_v1_2_dev_challenge_dispatch_dotted_locator_v1_2,business_id_vs_ip_address,business_identifier,SECURITY_CRITICAL_MISS,gold_span,BUSINESS_ID,O,89,102,45.239.239.91,REQUEST_ID,,,,MASK,NONE
challenge_dev,176,ml-v1.2-dev_challenge-ml-v1-2-dev-challenge-dispatch-dotted-locator-v1-2-g0016-business-identifier,ml_v1_2_dev_challenge_dispatch_dotted_locator_v1_2,business_id_vs_ip_address,business_identifier,SECURITY_CRITICAL_MISS,gold_span,BUSINESS_ID,O,89,103,128.242.16.125,REQUEST_ID,,,,MASK,NONE
challenge_dev,178,ml-v1.2-dev_challenge-ml-v1-2-dev-challenge-dispatch-dotted-locator-v1-2-g0017-business-identifier,ml_v1_2_dev_challenge_dispatch_dotted_locator_v1_2,business_id_vs_ip_address,business_identifier,SECURITY_CRITICAL_MISS,gold_span,BUSINESS_ID,O,89,101,73.1.120.130,REQUEST_ID,,,,MASK,NONE
challenge_dev,288,ml-v1.2-dev_challenge-ml-v1-2-dev-challenge-permit-passport-inspection-v1-2-g0000-business-identifier,ml_v1_2_dev_challenge_permit_passport_inspection_v1_2,business_id_vs_passport,business_identifier,POLICY_SAFE_WRONG_CLASS,gold_span,BUSINESS_ID,PASSPORT_NUMBER,98,107,C01651788,APPLICATION_ID,0.989620586236318,98,107,MASK,MASK
challenge_dev,290,ml-v1.2-dev_challenge-ml-v1-2-dev-challenge-permit-passport-inspection-v1-2-g0001-business-identifier,ml_v1_2_dev_challenge_permit_passport_inspection_v1_2,business_id_vs_passport,business_identifier,POLICY_SAFE_WRONG_CLASS,gold_span,BUSINESS_ID,PASSPORT_NUMBER,98,107,M64445503,APPLICATION_ID,0.9950394431749979,98,107,MASK,MASK
challenge_dev,292,ml-v1.2-dev_challenge-ml-v1-2-dev-challenge-permit-passport-inspection-v1-2-g0002-business-identifier,ml_v1_2_dev_challenge_permit_passport_inspection_v1_2,business_id_vs_passport,business_identifier,POLICY_SAFE_WRONG_CLASS,gold_span,BUSINESS_ID,PASSPORT_NUMBER,98,107,X43849317,APPLICATION_ID,0.9207385693277631,98,107,MASK,MASK
challenge_dev,294,ml-v1.2-dev_challenge-ml-v1-2-dev-challenge-permit-passport-inspection-v1-2-g0003-business-identifier,ml_v1_2_dev_challenge_permit_passport_inspection_v1_2,business_id_vs_passport,business_identifier,POLICY_SAFE_WRONG_CLASS,gold_span,BUSINESS_ID,PASSPORT_NUMBER,98,107,W62476524,APPLICATION_ID,0.99540443221728,98,107,MASK,MASK
challenge_dev,296,ml-v1.2-dev_challenge-ml-v1-2-dev-challenge-permit-passport-inspection-v1-2-g0004-business-identifier,ml_v1_2_dev_challenge_permit_passport_inspection_v1_2,business_id_vs_passport,business_identifier,POLICY_SAFE_WRONG_CLASS,gold_span,BUSINESS_ID,PASSPORT_NUMBER,98,107,S96175706,APPLICATION_ID,0.9932832888194493,98,107,MASK,MASK
challenge_dev,298,ml-v1.2-dev_challenge-ml-v1-2-dev-challenge-permit-passport-inspection-v1-2-g0005-business-identifier,ml_v1_2_dev_challenge_permit_passport_inspection_v1_2,business_id_vs_passport,business_identifier,POLICY_SAFE_WRONG_CLASS,gold_span,BUSINESS_ID,PASSPORT_NUMBER,98,107,P73462366,APPLICATION_ID,0.993955305644444,98,107,MASK,MASK
challenge_dev,300,ml-v1.2-dev_challenge-ml-v1-2-dev-challenge-permit-passport-inspection-v1-2-g0006-business-identifier,ml_v1_2_dev_challenge_permit_passport_inspection_v1_2,business_id_vs_passport,business_identifier,POLICY_SAFE_WRONG_CLASS,gold_span,BUSINESS_ID,PASSPORT_NUMBER,98,107,N06571968,APPLICATION_ID,0.9868250489234924,98,107,MASK,MASK
challenge_dev,302,ml-v1.2-dev_challenge-ml-v1-2-dev-challenge-permit-passport-inspection-v1-2-g0007-business-identifier,ml_v1_2_dev_challenge_permit_passport_inspection_v1_2,business_id_vs_passport,business_identifier,POLICY_SAFE_WRONG_CLASS,gold_span,BUSINESS_ID,PASSPORT_NUMBER,98,107,K73973947,APPLICATION_ID,0.996828685204188,98,107,MASK,MASK
challenge_dev,304,ml-v1.2-dev_challenge-ml-v1-2-dev-challenge-permit-passport-inspection-v1-2-g0008-business-identifier,ml_v1_2_dev_challenge_permit_passport_inspection_v1_2,business_id_vs_passport,business_identifier,POLICY_SAFE_WRONG_CLASS,gold_span,BUSINESS_ID,PASSPORT_NUMBER,98,107,S48136633,APPLICATION_ID,0.9864826500415802,98,107,MASK,MASK
challenge_dev,306,ml-v1.2-dev_challenge-ml-v1-2-dev-challenge-permit-passport-inspection-v1-2-g0009-business-identifier,ml_v1_2_dev_challenge_permit_passport_inspection_v1_2,business_id_vs_passport,business_identifier,POLICY_SAFE_WRONG_CLASS,gold_span,BUSINESS_ID,PASSPORT_NUMBER,98,107,C25483889,APPLICATION_ID,0.9743252595265707,98,107,MASK,MASK
challenge_dev,308,ml-v1.2-dev_challenge-ml-v1-2-dev-challenge-permit-passport-inspection-v1-2-g0010-business-identifier,ml_v1_2_dev_challenge_permit_passport_inspection_v1_2,business_id_vs_passport,business_identifier,POLICY_SAFE_WRONG_CLASS,gold_span,BUSINESS_ID,PASSPORT_NUMBER,98,107,S51566310,APPLICATION_ID,0.9915473631450108,98,107,MASK,MASK
challenge_dev,310,ml-v1.2-dev_challenge-ml-v1-2-dev-challenge-permit-passport-inspection-v1-2-g0011-business-identifier,ml_v1_2_dev_challenge_permit_passport_inspection_v1_2,business_id_vs_passport,business_identifier,POLICY_SAFE_WRONG_CLASS,gold_span,BUSINESS_ID,PASSPORT_NUMBER,98,107,B57427556,APPLICATION_ID,0.9815904923847744,98,107,MASK,MASK
challenge_dev,312,ml-v1.2-dev_challenge-ml-v1-2-dev-challenge-permit-passport-inspection-v1-2-g0012-business-identifier,ml_v1_2_dev_challenge_permit_passport_inspection_v1_2,business_id_vs_passport,business_identifier,POLICY_SAFE_WRONG_CLASS,gold_span,BUSINESS_ID,PASSPORT_NUMBER,98,107,U12748307,APPLICATION_ID,0.9859111607074738,98,107,MASK,MASK
challenge_dev,314,ml-v1.2-dev_challenge-ml-v1-2-dev-challenge-permit-passport-inspection-v1-2-g0013-business-identifier,ml_v1_2_dev_challenge_permit_passport_inspection_v1_2,business_id_vs_passport,business_identifier,POLICY_SAFE_WRONG_CLASS,gold_span,BUSINESS_ID,PASSPORT_NUMBER,98,107,T25955282,APPLICATION_ID,0.9094642897446951,98,107,MASK,MASK
challenge_dev,316,ml-v1.2-dev_challenge-ml-v1-2-dev-challenge-permit-passport-inspection-v1-2-g0014-business-identifier,ml_v1_2_dev_challenge_permit_passport_inspection_v1_2,business_id_vs_passport,business_identifier,POLICY_SAFE_WRONG_CLASS,gold_span,BUSINESS_ID,PASSPORT_NUMBER,98,107,Y20153049,APPLICATION_ID,0.9853291908899943,98,107,MASK,MASK
challenge_dev,318,ml-v1.2-dev_challenge-ml-v1-2-dev-challenge-permit-passport-inspection-v1-2-g0015-business-identifier,ml_v1_2_dev_challenge_permit_passport_inspection_v1_2,business_id_vs_passport,business_identifier,POLICY_SAFE_WRONG_CLASS,gold_span,BUSINESS_ID,PASSPORT_NUMBER,98,107,U46669147,APPLICATION_ID,0.9873529502323696,98,107,MASK,MASK
challenge_dev,320,ml-v1.2-dev_challenge-ml-v1-2-dev-challenge-permit-passport-inspection-v1-2-g0016-business-identifier,ml_v1_2_dev_challenge_permit_passport_inspection_v1_2,business_id_vs_passport,business_identifier,POLICY_SAFE_WRONG_CLASS,gold_span,BUSINESS_ID,PASSPORT_NUMBER,98,107,H96558645,APPLICATION_ID,0.9907744824886322,98,107,MASK,MASK
challenge_dev,322,ml-v1.2-dev_challenge-ml-v1-2-dev-challenge-permit-passport-inspection-v1-2-g0017-business-identifier,ml_v1_2_dev_challenge_permit_passport_inspection_v1_2,business_id_vs_passport,business_identifier,POLICY_SAFE_WRONG_CLASS,gold_span,BUSINESS_ID,PASSPORT_NUMBER,98,107,O03750058,APPLICATION_ID,0.9913938244183859,98,107,MASK,MASK
challenge_dev,432,ml-v1.2-dev_challenge-ml-v1-2-dev-challenge-remittance-auth-session-v1-2-g0000-business-identifier,ml_v1_2_dev_challenge_remittance_auth_session_v1_2,business_id_vs_auth_token,business_identifier,POLICY_SAFE_WRONG_CLASS,gold_span,BUSINESS_ID,AUTH_TOKEN,88,124,tok_u3uSOtSgaKyydh1zwUUI0CLOSlj21mCc,INVOICE_ID,0.9643913039139339,88,124,MASK,FULL_MASK
challenge_dev,434,ml-v1.2-dev_challenge-ml-v1-2-dev-challenge-remittance-auth-session-v1-2-g0001-business-identifier,ml_v1_2_dev_challenge_remittance_auth_session_v1_2,business_id_vs_auth_token,business_identifier,POLICY_SAFE_WRONG_CLASS,gold_span,BUSINESS_ID,AUTH_TOKEN,88,124,tok_hTHP8oCcZvDKiPTst3XgRmKW3hVXgl2u,INVOICE_ID,0.9980163194916465,88,124,MASK,FULL_MASK
challenge_dev,436,ml-v1.2-dev_challenge-ml-v1-2-dev-challenge-remittance-auth-session-v1-2-g0002-business-identifier,ml_v1_2_dev_challenge_remittance_auth_session_v1_2,business_id_vs_auth_token,business_identifier,POLICY_SAFE_WRONG_CLASS,gold_span,BUSINESS_ID,AUTH_TOKEN,88,124,tok_GNP2bD1KmwYXEHub8jxaBJDUfkNQFwxy,INVOICE_ID,0.9498003548191439,88,124,MASK,FULL_MASK
challenge_dev,438,ml-v1.2-dev_challenge-ml-v1-2-dev-challenge-remittance-auth-session-v1-2-g0003-business-identifier,ml_v1_2_dev_challenge_remittance_auth_session_v1_2,business_id_vs_auth_token,business_identifier,POLICY_SAFE_WRONG_CLASS,gold_span,BUSINESS_ID,AUTH_TOKEN,88,124,tok_K3NlL5NqkZ9tJ2JgXmd5GkYUCN50ZFoU,INVOICE_ID,0.9973192792950254,88,124,MASK,FULL_MASK
challenge_dev,440,ml-v1.2-dev_challenge-ml-v1-2-dev-challenge-remittance-auth-session-v1-2-g0004-business-identifier,ml_v1_2_dev_challenge_remittance_auth_session_v1_2,business_id_vs_auth_token,business_identifier,POLICY_SAFE_WRONG_CLASS,gold_span,BUSINESS_ID,AUTH_TOKEN,88,124,tok_mz4hPrKcX5UsaQlvvILj1gBQ32sPU2KC,INVOICE_ID,0.996901610866189,88,124,MASK,FULL_MASK
challenge_dev,442,ml-v1.2-dev_challenge-ml-v1-2-dev-challenge-remittance-auth-session-v1-2-g0005-business-identifier,ml_v1_2_dev_challenge_remittance_auth_session_v1_2,business_id_vs_auth_token,business_identifier,POLICY_SAFE_WRONG_CLASS,gold_span,BUSINESS_ID,AUTH_TOKEN,88,124,tok_Mlb7u5XSP7FJCrNIUd9AFWwEoEiX8Zr5,INVOICE_ID,0.9953439813107252,88,124,MASK,FULL_MASK
challenge_dev,444,ml-v1.2-dev_challenge-ml-v1-2-dev-challenge-remittance-auth-session-v1-2-g0006-business-identifier,ml_v1_2_dev_challenge_remittance_auth_session_v1_2,business_id_vs_auth_token,business_identifier,POLICY_SAFE_WRONG_CLASS,gold_span,BUSINESS_ID,AUTH_TOKEN,88,124,tok_i2okKa4OyDJSqdmXctJ4HX2tVBiPiOSX,INVOICE_ID,0.9573344742098162,88,124,MASK,FULL_MASK
challenge_dev,446,ml-v1.2-dev_challenge-ml-v1-2-dev-challenge-remittance-auth-session-v1-2-g0007-business-identifier,ml_v1_2_dev_challenge_remittance_auth_session_v1_2,business_id_vs_auth_token,business_identifier,POLICY_SAFE_WRONG_CLASS,gold_span,BUSINESS_ID,AUTH_TOKEN,88,124,tok_qDM1pcC5wQaQcuhkdfY7GV9yknlL9XGR,INVOICE_ID,0.9969766005392997,88,124,MASK,FULL_MASK
challenge_dev,448,ml-v1.2-dev_challenge-ml-v1-2-dev-challenge-remittance-auth-session-v1-2-g0008-business-identifier,ml_v1_2_dev_challenge_remittance_auth_session_v1_2,business_id_vs_auth_token,business_identifier,POLICY_SAFE_WRONG_CLASS,gold_span,BUSINESS_ID,AUTH_TOKEN,88,124,tok_ZAlnUw0Zd7Y3Q7gDsDuOzyhPNKvMyXkb,INVOICE_ID,0.9845200460404158,88,124,MASK,FULL_MASK
challenge_dev,450,ml-v1.2-dev_challenge-ml-v1-2-dev-challenge-remittance-auth-session-v1-2-g0009-business-identifier,ml_v1_2_dev_challenge_remittance_auth_session_v1_2,business_id_vs_auth_token,business_identifier,POLICY_SAFE_WRONG_CLASS,gold_span,BUSINESS_ID,AUTH_TOKEN,88,124,tok_jqIBntheexmYnac8Y7p642AtWjxX2XjL,INVOICE_ID,0.9980767049959728,88,124,MASK,FULL_MASK
challenge_dev,452,ml-v1.2-dev_challenge-ml-v1-2-dev-challenge-remittance-auth-session-v1-2-g0010-business-identifier,ml_v1_2_dev_challenge_remittance_auth_session_v1_2,business_id_vs_auth_token,business_identifier,POLICY_SAFE_WRONG_CLASS,gold_span,BUSINESS_ID,AUTH_TOKEN,88,124,tok_nlyjgZyF5fkX907kQJ7XjoHxV0EiLeF3,INVOICE_ID,0.9931545816361904,88,124,MASK,FULL_MASK
challenge_dev,454,ml-v1.2-dev_challenge-ml-v1-2-dev-challenge-remittance-auth-session-v1-2-g0011-business-identifier,ml_v1_2_dev_challenge_remittance_auth_session_v1_2,business_id_vs_auth_token,business_identifier,POLICY_SAFE_WRONG_CLASS,gold_span,BUSINESS_ID,AUTH_TOKEN,88,124,tok_CCrtVGkelQ3TiPbq8UgIB2XHr5dEtztC,INVOICE_ID,0.9972202099602798,88,124,MASK,FULL_MASK
challenge_dev,456,ml-v1.2-dev_challenge-ml-v1-2-dev-challenge-remittance-auth-session-v1-2-g0012-business-identifier,ml_v1_2_dev_challenge_remittance_auth_session_v1_2,business_id_vs_auth_token,business_identifier,POLICY_SAFE_WRONG_CLASS,gold_span,BUSINESS_ID,AUTH_TOKEN,88,124,tok_6Qj9pTbb8eN7MwgtlYuT2lMTTg0xYqNG,INVOICE_ID,0.9603674757865167,88,124,MASK,FULL_MASK
challenge_dev,458,ml-v1.2-dev_challenge-ml-v1-2-dev-challenge-remittance-auth-session-v1-2-g0013-business-identifier,ml_v1_2_dev_challenge_remittance_auth_session_v1_2,business_id_vs_auth_token,business_identifier,POLICY_SAFE_WRONG_CLASS,gold_span,BUSINESS_ID,AUTH_TOKEN,88,124,tok_fknvtsYvHf4cKJ6wKZNDnj7B5Av2lW4u,INVOICE_ID,0.9908559159799055,88,124,MASK,FULL_MASK
challenge_dev,460,ml-v1.2-dev_challenge-ml-v1-2-dev-challenge-remittance-auth-session-v1-2-g0014-business-identifier,ml_v1_2_dev_challenge_remittance_auth_session_v1_2,business_id_vs_auth_token,business_identifier,POLICY_SAFE_WRONG_CLASS,gold_span,BUSINESS_ID,AUTH_TOKEN,88,124,tok_9iLt7fFOJePB6r4YEPiDGFoT6IJeYkrl,INVOICE_ID,0.9937436400037823,88,124,MASK,FULL_MASK
challenge_dev,462,ml-v1.2-dev_challenge-ml-v1-2-dev-challenge-remittance-auth-session-v1-2-g0015-business-identifier,ml_v1_2_dev_challenge_remittance_auth_session_v1_2,business_id_vs_auth_token,business_identifier,POLICY_SAFE_WRONG_CLASS,gold_span,BUSINESS_ID,AUTH_TOKEN,88,124,tok_9QGkiSd0OLqZm3940xaGJw5df9kuhH60,INVOICE_ID,0.9497445502451488,88,124,MASK,FULL_MASK
challenge_dev,464,ml-v1.2-dev_challenge-ml-v1-2-dev-challenge-remittance-auth-session-v1-2-g0016-business-identifier,ml_v1_2_dev_challenge_remittance_auth_session_v1_2,business_id_vs_auth_token,business_identifier,POLICY_SAFE_WRONG_CLASS,gold_span,BUSINESS_ID,AUTH_TOKEN,88,124,tok_A4K55sKsF07mEZTItlKHNrxb4IrGPXB9,INVOICE_ID,0.8381942279877201,88,124,MASK,FULL_MASK
challenge_dev,466,ml-v1.2-dev_challenge-ml-v1-2-dev-challenge-remittance-auth-session-v1-2-g0017-business-identifier,ml_v1_2_dev_challenge_remittance_auth_session_v1_2,business_id_vs_auth_token,business_identifier,POLICY_SAFE_WRONG_CLASS,gold_span,BUSINESS_ID,AUTH_TOKEN,88,124,tok_MbbvsJYNCCJjzgKk8TgwTU5kbcjzVfrF,INVOICE_ID,0.9887967705726624,88,124,MASK,FULL_MASK
