split,record_index,record_id,source,template_family,error_category,text,gold_entity,predicted_entity,gold_span,predicted_span,gold_text,predicted_text,prediction_confidence,gold_label_probability
test,3,34238,gretel_finance_pii,,boundary-too-short,"**Republic of Canada**

**Income Tax Assessment Notice**

Assessment Number: 2387465-A1

Tax Year: 2021

Name: Céline Lucie Grondin

Street Address: 9497 Colleen Pine, Birdstad, ON, P1E 7G5

Greetings,

We are pleased to provide you with the Income Tax Assessment for the tax year 2021. We have reviewed your income sources, deductions, and calculated the taxable income based on the current laws. Here is the detailed assessment:

**Income Sources:**

1. Employment Income: $58,500
2. Rental Income: $12,000

**Deductions:**

1. RRSP Contributions: $5,500
2. Charitable Donations: $2,000
3. Union Dues: $1,200

**Taxable Income:**

Taxable Income: $64,800

**Tax Amount:**

Federal Tax: $11,452
Provincial Tax: $4,866
Total Tax: $16,318

**Payment Due Date:**

The tax amount is due on or before 04/30/2022.

Please note that interest will be charged on any outstanding balance after the due date at a rate of 5% per annum.

Thank you for your cooperation. If you have any questions or concerns, please contact us at 1-800-123-4567.

Sincerely,

[Your Name]
[Your Title]
[Your Organization]

api\_key: xoxb-644966805921-993140658298-NePGgVfA2HCQrU5S6CScYNDJ
date\_time: 05/22/1972 12:58 PM",STREET_ADDRESS,STREET_ADDRESS,"[149,189)","[149,176)","9497 Colleen Pine, Birdstad, ON, P1E 7G5","9497 Colleen Pine, Birdstad",0.9417696330282423,
test,23,47331,gretel_finance_pii,,boundary-too-short,"Equipment Financing. Application

I, Arturo Telemaco Basso, hereby apply for equipment financing with your esteemed institution. I am confident that the information provided below will enable you to make an informed decision regarding my creditworthiness.

Personal Information:
---------------------

* Full Name: Arturo Telemaco Basso
* Date of Birth: March 12, 1980
* Social Security Number: **[REDACTED]**
* Contact Number: (123) 456-7890
* Email Address: [arturo.basso@email.com](mailto:arturo.basso@email.com)
* Residential Address: 39285 Gibson Centers, Anytown, USA

Employment Information:
---------------------

* Employer: XYZ Corporation
* Position: Senior Software Engineer
* Annual Income: $120,000
* Years with Current Employer: 5 years
* Supervisor's Name and Contact Information: John Doe, (123) 456-7891, [johndoe@xyzcorp.com](mailto:johndoe@xyzcorp.com)

Equipment Information:
---------------------

* Equipment Type: Server Racks and Accessories
* Equipment Vendor: ServerWorld Inc.
* Estimated Equipment Cost: $35,000
* Purpose of Equipment: To expand the company's data center capabilities and support increasing workload demands

Financial Information:
---------------------

* Bank Name and Account Number: ABC Bank, Account Number: 123456789
* Monthly Mortgage/Rent Payment: $2,500
* Other Debts: Car Loan ($400/month), Credit Card Debt ($150/month)

Authorization:
--------------

I, Arturo Telemaco Basso, hereby authorize you to verify the information provided above and to obtain a credit report to assist in the evaluation of this application. I understand that you will keep this information confidential and secure.

Thank you for considering my application. I look forward to your positive response.

Sincerely,
",EMAIL,EMAIL,"[460,484)","[461,483)",[arturo.basso@email.com],arturo.basso@email.com,0.9885421925120883,
test,36,36874,gretel_finance_pii,,wrong entity class,"MT700
 :20A:OURS
 :23B:CRED
 :20C:ABC123
 :50A:/CN01/CN02
 :57A:K2118233
 :59A:Dario A. Endrizzi, 9842 John Isle
 :71A:IRREVOCABLE, SIGHT
 :72A:USD500,000.00
 :77B:USTRN
 :86A:ABC Bank, New York
 :88A:NYC TEST BRANCH, NEW YORK, NY 10001, US
 :DTW:20230215
 :BBK:ABC
 :BBA:ABC123
 :BAG:927654
 :BEA:213456
 :MFS:INV
 :NAD:ABC Bank, New York, NY, US
 :NAD:Dario A. Endrizzi, 9842 John Isle, US
 :RFF:/CN01/CN02
 :RFB:K2118233
 :RFT:ABC123
 :RT1:IRREVOCABLE, SIGHT
 :RT2:USD500,000.00
 :RT3:USTRN
 :RT4:ABC Bank, New York
 :RT5:NYC TEST BRANCH, NEW YORK, NY 10001, US
 :RTR:20230215
 :RTT:ABC
 :RTE:ABC123
 :RMB:927654
 :RMI:213456
 :RFS:INV
 :END:",BUSINESS_ID,PASSPORT_NUMBER,"[64,72)","[65,72)",K2118233,2118233,0.4666167423129082,
test,36,36874,gretel_finance_pii,,wrong entity class,"MT700
 :20A:OURS
 :23B:CRED
 :20C:ABC123
 :50A:/CN01/CN02
 :57A:K2118233
 :59A:Dario A. Endrizzi, 9842 John Isle
 :71A:IRREVOCABLE, SIGHT
 :72A:USD500,000.00
 :77B:USTRN
 :86A:ABC Bank, New York
 :88A:NYC TEST BRANCH, NEW YORK, NY 10001, US
 :DTW:20230215
 :BBK:ABC
 :BBA:ABC123
 :BAG:927654
 :BEA:213456
 :MFS:INV
 :NAD:ABC Bank, New York, NY, US
 :NAD:Dario A. Endrizzi, 9842 John Isle, US
 :RFF:/CN01/CN02
 :RFB:K2118233
 :RFT:ABC123
 :RT1:IRREVOCABLE, SIGHT
 :RT2:USD500,000.00
 :RT3:USTRN
 :RT4:ABC Bank, New York
 :RT5:NYC TEST BRANCH, NEW YORK, NY 10001, US
 :RTR:20230215
 :RTT:ABC
 :RTE:ABC123
 :RMB:927654
 :RMI:213456
 :RFS:INV
 :END:",BUSINESS_ID,PASSPORT_NUMBER,"[415,423)","[418,422)",K2118233,1823,0.3963245451450348,
test,36,36874,gretel_finance_pii,,false positive,"MT700
 :20A:OURS
 :23B:CRED
 :20C:ABC123
 :50A:/CN01/CN02
 :57A:K2118233
 :59A:Dario A. Endrizzi, 9842 John Isle
 :71A:IRREVOCABLE, SIGHT
 :72A:USD500,000.00
 :77B:USTRN
 :86A:ABC Bank, New York
 :88A:NYC TEST BRANCH, NEW YORK, NY 10001, US
 :DTW:20230215
 :BBK:ABC
 :BBA:ABC123
 :BAG:927654
 :BEA:213456
 :MFS:INV
 :NAD:ABC Bank, New York, NY, US
 :NAD:Dario A. Endrizzi, 9842 John Isle, US
 :RFF:/CN01/CN02
 :RFB:K2118233
 :RFT:ABC123
 :RT1:IRREVOCABLE, SIGHT
 :RT2:USD500,000.00
 :RT3:USTRN
 :RT4:ABC Bank, New York
 :RT5:NYC TEST BRANCH, NEW YORK, NY 10001, US
 :RTR:20230215
 :RTT:ABC
 :RTE:ABC123
 :RMB:927654
 :RMI:213456
 :RFS:INV
 :END:",,BUSINESS_ID,,"[64,65)",,K,0.2680143415927887,
test,36,36874,gretel_finance_pii,,false positive,"MT700
 :20A:OURS
 :23B:CRED
 :20C:ABC123
 :50A:/CN01/CN02
 :57A:K2118233
 :59A:Dario A. Endrizzi, 9842 John Isle
 :71A:IRREVOCABLE, SIGHT
 :72A:USD500,000.00
 :77B:USTRN
 :86A:ABC Bank, New York
 :88A:NYC TEST BRANCH, NEW YORK, NY 10001, US
 :DTW:20230215
 :BBK:ABC
 :BBA:ABC123
 :BAG:927654
 :BEA:213456
 :MFS:INV
 :NAD:ABC Bank, New York, NY, US
 :NAD:Dario A. Endrizzi, 9842 John Isle, US
 :RFF:/CN01/CN02
 :RFB:K2118233
 :RFT:ABC123
 :RT1:IRREVOCABLE, SIGHT
 :RT2:USD500,000.00
 :RT3:USTRN
 :RT4:ABC Bank, New York
 :RT5:NYC TEST BRANCH, NEW YORK, NY 10001, US
 :RTR:20230215
 :RTT:ABC
 :RTE:ABC123
 :RMB:927654
 :RMI:213456
 :RFS:INV
 :END:",,BUSINESS_ID,,"[416,418)",,21,0.3144601583480835,
test,41,32374,gretel_finance_pii,,boundary-too-short,"Dear Mr. Rogersmith,

We hope this message finds you well. We are writing to inform you of an important update regarding your insurance coverage with Christopher Beck-Marshall.

Your current policy, with the swift_bic_code VASHUSGV947, is set to expire soon. However, we are excited to announce that your coverage will be transferred to a new policy, ensuring continued protection and peace of mind.

The new policy will take effect on the same renewal date as your current policy. Your coverage details and benefits will remain unchanged, and you can continue to enjoy the same level of service and support.

The premium amount for the new policy will be communicated to you separately. Please be assured that we have taken great care to ensure a smooth transition, and we are here to assist you with any questions or concerns you may have.

To facilitate the transfer, please ensure that all necessary documents and information are up-to-date. You can update your details by visiting our website or contacting our customer service team at your earliest convenience.

We appreciate your continued trust in Christopher Beck-Marshall and look forward to serving you under the new policy.

Sincerely,

[Your Name]
[Your Title]
Christopher Beck-Marshall
66027 Lori Creek
[City, State, Zip Code]
[Phone Number]
[Email Address]",PERSON_NAME,PERSON_NAME,"[5,19)","[9,19)",Mr. Rogersmith,Rogersmith,0.7943316102027893,
test,43,32454,gretel_finance_pii,,false negative,"NOVATION PROCESS

1.01 In this section, the following definitions apply:

""Novation"" means the substitution of a new Counterparty in place of a prior Counterparty to a Transaction, with the consent of all parties involved.

1.02 Novation shall be effected by:

(a) the prior Counterparty and the New Counterparty entering into a novation agreement in a form acceptable to the Administrator;

(b) the prior Counterparty providing notice of novation to the other party to the Transaction and the Administrator; and

(c) the New Counterparty providing to the other party to the Transaction and the Administrator any credit support or other information required under the Transaction or this Agreement.

1.03 Upon novation, all rights and obligations of the prior Counterparty under the Transaction and this Agreement shall be transferred to and become the rights and obligations of the New Counterparty.

1.04 The New Counterparty shall assume all obligations and liabilities of the prior Counterparty under the Transaction and this Agreement, including any obligation to pay, transfer or deliver any amount or other thing in connection with the Transaction.

1.05 The prior Counterparty shall be discharged from all obligations and liabilities under the Transaction and this Agreement, except that the prior Counterparty shall remain liable for any breach of the Transaction or this Agreement that occurred prior to the novation.

1.06 The prior Counterparty's liability for any such breach shall not be affected by the novation.

1.07 The New Counterparty's consent to the novation shall be deemed to include consent to the assignment to the New Counterparty of all rights of the prior Counterparty under the Transaction and this Agreement.

1.08 The prior Counterparty shall be referred to as the ""Transferor"" and the New Counterparty shall be referred to as the ""Transferee"".

1.09 The following information shall be provided to the Administrator in connection with the novation:

(a) the name and address of the Transferor: Smith-Rowland, 883 Susan Islands, 19967, Rosaleschester;

(b) the name and address of the Transferee;

(c",PERSON_NAME,,"[144,162)",,prior Counterparty,,,0.00029854376043658704
test,43,32454,gretel_finance_pii,,false negative,"NOVATION PROCESS

1.01 In this section, the following definitions apply:

""Novation"" means the substitution of a new Counterparty in place of a prior Counterparty to a Transaction, with the consent of all parties involved.

1.02 Novation shall be effected by:

(a) the prior Counterparty and the New Counterparty entering into a novation agreement in a form acceptable to the Administrator;

(b) the prior Counterparty providing notice of novation to the other party to the Transaction and the Administrator; and

(c) the New Counterparty providing to the other party to the Transaction and the Administrator any credit support or other information required under the Transaction or this Agreement.

1.03 Upon novation, all rights and obligations of the prior Counterparty under the Transaction and this Agreement shall be transferred to and become the rights and obligations of the New Counterparty.

1.04 The New Counterparty shall assume all obligations and liabilities of the prior Counterparty under the Transaction and this Agreement, including any obligation to pay, transfer or deliver any amount or other thing in connection with the Transaction.

1.05 The prior Counterparty shall be discharged from all obligations and liabilities under the Transaction and this Agreement, except that the prior Counterparty shall remain liable for any breach of the Transaction or this Agreement that occurred prior to the novation.

1.06 The prior Counterparty's liability for any such breach shall not be affected by the novation.

1.07 The New Counterparty's consent to the novation shall be deemed to include consent to the assignment to the New Counterparty of all rights of the prior Counterparty under the Transaction and this Agreement.

1.08 The prior Counterparty shall be referred to as the ""Transferor"" and the New Counterparty shall be referred to as the ""Transferee"".

1.09 The following information shall be provided to the Administrator in connection with the novation:

(a) the name and address of the Transferor: Smith-Rowland, 883 Susan Islands, 19967, Rosaleschester;

(b) the name and address of the Transferee;

(c",PERSON_NAME,,"[269,287)",,prior Counterparty,,,0.013708254438824952
test,43,32454,gretel_finance_pii,,false negative,"NOVATION PROCESS

1.01 In this section, the following definitions apply:

""Novation"" means the substitution of a new Counterparty in place of a prior Counterparty to a Transaction, with the consent of all parties involved.

1.02 Novation shall be effected by:

(a) the prior Counterparty and the New Counterparty entering into a novation agreement in a form acceptable to the Administrator;

(b) the prior Counterparty providing notice of novation to the other party to the Transaction and the Administrator; and

(c) the New Counterparty providing to the other party to the Transaction and the Administrator any credit support or other information required under the Transaction or this Agreement.

1.03 Upon novation, all rights and obligations of the prior Counterparty under the Transaction and this Agreement shall be transferred to and become the rights and obligations of the New Counterparty.

1.04 The New Counterparty shall assume all obligations and liabilities of the prior Counterparty under the Transaction and this Agreement, including any obligation to pay, transfer or deliver any amount or other thing in connection with the Transaction.

1.05 The prior Counterparty shall be discharged from all obligations and liabilities under the Transaction and this Agreement, except that the prior Counterparty shall remain liable for any breach of the Transaction or this Agreement that occurred prior to the novation.

1.06 The prior Counterparty's liability for any such breach shall not be affected by the novation.

1.07 The New Counterparty's consent to the novation shall be deemed to include consent to the assignment to the New Counterparty of all rights of the prior Counterparty under the Transaction and this Agreement.

1.08 The prior Counterparty shall be referred to as the ""Transferor"" and the New Counterparty shall be referred to as the ""Transferee"".

1.09 The following information shall be provided to the Administrator in connection with the novation:

(a) the name and address of the Transferor: Smith-Rowland, 883 Susan Islands, 19967, Rosaleschester;

(b) the name and address of the Transferee;

(c",PERSON_NAME,,"[296,312)",,New Counterparty,,,0.011533679207786918
test,43,32454,gretel_finance_pii,,false negative,"NOVATION PROCESS

1.01 In this section, the following definitions apply:

""Novation"" means the substitution of a new Counterparty in place of a prior Counterparty to a Transaction, with the consent of all parties involved.

1.02 Novation shall be effected by:

(a) the prior Counterparty and the New Counterparty entering into a novation agreement in a form acceptable to the Administrator;

(b) the prior Counterparty providing notice of novation to the other party to the Transaction and the Administrator; and

(c) the New Counterparty providing to the other party to the Transaction and the Administrator any credit support or other information required under the Transaction or this Agreement.

1.03 Upon novation, all rights and obligations of the prior Counterparty under the Transaction and this Agreement shall be transferred to and become the rights and obligations of the New Counterparty.

1.04 The New Counterparty shall assume all obligations and liabilities of the prior Counterparty under the Transaction and this Agreement, including any obligation to pay, transfer or deliver any amount or other thing in connection with the Transaction.

1.05 The prior Counterparty shall be discharged from all obligations and liabilities under the Transaction and this Agreement, except that the prior Counterparty shall remain liable for any breach of the Transaction or this Agreement that occurred prior to the novation.

1.06 The prior Counterparty's liability for any such breach shall not be affected by the novation.

1.07 The New Counterparty's consent to the novation shall be deemed to include consent to the assignment to the New Counterparty of all rights of the prior Counterparty under the Transaction and this Agreement.

1.08 The prior Counterparty shall be referred to as the ""Transferor"" and the New Counterparty shall be referred to as the ""Transferee"".

1.09 The following information shall be provided to the Administrator in connection with the novation:

(a) the name and address of the Transferor: Smith-Rowland, 883 Susan Islands, 19967, Rosaleschester;

(b) the name and address of the Transferee;

(c",PERSON_NAME,,"[400,418)",,prior Counterparty,,,0.04563410859555006
test,43,32454,gretel_finance_pii,,false negative,"NOVATION PROCESS

1.01 In this section, the following definitions apply:

""Novation"" means the substitution of a new Counterparty in place of a prior Counterparty to a Transaction, with the consent of all parties involved.

1.02 Novation shall be effected by:

(a) the prior Counterparty and the New Counterparty entering into a novation agreement in a form acceptable to the Administrator;

(b) the prior Counterparty providing notice of novation to the other party to the Transaction and the Administrator; and

(c) the New Counterparty providing to the other party to the Transaction and the Administrator any credit support or other information required under the Transaction or this Agreement.

1.03 Upon novation, all rights and obligations of the prior Counterparty under the Transaction and this Agreement shall be transferred to and become the rights and obligations of the New Counterparty.

1.04 The New Counterparty shall assume all obligations and liabilities of the prior Counterparty under the Transaction and this Agreement, including any obligation to pay, transfer or deliver any amount or other thing in connection with the Transaction.

1.05 The prior Counterparty shall be discharged from all obligations and liabilities under the Transaction and this Agreement, except that the prior Counterparty shall remain liable for any breach of the Transaction or this Agreement that occurred prior to the novation.

1.06 The prior Counterparty's liability for any such breach shall not be affected by the novation.

1.07 The New Counterparty's consent to the novation shall be deemed to include consent to the assignment to the New Counterparty of all rights of the prior Counterparty under the Transaction and this Agreement.

1.08 The prior Counterparty shall be referred to as the ""Transferor"" and the New Counterparty shall be referred to as the ""Transferee"".

1.09 The following information shall be provided to the Administrator in connection with the novation:

(a) the name and address of the Transferor: Smith-Rowland, 883 Susan Islands, 19967, Rosaleschester;

(b) the name and address of the Transferee;

(c",PERSON_NAME,,"[522,538)",,New Counterparty,,,0.0017237140273209661
test,43,32454,gretel_finance_pii,,false negative,"NOVATION PROCESS

1.01 In this section, the following definitions apply:

""Novation"" means the substitution of a new Counterparty in place of a prior Counterparty to a Transaction, with the consent of all parties involved.

1.02 Novation shall be effected by:

(a) the prior Counterparty and the New Counterparty entering into a novation agreement in a form acceptable to the Administrator;

(b) the prior Counterparty providing notice of novation to the other party to the Transaction and the Administrator; and

(c) the New Counterparty providing to the other party to the Transaction and the Administrator any credit support or other information required under the Transaction or this Agreement.

1.03 Upon novation, all rights and obligations of the prior Counterparty under the Transaction and this Agreement shall be transferred to and become the rights and obligations of the New Counterparty.

1.04 The New Counterparty shall assume all obligations and liabilities of the prior Counterparty under the Transaction and this Agreement, including any obligation to pay, transfer or deliver any amount or other thing in connection with the Transaction.

1.05 The prior Counterparty shall be discharged from all obligations and liabilities under the Transaction and this Agreement, except that the prior Counterparty shall remain liable for any breach of the Transaction or this Agreement that occurred prior to the novation.

1.06 The prior Counterparty's liability for any such breach shall not be affected by the novation.

1.07 The New Counterparty's consent to the novation shall be deemed to include consent to the assignment to the New Counterparty of all rights of the prior Counterparty under the Transaction and this Agreement.

1.08 The prior Counterparty shall be referred to as the ""Transferor"" and the New Counterparty shall be referred to as the ""Transferee"".

1.09 The following information shall be provided to the Administrator in connection with the novation:

(a) the name and address of the Transferor: Smith-Rowland, 883 Susan Islands, 19967, Rosaleschester;

(b) the name and address of the Transferee;

(c",PERSON_NAME,,"[754,772)",,prior Counterparty,,,0.00034368809065199457
test,43,32454,gretel_finance_pii,,false negative,"NOVATION PROCESS

1.01 In this section, the following definitions apply:

""Novation"" means the substitution of a new Counterparty in place of a prior Counterparty to a Transaction, with the consent of all parties involved.

1.02 Novation shall be effected by:

(a) the prior Counterparty and the New Counterparty entering into a novation agreement in a form acceptable to the Administrator;

(b) the prior Counterparty providing notice of novation to the other party to the Transaction and the Administrator; and

(c) the New Counterparty providing to the other party to the Transaction and the Administrator any credit support or other information required under the Transaction or this Agreement.

1.03 Upon novation, all rights and obligations of the prior Counterparty under the Transaction and this Agreement shall be transferred to and become the rights and obligations of the New Counterparty.

1.04 The New Counterparty shall assume all obligations and liabilities of the prior Counterparty under the Transaction and this Agreement, including any obligation to pay, transfer or deliver any amount or other thing in connection with the Transaction.

1.05 The prior Counterparty shall be discharged from all obligations and liabilities under the Transaction and this Agreement, except that the prior Counterparty shall remain liable for any breach of the Transaction or this Agreement that occurred prior to the novation.

1.06 The prior Counterparty's liability for any such breach shall not be affected by the novation.

1.07 The New Counterparty's consent to the novation shall be deemed to include consent to the assignment to the New Counterparty of all rights of the prior Counterparty under the Transaction and this Agreement.

1.08 The prior Counterparty shall be referred to as the ""Transferor"" and the New Counterparty shall be referred to as the ""Transferee"".

1.09 The following information shall be provided to the Administrator in connection with the novation:

(a) the name and address of the Transferor: Smith-Rowland, 883 Susan Islands, 19967, Rosaleschester;

(b) the name and address of the Transferee;

(c",PERSON_NAME,,"[883,899)",,New Counterparty,,,0.0001334129865426803
test,43,32454,gretel_finance_pii,,false negative,"NOVATION PROCESS

1.01 In this section, the following definitions apply:

""Novation"" means the substitution of a new Counterparty in place of a prior Counterparty to a Transaction, with the consent of all parties involved.

1.02 Novation shall be effected by:

(a) the prior Counterparty and the New Counterparty entering into a novation agreement in a form acceptable to the Administrator;

(b) the prior Counterparty providing notice of novation to the other party to the Transaction and the Administrator; and

(c) the New Counterparty providing to the other party to the Transaction and the Administrator any credit support or other information required under the Transaction or this Agreement.

1.03 Upon novation, all rights and obligations of the prior Counterparty under the Transaction and this Agreement shall be transferred to and become the rights and obligations of the New Counterparty.

1.04 The New Counterparty shall assume all obligations and liabilities of the prior Counterparty under the Transaction and this Agreement, including any obligation to pay, transfer or deliver any amount or other thing in connection with the Transaction.

1.05 The prior Counterparty shall be discharged from all obligations and liabilities under the Transaction and this Agreement, except that the prior Counterparty shall remain liable for any breach of the Transaction or this Agreement that occurred prior to the novation.

1.06 The prior Counterparty's liability for any such breach shall not be affected by the novation.

1.07 The New Counterparty's consent to the novation shall be deemed to include consent to the assignment to the New Counterparty of all rights of the prior Counterparty under the Transaction and this Agreement.

1.08 The prior Counterparty shall be referred to as the ""Transferor"" and the New Counterparty shall be referred to as the ""Transferee"".

1.09 The following information shall be provided to the Administrator in connection with the novation:

(a) the name and address of the Transferor: Smith-Rowland, 883 Susan Islands, 19967, Rosaleschester;

(b) the name and address of the Transferee;

(c",PERSON_NAME,,"[911,927)",,New Counterparty,,,0.0010116721241502091
test,43,32454,gretel_finance_pii,,false negative,"NOVATION PROCESS

1.01 In this section, the following definitions apply:

""Novation"" means the substitution of a new Counterparty in place of a prior Counterparty to a Transaction, with the consent of all parties involved.

1.02 Novation shall be effected by:

(a) the prior Counterparty and the New Counterparty entering into a novation agreement in a form acceptable to the Administrator;

(b) the prior Counterparty providing notice of novation to the other party to the Transaction and the Administrator; and

(c) the New Counterparty providing to the other party to the Transaction and the Administrator any credit support or other information required under the Transaction or this Agreement.

1.03 Upon novation, all rights and obligations of the prior Counterparty under the Transaction and this Agreement shall be transferred to and become the rights and obligations of the New Counterparty.

1.04 The New Counterparty shall assume all obligations and liabilities of the prior Counterparty under the Transaction and this Agreement, including any obligation to pay, transfer or deliver any amount or other thing in connection with the Transaction.

1.05 The prior Counterparty shall be discharged from all obligations and liabilities under the Transaction and this Agreement, except that the prior Counterparty shall remain liable for any breach of the Transaction or this Agreement that occurred prior to the novation.

1.06 The prior Counterparty's liability for any such breach shall not be affected by the novation.

1.07 The New Counterparty's consent to the novation shall be deemed to include consent to the assignment to the New Counterparty of all rights of the prior Counterparty under the Transaction and this Agreement.

1.08 The prior Counterparty shall be referred to as the ""Transferor"" and the New Counterparty shall be referred to as the ""Transferee"".

1.09 The following information shall be provided to the Administrator in connection with the novation:

(a) the name and address of the Transferor: Smith-Rowland, 883 Susan Islands, 19967, Rosaleschester;

(b) the name and address of the Transferee;

(c",PERSON_NAME,,"[980,998)",,prior Counterparty,,,0.000500462730997242
test,43,32454,gretel_finance_pii,,false negative,"NOVATION PROCESS

1.01 In this section, the following definitions apply:

""Novation"" means the substitution of a new Counterparty in place of a prior Counterparty to a Transaction, with the consent of all parties involved.

1.02 Novation shall be effected by:

(a) the prior Counterparty and the New Counterparty entering into a novation agreement in a form acceptable to the Administrator;

(b) the prior Counterparty providing notice of novation to the other party to the Transaction and the Administrator; and

(c) the New Counterparty providing to the other party to the Transaction and the Administrator any credit support or other information required under the Transaction or this Agreement.

1.03 Upon novation, all rights and obligations of the prior Counterparty under the Transaction and this Agreement shall be transferred to and become the rights and obligations of the New Counterparty.

1.04 The New Counterparty shall assume all obligations and liabilities of the prior Counterparty under the Transaction and this Agreement, including any obligation to pay, transfer or deliver any amount or other thing in connection with the Transaction.

1.05 The prior Counterparty shall be discharged from all obligations and liabilities under the Transaction and this Agreement, except that the prior Counterparty shall remain liable for any breach of the Transaction or this Agreement that occurred prior to the novation.

1.06 The prior Counterparty's liability for any such breach shall not be affected by the novation.

1.07 The New Counterparty's consent to the novation shall be deemed to include consent to the assignment to the New Counterparty of all rights of the prior Counterparty under the Transaction and this Agreement.

1.08 The prior Counterparty shall be referred to as the ""Transferor"" and the New Counterparty shall be referred to as the ""Transferee"".

1.09 The following information shall be provided to the Administrator in connection with the novation:

(a) the name and address of the Transferor: Smith-Rowland, 883 Susan Islands, 19967, Rosaleschester;

(b) the name and address of the Transferee;

(c",PERSON_NAME,,"[1166,1184)",,prior Counterparty,,,0.012868798919953406
test,43,32454,gretel_finance_pii,,false negative,"NOVATION PROCESS

1.01 In this section, the following definitions apply:

""Novation"" means the substitution of a new Counterparty in place of a prior Counterparty to a Transaction, with the consent of all parties involved.

1.02 Novation shall be effected by:

(a) the prior Counterparty and the New Counterparty entering into a novation agreement in a form acceptable to the Administrator;

(b) the prior Counterparty providing notice of novation to the other party to the Transaction and the Administrator; and

(c) the New Counterparty providing to the other party to the Transaction and the Administrator any credit support or other information required under the Transaction or this Agreement.

1.03 Upon novation, all rights and obligations of the prior Counterparty under the Transaction and this Agreement shall be transferred to and become the rights and obligations of the New Counterparty.

1.04 The New Counterparty shall assume all obligations and liabilities of the prior Counterparty under the Transaction and this Agreement, including any obligation to pay, transfer or deliver any amount or other thing in connection with the Transaction.

1.05 The prior Counterparty shall be discharged from all obligations and liabilities under the Transaction and this Agreement, except that the prior Counterparty shall remain liable for any breach of the Transaction or this Agreement that occurred prior to the novation.

1.06 The prior Counterparty's liability for any such breach shall not be affected by the novation.

1.07 The New Counterparty's consent to the novation shall be deemed to include consent to the assignment to the New Counterparty of all rights of the prior Counterparty under the Transaction and this Agreement.

1.08 The prior Counterparty shall be referred to as the ""Transferor"" and the New Counterparty shall be referred to as the ""Transferee"".

1.09 The following information shall be provided to the Administrator in connection with the novation:

(a) the name and address of the Transferor: Smith-Rowland, 883 Susan Islands, 19967, Rosaleschester;

(b) the name and address of the Transferee;

(c",PERSON_NAME,,"[1300,1318)",,prior Counterparty,,,0.020486334105953574
test,43,32454,gretel_finance_pii,,false negative,"NOVATION PROCESS

1.01 In this section, the following definitions apply:

""Novation"" means the substitution of a new Counterparty in place of a prior Counterparty to a Transaction, with the consent of all parties involved.

1.02 Novation shall be effected by:

(a) the prior Counterparty and the New Counterparty entering into a novation agreement in a form acceptable to the Administrator;

(b) the prior Counterparty providing notice of novation to the other party to the Transaction and the Administrator; and

(c) the New Counterparty providing to the other party to the Transaction and the Administrator any credit support or other information required under the Transaction or this Agreement.

1.03 Upon novation, all rights and obligations of the prior Counterparty under the Transaction and this Agreement shall be transferred to and become the rights and obligations of the New Counterparty.

1.04 The New Counterparty shall assume all obligations and liabilities of the prior Counterparty under the Transaction and this Agreement, including any obligation to pay, transfer or deliver any amount or other thing in connection with the Transaction.

1.05 The prior Counterparty shall be discharged from all obligations and liabilities under the Transaction and this Agreement, except that the prior Counterparty shall remain liable for any breach of the Transaction or this Agreement that occurred prior to the novation.

1.06 The prior Counterparty's liability for any such breach shall not be affected by the novation.

1.07 The New Counterparty's consent to the novation shall be deemed to include consent to the assignment to the New Counterparty of all rights of the prior Counterparty under the Transaction and this Agreement.

1.08 The prior Counterparty shall be referred to as the ""Transferor"" and the New Counterparty shall be referred to as the ""Transferee"".

1.09 The following information shall be provided to the Administrator in connection with the novation:

(a) the name and address of the Transferor: Smith-Rowland, 883 Susan Islands, 19967, Rosaleschester;

(b) the name and address of the Transferee;

(c",PERSON_NAME,,"[1438,1456)",,prior Counterparty,,,0.0010870443511521444
test,43,32454,gretel_finance_pii,,false negative,"NOVATION PROCESS

1.01 In this section, the following definitions apply:

""Novation"" means the substitution of a new Counterparty in place of a prior Counterparty to a Transaction, with the consent of all parties involved.

1.02 Novation shall be effected by:

(a) the prior Counterparty and the New Counterparty entering into a novation agreement in a form acceptable to the Administrator;

(b) the prior Counterparty providing notice of novation to the other party to the Transaction and the Administrator; and

(c) the New Counterparty providing to the other party to the Transaction and the Administrator any credit support or other information required under the Transaction or this Agreement.

1.03 Upon novation, all rights and obligations of the prior Counterparty under the Transaction and this Agreement shall be transferred to and become the rights and obligations of the New Counterparty.

1.04 The New Counterparty shall assume all obligations and liabilities of the prior Counterparty under the Transaction and this Agreement, including any obligation to pay, transfer or deliver any amount or other thing in connection with the Transaction.

1.05 The prior Counterparty shall be discharged from all obligations and liabilities under the Transaction and this Agreement, except that the prior Counterparty shall remain liable for any breach of the Transaction or this Agreement that occurred prior to the novation.

1.06 The prior Counterparty's liability for any such breach shall not be affected by the novation.

1.07 The New Counterparty's consent to the novation shall be deemed to include consent to the assignment to the New Counterparty of all rights of the prior Counterparty under the Transaction and this Agreement.

1.08 The prior Counterparty shall be referred to as the ""Transferor"" and the New Counterparty shall be referred to as the ""Transferee"".

1.09 The following information shall be provided to the Administrator in connection with the novation:

(a) the name and address of the Transferor: Smith-Rowland, 883 Susan Islands, 19967, Rosaleschester;

(b) the name and address of the Transferee;

(c",PERSON_NAME,,"[1538,1554)",,New Counterparty,,,0.00023659109137952328
test,43,32454,gretel_finance_pii,,false negative,"NOVATION PROCESS

1.01 In this section, the following definitions apply:

""Novation"" means the substitution of a new Counterparty in place of a prior Counterparty to a Transaction, with the consent of all parties involved.

1.02 Novation shall be effected by:

(a) the prior Counterparty and the New Counterparty entering into a novation agreement in a form acceptable to the Administrator;

(b) the prior Counterparty providing notice of novation to the other party to the Transaction and the Administrator; and

(c) the New Counterparty providing to the other party to the Transaction and the Administrator any credit support or other information required under the Transaction or this Agreement.

1.03 Upon novation, all rights and obligations of the prior Counterparty under the Transaction and this Agreement shall be transferred to and become the rights and obligations of the New Counterparty.

1.04 The New Counterparty shall assume all obligations and liabilities of the prior Counterparty under the Transaction and this Agreement, including any obligation to pay, transfer or deliver any amount or other thing in connection with the Transaction.

1.05 The prior Counterparty shall be discharged from all obligations and liabilities under the Transaction and this Agreement, except that the prior Counterparty shall remain liable for any breach of the Transaction or this Agreement that occurred prior to the novation.

1.06 The prior Counterparty's liability for any such breach shall not be affected by the novation.

1.07 The New Counterparty's consent to the novation shall be deemed to include consent to the assignment to the New Counterparty of all rights of the prior Counterparty under the Transaction and this Agreement.

1.08 The prior Counterparty shall be referred to as the ""Transferor"" and the New Counterparty shall be referred to as the ""Transferee"".

1.09 The following information shall be provided to the Administrator in connection with the novation:

(a) the name and address of the Transferor: Smith-Rowland, 883 Susan Islands, 19967, Rosaleschester;

(b) the name and address of the Transferee;

(c",PERSON_NAME,,"[1641,1657)",,New Counterparty,,,0.0010331745143048465
test,43,32454,gretel_finance_pii,,false negative,"NOVATION PROCESS

1.01 In this section, the following definitions apply:

""Novation"" means the substitution of a new Counterparty in place of a prior Counterparty to a Transaction, with the consent of all parties involved.

1.02 Novation shall be effected by:

(a) the prior Counterparty and the New Counterparty entering into a novation agreement in a form acceptable to the Administrator;

(b) the prior Counterparty providing notice of novation to the other party to the Transaction and the Administrator; and

(c) the New Counterparty providing to the other party to the Transaction and the Administrator any credit support or other information required under the Transaction or this Agreement.

1.03 Upon novation, all rights and obligations of the prior Counterparty under the Transaction and this Agreement shall be transferred to and become the rights and obligations of the New Counterparty.

1.04 The New Counterparty shall assume all obligations and liabilities of the prior Counterparty under the Transaction and this Agreement, including any obligation to pay, transfer or deliver any amount or other thing in connection with the Transaction.

1.05 The prior Counterparty shall be discharged from all obligations and liabilities under the Transaction and this Agreement, except that the prior Counterparty shall remain liable for any breach of the Transaction or this Agreement that occurred prior to the novation.

1.06 The prior Counterparty's liability for any such breach shall not be affected by the novation.

1.07 The New Counterparty's consent to the novation shall be deemed to include consent to the assignment to the New Counterparty of all rights of the prior Counterparty under the Transaction and this Agreement.

1.08 The prior Counterparty shall be referred to as the ""Transferor"" and the New Counterparty shall be referred to as the ""Transferee"".

1.09 The following information shall be provided to the Administrator in connection with the novation:

(a) the name and address of the Transferor: Smith-Rowland, 883 Susan Islands, 19967, Rosaleschester;

(b) the name and address of the Transferee;

(c",PERSON_NAME,,"[1679,1697)",,prior Counterparty,,,0.0007648811370017938
test,43,32454,gretel_finance_pii,,false negative,"NOVATION PROCESS

1.01 In this section, the following definitions apply:

""Novation"" means the substitution of a new Counterparty in place of a prior Counterparty to a Transaction, with the consent of all parties involved.

1.02 Novation shall be effected by:

(a) the prior Counterparty and the New Counterparty entering into a novation agreement in a form acceptable to the Administrator;

(b) the prior Counterparty providing notice of novation to the other party to the Transaction and the Administrator; and

(c) the New Counterparty providing to the other party to the Transaction and the Administrator any credit support or other information required under the Transaction or this Agreement.

1.03 Upon novation, all rights and obligations of the prior Counterparty under the Transaction and this Agreement shall be transferred to and become the rights and obligations of the New Counterparty.

1.04 The New Counterparty shall assume all obligations and liabilities of the prior Counterparty under the Transaction and this Agreement, including any obligation to pay, transfer or deliver any amount or other thing in connection with the Transaction.

1.05 The prior Counterparty shall be discharged from all obligations and liabilities under the Transaction and this Agreement, except that the prior Counterparty shall remain liable for any breach of the Transaction or this Agreement that occurred prior to the novation.

1.06 The prior Counterparty's liability for any such breach shall not be affected by the novation.

1.07 The New Counterparty's consent to the novation shall be deemed to include consent to the assignment to the New Counterparty of all rights of the prior Counterparty under the Transaction and this Agreement.

1.08 The prior Counterparty shall be referred to as the ""Transferor"" and the New Counterparty shall be referred to as the ""Transferee"".

1.09 The following information shall be provided to the Administrator in connection with the novation:

(a) the name and address of the Transferor: Smith-Rowland, 883 Susan Islands, 19967, Rosaleschester;

(b) the name and address of the Transferee;

(c",PERSON_NAME,,"[1750,1768)",,prior Counterparty,,,0.0011498494422994554
test,43,32454,gretel_finance_pii,,false negative,"NOVATION PROCESS

1.01 In this section, the following definitions apply:

""Novation"" means the substitution of a new Counterparty in place of a prior Counterparty to a Transaction, with the consent of all parties involved.

1.02 Novation shall be effected by:

(a) the prior Counterparty and the New Counterparty entering into a novation agreement in a form acceptable to the Administrator;

(b) the prior Counterparty providing notice of novation to the other party to the Transaction and the Administrator; and

(c) the New Counterparty providing to the other party to the Transaction and the Administrator any credit support or other information required under the Transaction or this Agreement.

1.03 Upon novation, all rights and obligations of the prior Counterparty under the Transaction and this Agreement shall be transferred to and become the rights and obligations of the New Counterparty.

1.04 The New Counterparty shall assume all obligations and liabilities of the prior Counterparty under the Transaction and this Agreement, including any obligation to pay, transfer or deliver any amount or other thing in connection with the Transaction.

1.05 The prior Counterparty shall be discharged from all obligations and liabilities under the Transaction and this Agreement, except that the prior Counterparty shall remain liable for any breach of the Transaction or this Agreement that occurred prior to the novation.

1.06 The prior Counterparty's liability for any such breach shall not be affected by the novation.

1.07 The New Counterparty's consent to the novation shall be deemed to include consent to the assignment to the New Counterparty of all rights of the prior Counterparty under the Transaction and this Agreement.

1.08 The prior Counterparty shall be referred to as the ""Transferor"" and the New Counterparty shall be referred to as the ""Transferee"".

1.09 The following information shall be provided to the Administrator in connection with the novation:

(a) the name and address of the Transferor: Smith-Rowland, 883 Susan Islands, 19967, Rosaleschester;

(b) the name and address of the Transferee;

(c",PERSON_NAME,,"[1818,1834)",,New Counterparty,,,0.0007243782747536898
test,43,32454,gretel_finance_pii,,false positive,"NOVATION PROCESS

1.01 In this section, the following definitions apply:

""Novation"" means the substitution of a new Counterparty in place of a prior Counterparty to a Transaction, with the consent of all parties involved.

1.02 Novation shall be effected by:

(a) the prior Counterparty and the New Counterparty entering into a novation agreement in a form acceptable to the Administrator;

(b) the prior Counterparty providing notice of novation to the other party to the Transaction and the Administrator; and

(c) the New Counterparty providing to the other party to the Transaction and the Administrator any credit support or other information required under the Transaction or this Agreement.

1.03 Upon novation, all rights and obligations of the prior Counterparty under the Transaction and this Agreement shall be transferred to and become the rights and obligations of the New Counterparty.

1.04 The New Counterparty shall assume all obligations and liabilities of the prior Counterparty under the Transaction and this Agreement, including any obligation to pay, transfer or deliver any amount or other thing in connection with the Transaction.

1.05 The prior Counterparty shall be discharged from all obligations and liabilities under the Transaction and this Agreement, except that the prior Counterparty shall remain liable for any breach of the Transaction or this Agreement that occurred prior to the novation.

1.06 The prior Counterparty's liability for any such breach shall not be affected by the novation.

1.07 The New Counterparty's consent to the novation shall be deemed to include consent to the assignment to the New Counterparty of all rights of the prior Counterparty under the Transaction and this Agreement.

1.08 The prior Counterparty shall be referred to as the ""Transferor"" and the New Counterparty shall be referred to as the ""Transferee"".

1.09 The following information shall be provided to the Administrator in connection with the novation:

(a) the name and address of the Transferor: Smith-Rowland, 883 Susan Islands, 19967, Rosaleschester;

(b) the name and address of the Transferee;

(c",,PERSON_NAME,,"[376,389)",,Administrator,0.6099387407302856,
test,43,32454,gretel_finance_pii,,false positive,"NOVATION PROCESS

1.01 In this section, the following definitions apply:

""Novation"" means the substitution of a new Counterparty in place of a prior Counterparty to a Transaction, with the consent of all parties involved.

1.02 Novation shall be effected by:

(a) the prior Counterparty and the New Counterparty entering into a novation agreement in a form acceptable to the Administrator;

(b) the prior Counterparty providing notice of novation to the other party to the Transaction and the Administrator; and

(c) the New Counterparty providing to the other party to the Transaction and the Administrator any credit support or other information required under the Transaction or this Agreement.

1.03 Upon novation, all rights and obligations of the prior Counterparty under the Transaction and this Agreement shall be transferred to and become the rights and obligations of the New Counterparty.

1.04 The New Counterparty shall assume all obligations and liabilities of the prior Counterparty under the Transaction and this Agreement, including any obligation to pay, transfer or deliver any amount or other thing in connection with the Transaction.

1.05 The prior Counterparty shall be discharged from all obligations and liabilities under the Transaction and this Agreement, except that the prior Counterparty shall remain liable for any breach of the Transaction or this Agreement that occurred prior to the novation.

1.06 The prior Counterparty's liability for any such breach shall not be affected by the novation.

1.07 The New Counterparty's consent to the novation shall be deemed to include consent to the assignment to the New Counterparty of all rights of the prior Counterparty under the Transaction and this Agreement.

1.08 The prior Counterparty shall be referred to as the ""Transferor"" and the New Counterparty shall be referred to as the ""Transferee"".

1.09 The following information shall be provided to the Administrator in connection with the novation:

(a) the name and address of the Transferor: Smith-Rowland, 883 Susan Islands, 19967, Rosaleschester;

(b) the name and address of the Transferee;

(c",,PERSON_NAME,,"[494,507)",,Administrator,0.5867753624916077,
test,43,32454,gretel_finance_pii,,false positive,"NOVATION PROCESS

1.01 In this section, the following definitions apply:

""Novation"" means the substitution of a new Counterparty in place of a prior Counterparty to a Transaction, with the consent of all parties involved.

1.02 Novation shall be effected by:

(a) the prior Counterparty and the New Counterparty entering into a novation agreement in a form acceptable to the Administrator;

(b) the prior Counterparty providing notice of novation to the other party to the Transaction and the Administrator; and

(c) the New Counterparty providing to the other party to the Transaction and the Administrator any credit support or other information required under the Transaction or this Agreement.

1.03 Upon novation, all rights and obligations of the prior Counterparty under the Transaction and this Agreement shall be transferred to and become the rights and obligations of the New Counterparty.

1.04 The New Counterparty shall assume all obligations and liabilities of the prior Counterparty under the Transaction and this Agreement, including any obligation to pay, transfer or deliver any amount or other thing in connection with the Transaction.

1.05 The prior Counterparty shall be discharged from all obligations and liabilities under the Transaction and this Agreement, except that the prior Counterparty shall remain liable for any breach of the Transaction or this Agreement that occurred prior to the novation.

1.06 The prior Counterparty's liability for any such breach shall not be affected by the novation.

1.07 The New Counterparty's consent to the novation shall be deemed to include consent to the assignment to the New Counterparty of all rights of the prior Counterparty under the Transaction and this Agreement.

1.08 The prior Counterparty shall be referred to as the ""Transferor"" and the New Counterparty shall be referred to as the ""Transferee"".

1.09 The following information shall be provided to the Administrator in connection with the novation:

(a) the name and address of the Transferor: Smith-Rowland, 883 Susan Islands, 19967, Rosaleschester;

(b) the name and address of the Transferee;

(c",,PERSON_NAME,,"[595,608)",,Administrator,0.602607250213623,
test,43,32454,gretel_finance_pii,,false positive,"NOVATION PROCESS

1.01 In this section, the following definitions apply:

""Novation"" means the substitution of a new Counterparty in place of a prior Counterparty to a Transaction, with the consent of all parties involved.

1.02 Novation shall be effected by:

(a) the prior Counterparty and the New Counterparty entering into a novation agreement in a form acceptable to the Administrator;

(b) the prior Counterparty providing notice of novation to the other party to the Transaction and the Administrator; and

(c) the New Counterparty providing to the other party to the Transaction and the Administrator any credit support or other information required under the Transaction or this Agreement.

1.03 Upon novation, all rights and obligations of the prior Counterparty under the Transaction and this Agreement shall be transferred to and become the rights and obligations of the New Counterparty.

1.04 The New Counterparty shall assume all obligations and liabilities of the prior Counterparty under the Transaction and this Agreement, including any obligation to pay, transfer or deliver any amount or other thing in connection with the Transaction.

1.05 The prior Counterparty shall be discharged from all obligations and liabilities under the Transaction and this Agreement, except that the prior Counterparty shall remain liable for any breach of the Transaction or this Agreement that occurred prior to the novation.

1.06 The prior Counterparty's liability for any such breach shall not be affected by the novation.

1.07 The New Counterparty's consent to the novation shall be deemed to include consent to the assignment to the New Counterparty of all rights of the prior Counterparty under the Transaction and this Agreement.

1.08 The prior Counterparty shall be referred to as the ""Transferor"" and the New Counterparty shall be referred to as the ""Transferee"".

1.09 The following information shall be provided to the Administrator in connection with the novation:

(a) the name and address of the Transferor: Smith-Rowland, 883 Susan Islands, 19967, Rosaleschester;

(b) the name and address of the Transferee;

(c",,PERSON_NAME,,"[2026,2039)",,Smith-Rowland,0.9384651184082031,
test,51,33483,gretel_finance_pii,,boundary-too-long,"Ocean Bill of Lading

Bill of Lading No.: ABC12345

Vessel Name: S.S. Sea Serpent

Voyage No.: 007

Port of Loading: Halifax, Nova Scotia

Port of Discharge: Southampton, UK

Carrier: Atlantic Shipping Lines

Shipper: Lisa14

Consignee: Daniel Michel-Benoit

SWIFT BIC Code: YYPFDEQF071

Notify Party: Daniel Michel-Benoit

Address: 117 Snyder Loop, Anytown, CA, USA

Marks and Numbers: 1234567

Description of Goods: 500 cartons of miscellaneous consumer goods

Gross Weight: 25,000 kgs

Measurement: 50 cubic meters

Package Type: Cartons

Loading Instructions: Stow on deck, forward section

Freight Payable at: Destination

Place of Receipt: Halifax, Nova Scotia

Date of Receipt: 01/10/2023

/s/ Captain A. Smith

Master of the S.S. Sea Serpent

/s/ Lisa Johnson

Shipper's Representative

Note: This is a non-negotiable Bill of Lading.

Endorsements: N/A

Cargo Insurance: N/A

/s/ Daniel Michel-Benoit

Consignee's Signature

Date: 01/10/2023",STREET_ADDRESS,STREET_ADDRESS,"[333,348)","[333,349)",117 Snyder Loop,"117 Snyder Loop,",0.8952265083789825,
test,51,33483,gretel_finance_pii,,boundary-too-short,"Ocean Bill of Lading

Bill of Lading No.: ABC12345

Vessel Name: S.S. Sea Serpent

Voyage No.: 007

Port of Loading: Halifax, Nova Scotia

Port of Discharge: Southampton, UK

Carrier: Atlantic Shipping Lines

Shipper: Lisa14

Consignee: Daniel Michel-Benoit

SWIFT BIC Code: YYPFDEQF071

Notify Party: Daniel Michel-Benoit

Address: 117 Snyder Loop, Anytown, CA, USA

Marks and Numbers: 1234567

Description of Goods: 500 cartons of miscellaneous consumer goods

Gross Weight: 25,000 kgs

Measurement: 50 cubic meters

Package Type: Cartons

Loading Instructions: Stow on deck, forward section

Freight Payable at: Destination

Place of Receipt: Halifax, Nova Scotia

Date of Receipt: 01/10/2023

/s/ Captain A. Smith

Master of the S.S. Sea Serpent

/s/ Lisa Johnson

Shipper's Representative

Note: This is a non-negotiable Bill of Lading.

Endorsements: N/A

Cargo Insurance: N/A

/s/ Daniel Michel-Benoit

Consignee's Signature

Date: 01/10/2023",PERSON_NAME,PERSON_NAME,"[218,224)","[218,222)",Lisa14,Lisa,0.7673691511154175,
test,51,33483,gretel_finance_pii,,boundary-too-long,"Ocean Bill of Lading

Bill of Lading No.: ABC12345

Vessel Name: S.S. Sea Serpent

Voyage No.: 007

Port of Loading: Halifax, Nova Scotia

Port of Discharge: Southampton, UK

Carrier: Atlantic Shipping Lines

Shipper: Lisa14

Consignee: Daniel Michel-Benoit

SWIFT BIC Code: YYPFDEQF071

Notify Party: Daniel Michel-Benoit

Address: 117 Snyder Loop, Anytown, CA, USA

Marks and Numbers: 1234567

Description of Goods: 500 cartons of miscellaneous consumer goods

Gross Weight: 25,000 kgs

Measurement: 50 cubic meters

Package Type: Cartons

Loading Instructions: Stow on deck, forward section

Freight Payable at: Destination

Place of Receipt: Halifax, Nova Scotia

Date of Receipt: 01/10/2023

/s/ Captain A. Smith

Master of the S.S. Sea Serpent

/s/ Lisa Johnson

Shipper's Representative

Note: This is a non-negotiable Bill of Lading.

Endorsements: N/A

Cargo Insurance: N/A

/s/ Daniel Michel-Benoit

Consignee's Signature

Date: 01/10/2023",PERSON_NAME,PERSON_NAME,"[709,717)","[701,717)",A. Smith,Captain A. Smith,0.9554624706506729,
test,51,33483,gretel_finance_pii,,false negative,"Ocean Bill of Lading

Bill of Lading No.: ABC12345

Vessel Name: S.S. Sea Serpent

Voyage No.: 007

Port of Loading: Halifax, Nova Scotia

Port of Discharge: Southampton, UK

Carrier: Atlantic Shipping Lines

Shipper: Lisa14

Consignee: Daniel Michel-Benoit

SWIFT BIC Code: YYPFDEQF071

Notify Party: Daniel Michel-Benoit

Address: 117 Snyder Loop, Anytown, CA, USA

Marks and Numbers: 1234567

Description of Goods: 500 cartons of miscellaneous consumer goods

Gross Weight: 25,000 kgs

Measurement: 50 cubic meters

Package Type: Cartons

Loading Instructions: Stow on deck, forward section

Freight Payable at: Destination

Place of Receipt: Halifax, Nova Scotia

Date of Receipt: 01/10/2023

/s/ Captain A. Smith

Master of the S.S. Sea Serpent

/s/ Lisa Johnson

Shipper's Representative

Note: This is a non-negotiable Bill of Lading.

Endorsements: N/A

Cargo Insurance: N/A

/s/ Daniel Michel-Benoit

Consignee's Signature

Date: 01/10/2023",PERSON_NAME,,"[769,776)",,Shipper,,,0.00037552317371591926
test,51,33483,gretel_finance_pii,,false positive,"Ocean Bill of Lading

Bill of Lading No.: ABC12345

Vessel Name: S.S. Sea Serpent

Voyage No.: 007

Port of Loading: Halifax, Nova Scotia

Port of Discharge: Southampton, UK

Carrier: Atlantic Shipping Lines

Shipper: Lisa14

Consignee: Daniel Michel-Benoit

SWIFT BIC Code: YYPFDEQF071

Notify Party: Daniel Michel-Benoit

Address: 117 Snyder Loop, Anytown, CA, USA

Marks and Numbers: 1234567

Description of Goods: 500 cartons of miscellaneous consumer goods

Gross Weight: 25,000 kgs

Measurement: 50 cubic meters

Package Type: Cartons

Loading Instructions: Stow on deck, forward section

Freight Payable at: Destination

Place of Receipt: Halifax, Nova Scotia

Date of Receipt: 01/10/2023

/s/ Captain A. Smith

Master of the S.S. Sea Serpent

/s/ Lisa Johnson

Shipper's Representative

Note: This is a non-negotiable Bill of Lading.

Endorsements: N/A

Cargo Insurance: N/A

/s/ Daniel Michel-Benoit

Consignee's Signature

Date: 01/10/2023",,BUSINESS_ID,,"[222,224)",,14,0.49088022112846375,
test,51,33483,gretel_finance_pii,,false positive,"Ocean Bill of Lading

Bill of Lading No.: ABC12345

Vessel Name: S.S. Sea Serpent

Voyage No.: 007

Port of Loading: Halifax, Nova Scotia

Port of Discharge: Southampton, UK

Carrier: Atlantic Shipping Lines

Shipper: Lisa14

Consignee: Daniel Michel-Benoit

SWIFT BIC Code: YYPFDEQF071

Notify Party: Daniel Michel-Benoit

Address: 117 Snyder Loop, Anytown, CA, USA

Marks and Numbers: 1234567

Description of Goods: 500 cartons of miscellaneous consumer goods

Gross Weight: 25,000 kgs

Measurement: 50 cubic meters

Package Type: Cartons

Loading Instructions: Stow on deck, forward section

Freight Payable at: Destination

Place of Receipt: Halifax, Nova Scotia

Date of Receipt: 01/10/2023

/s/ Captain A. Smith

Master of the S.S. Sea Serpent

/s/ Lisa Johnson

Shipper's Representative

Note: This is a non-negotiable Bill of Lading.

Endorsements: N/A

Cargo Insurance: N/A

/s/ Daniel Michel-Benoit

Consignee's Signature

Date: 01/10/2023",,STREET_ADDRESS,,"[359,361)",,CA,0.5121488571166992,
test,60,synthetic-00020733,securelogx_custom_logs,order_reference_ssn_shape_warn_v1,wrong entity class,WARN Order reference 728-27-2901 was replayed after a warehouse timeout. log_sequence=20733,BUSINESS_ID,SSN,"[21,32)","[21,32)",728-27-2901,728-27-2901,0.9941014732633319,
test,76,48160,gretel_finance_pii,,false negative,"Subject: Important Renewal Reminder: Claim Assistance for Your Upcoming Policy Renewal

Dear Policyholder,

We hope this message finds you well. We are writing to remind you of your upcoming policy renewal and to provide you with a comprehensive guide on claim assistance.

Renewal Date: Your policy renews on [Renewal Date]. Please ensure that your payment is made on time to avoid any lapses in coverage.

Coverage Details: Your policy includes coverage for [Coverage Details], with a policy limit of [Policy Limit].

Premium Amount: Your premium for the upcoming term is [Premium Amount].

Claim Assistance: In the event of a loss, we want to ensure that you are well-equipped to file a claim. Here's a step-by-step guide on how to file a claim:

1. Notify us immediately: As soon as you become aware of a loss, please contact us at [Claims Hotline] or via email at [Claims Email].

2. Provide necessary documentation: To facilitate the claims process, please provide the following documents:
   - A detailed description of the loss
   - Date and time of the incident
   - Names and contact information of any witnesses
   - Photographs or videos of the damage (if applicable)

3. Keep records: Please retain all receipts, invoices, and other relevant documents related to the loss.

4. Follow up: After you have filed your claim, you will receive a claim number and the contact information of your claim adjuster. Please feel free to follow up with them for any updates or additional information required.

We are committed to providing you with exceptional service and support. Should you have any questions or concerns regarding your renewal or claim assistance, please do not hesitate to contact us at [Customer Service Hotline] or via email at [Customer Service Email].

Thank you for choosing us for your insurance needs. We look forward to continuing to serve you.

Sincerely,

[Your Name]
[Your Title]
[Your Company]",EMAIL,,"[869,883)",,[Claims Email],,,0.132232238139425
test,78,synthetic-00023127,securelogx_custom_logs,order_reference_ssn_shape_warn_v1,wrong entity class,WARN Order reference 493-94-7751 was replayed after a warehouse timeout. log_sequence=23127,BUSINESS_ID,SSN,"[21,32)","[21,32)",493-94-7751,493-94-7751,0.9978077922548566,
test,84,synthetic-00020467,securelogx_custom_logs,order_reference_ssn_shape_warn_v1,wrong entity class,WARN Order reference 897-89-3800 was replayed after a warehouse timeout. log_sequence=20467,BUSINESS_ID,SSN,"[21,32)","[21,32)",897-89-3800,897-89-3800,0.9961815476417542,
test,100,33409,gretel_finance_pii,,false positive,"GOVERNING LAW

1.	**General**

1.1	**Choice of Law.** This Agreement shall be governed by and construed in accordance with the laws of the State of New York.

1.2	**Submission to Jurisdiction.** Each party hereto irrevocably submits to the jurisdiction of the courts of the State of New York and of the United States of America in each case located in the County and City of New York for the purpose of any suit, action or other proceeding arising out of this Agreement or any transaction contemplated hereby.

1.3	**Waiver of Immunity.** Each party hereto hereby irrevocably waives, to the fullest extent permitted by law, any immunity to which it may be entitled in respect of its assets, property or revenues, whether arising under any statute, treaty or otherwise, in relation to any suit, action or other legal proceedings arising out of or in connection with this Agreement or any transaction contemplated hereby.

1.4	**Waiver of Venue.** Each party hereto hereby irrevocably waives, to the fullest extent permitted by law, any objection which it may now or hereafter have to the laying of venue of any suit, action or other legal proceedings arising out of or in connection with this Agreement or any transaction contemplated hereby brought in any court referred to in Clause 1.2 above in respect of which it is a party.

1.5	**Service of Process.** Each party hereto hereby irrevocably appoints [Name of Registered Agent] as its agent for service of process in any suit, action or other legal proceedings arising out of or in connection with this Agreement or any transaction contemplated hereby brought in any court referred to in Clause 1.2 above in respect of which it is a party.

2.	**Conflict of Laws**

2.1	**Application of New York Law.** The parties agree that New York law shall govern and control the interpretation, construction and enforcement of this Agreement and the rights and duties of the parties hereto, without giving effect to the conflict of laws principles thereof.

2.2	**Construction.** This Agreement shall be construed and enforced in accordance with and governed by the substantive laws of the",,PERSON_NAME,,"[1413,1429)",,Registered Agent,0.6137839357058207,
test,108,46392,gretel_finance_pii,,boundary-too-short,"**Michael Dickson Policyholder Rights and Protections Report**

Dear Mr. Michael Dickson,

We are pleased to provide you with this Policyholder Rights and Protections Report, which outlines the rights and protections available to you as a valued policyholder with Emanuelli Insurance. We believe in empowering our policyholders with knowledge and confidence, and we are committed to ensuring that you understand your policy, your rights, and how we are here to support you.

**Policy Status**

Your current policy status is active, and we are pleased to confirm that you are fully covered for the period specified in your policy documents. Your policy number is 123456789, and your coverage includes the following:

* $500,000 in liability coverage
* $100,000 in property damage coverage
* $25,000 in medical payments coverage

**Premium Due**

Your next premium payment is due on 693 Martinez Mission, and we kindly request that you make your payment on or before the due date to avoid any lapses in coverage. You can make your payment online, over the phone, or by mail. If you have any questions about your premium or payment options, please do not hesitate to contact us.

**Policyholder Rights and Protections**

As a policyholder with Emanuelli Insurance, you have the right to:

* Receive clear and understandable information about your policy, including coverage, limits, and exclusions
* Be treated fairly and with respect at all times
* Have your claims handled promptly and efficiently
* Have your personal information kept confidential and secure
* Have access to a fair and impartial appeals process if you disagree with a claim decision
* Have the option to cancel your policy at any time, subject to certain terms and conditions

At Emanuelli Insurance, we are committed to upholding these rights and protecting your interests. If you have any questions about your policy or your rights as a policyholder, please do not hesitate to contact us.

Thank you for choosing Emanuelli Insurance, and we look forward to serving you.

Sincerely,

[Your Name]
[Your Title]
Emanuelli Insurance
693 Martinez Mission
[City, State",STREET_ADDRESS,STREET_ADDRESS,"[2098,2118)","[2098,2101)",693 Martinez Mission,693,0.854067325592041,
test,108,46392,gretel_finance_pii,,false negative,"**Michael Dickson Policyholder Rights and Protections Report**

Dear Mr. Michael Dickson,

We are pleased to provide you with this Policyholder Rights and Protections Report, which outlines the rights and protections available to you as a valued policyholder with Emanuelli Insurance. We believe in empowering our policyholders with knowledge and confidence, and we are committed to ensuring that you understand your policy, your rights, and how we are here to support you.

**Policy Status**

Your current policy status is active, and we are pleased to confirm that you are fully covered for the period specified in your policy documents. Your policy number is 123456789, and your coverage includes the following:

* $500,000 in liability coverage
* $100,000 in property damage coverage
* $25,000 in medical payments coverage

**Premium Due**

Your next premium payment is due on 693 Martinez Mission, and we kindly request that you make your payment on or before the due date to avoid any lapses in coverage. You can make your payment online, over the phone, or by mail. If you have any questions about your premium or payment options, please do not hesitate to contact us.

**Policyholder Rights and Protections**

As a policyholder with Emanuelli Insurance, you have the right to:

* Receive clear and understandable information about your policy, including coverage, limits, and exclusions
* Be treated fairly and with respect at all times
* Have your claims handled promptly and efficiently
* Have your personal information kept confidential and secure
* Have access to a fair and impartial appeals process if you disagree with a claim decision
* Have the option to cancel your policy at any time, subject to certain terms and conditions

At Emanuelli Insurance, we are committed to upholding these rights and protecting your interests. If you have any questions about your policy or your rights as a policyholder, please do not hesitate to contact us.

Thank you for choosing Emanuelli Insurance, and we look forward to serving you.

Sincerely,

[Your Name]
[Your Title]
Emanuelli Insurance
693 Martinez Mission
[City, State",PERSON_NAME,,"[264,273)",,Emanuelli,,,0.01405885606072843
test,108,46392,gretel_finance_pii,,false negative,"**Michael Dickson Policyholder Rights and Protections Report**

Dear Mr. Michael Dickson,

We are pleased to provide you with this Policyholder Rights and Protections Report, which outlines the rights and protections available to you as a valued policyholder with Emanuelli Insurance. We believe in empowering our policyholders with knowledge and confidence, and we are committed to ensuring that you understand your policy, your rights, and how we are here to support you.

**Policy Status**

Your current policy status is active, and we are pleased to confirm that you are fully covered for the period specified in your policy documents. Your policy number is 123456789, and your coverage includes the following:

* $500,000 in liability coverage
* $100,000 in property damage coverage
* $25,000 in medical payments coverage

**Premium Due**

Your next premium payment is due on 693 Martinez Mission, and we kindly request that you make your payment on or before the due date to avoid any lapses in coverage. You can make your payment online, over the phone, or by mail. If you have any questions about your premium or payment options, please do not hesitate to contact us.

**Policyholder Rights and Protections**

As a policyholder with Emanuelli Insurance, you have the right to:

* Receive clear and understandable information about your policy, including coverage, limits, and exclusions
* Be treated fairly and with respect at all times
* Have your claims handled promptly and efficiently
* Have your personal information kept confidential and secure
* Have access to a fair and impartial appeals process if you disagree with a claim decision
* Have the option to cancel your policy at any time, subject to certain terms and conditions

At Emanuelli Insurance, we are committed to upholding these rights and protecting your interests. If you have any questions about your policy or your rights as a policyholder, please do not hesitate to contact us.

Thank you for choosing Emanuelli Insurance, and we look forward to serving you.

Sincerely,

[Your Name]
[Your Title]
Emanuelli Insurance
693 Martinez Mission
[City, State",PERSON_NAME,,"[1241,1250)",,Emanuelli,,,0.03197477385401726
test,108,46392,gretel_finance_pii,,false negative,"**Michael Dickson Policyholder Rights and Protections Report**

Dear Mr. Michael Dickson,

We are pleased to provide you with this Policyholder Rights and Protections Report, which outlines the rights and protections available to you as a valued policyholder with Emanuelli Insurance. We believe in empowering our policyholders with knowledge and confidence, and we are committed to ensuring that you understand your policy, your rights, and how we are here to support you.

**Policy Status**

Your current policy status is active, and we are pleased to confirm that you are fully covered for the period specified in your policy documents. Your policy number is 123456789, and your coverage includes the following:

* $500,000 in liability coverage
* $100,000 in property damage coverage
* $25,000 in medical payments coverage

**Premium Due**

Your next premium payment is due on 693 Martinez Mission, and we kindly request that you make your payment on or before the due date to avoid any lapses in coverage. You can make your payment online, over the phone, or by mail. If you have any questions about your premium or payment options, please do not hesitate to contact us.

**Policyholder Rights and Protections**

As a policyholder with Emanuelli Insurance, you have the right to:

* Receive clear and understandable information about your policy, including coverage, limits, and exclusions
* Be treated fairly and with respect at all times
* Have your claims handled promptly and efficiently
* Have your personal information kept confidential and secure
* Have access to a fair and impartial appeals process if you disagree with a claim decision
* Have the option to cancel your policy at any time, subject to certain terms and conditions

At Emanuelli Insurance, we are committed to upholding these rights and protecting your interests. If you have any questions about your policy or your rights as a policyholder, please do not hesitate to contact us.

Thank you for choosing Emanuelli Insurance, and we look forward to serving you.

Sincerely,

[Your Name]
[Your Title]
Emanuelli Insurance
693 Martinez Mission
[City, State",PERSON_NAME,,"[1748,1757)",,Emanuelli,,,0.015255481470376253
test,108,46392,gretel_finance_pii,,false negative,"**Michael Dickson Policyholder Rights and Protections Report**

Dear Mr. Michael Dickson,

We are pleased to provide you with this Policyholder Rights and Protections Report, which outlines the rights and protections available to you as a valued policyholder with Emanuelli Insurance. We believe in empowering our policyholders with knowledge and confidence, and we are committed to ensuring that you understand your policy, your rights, and how we are here to support you.

**Policy Status**

Your current policy status is active, and we are pleased to confirm that you are fully covered for the period specified in your policy documents. Your policy number is 123456789, and your coverage includes the following:

* $500,000 in liability coverage
* $100,000 in property damage coverage
* $25,000 in medical payments coverage

**Premium Due**

Your next premium payment is due on 693 Martinez Mission, and we kindly request that you make your payment on or before the due date to avoid any lapses in coverage. You can make your payment online, over the phone, or by mail. If you have any questions about your premium or payment options, please do not hesitate to contact us.

**Policyholder Rights and Protections**

As a policyholder with Emanuelli Insurance, you have the right to:

* Receive clear and understandable information about your policy, including coverage, limits, and exclusions
* Be treated fairly and with respect at all times
* Have your claims handled promptly and efficiently
* Have your personal information kept confidential and secure
* Have access to a fair and impartial appeals process if you disagree with a claim decision
* Have the option to cancel your policy at any time, subject to certain terms and conditions

At Emanuelli Insurance, we are committed to upholding these rights and protecting your interests. If you have any questions about your policy or your rights as a policyholder, please do not hesitate to contact us.

Thank you for choosing Emanuelli Insurance, and we look forward to serving you.

Sincerely,

[Your Name]
[Your Title]
Emanuelli Insurance
693 Martinez Mission
[City, State",PERSON_NAME,,"[1983,1992)",,Emanuelli,,,0.04066949477419257
test,108,46392,gretel_finance_pii,,false negative,"**Michael Dickson Policyholder Rights and Protections Report**

Dear Mr. Michael Dickson,

We are pleased to provide you with this Policyholder Rights and Protections Report, which outlines the rights and protections available to you as a valued policyholder with Emanuelli Insurance. We believe in empowering our policyholders with knowledge and confidence, and we are committed to ensuring that you understand your policy, your rights, and how we are here to support you.

**Policy Status**

Your current policy status is active, and we are pleased to confirm that you are fully covered for the period specified in your policy documents. Your policy number is 123456789, and your coverage includes the following:

* $500,000 in liability coverage
* $100,000 in property damage coverage
* $25,000 in medical payments coverage

**Premium Due**

Your next premium payment is due on 693 Martinez Mission, and we kindly request that you make your payment on or before the due date to avoid any lapses in coverage. You can make your payment online, over the phone, or by mail. If you have any questions about your premium or payment options, please do not hesitate to contact us.

**Policyholder Rights and Protections**

As a policyholder with Emanuelli Insurance, you have the right to:

* Receive clear and understandable information about your policy, including coverage, limits, and exclusions
* Be treated fairly and with respect at all times
* Have your claims handled promptly and efficiently
* Have your personal information kept confidential and secure
* Have access to a fair and impartial appeals process if you disagree with a claim decision
* Have the option to cancel your policy at any time, subject to certain terms and conditions

At Emanuelli Insurance, we are committed to upholding these rights and protecting your interests. If you have any questions about your policy or your rights as a policyholder, please do not hesitate to contact us.

Thank you for choosing Emanuelli Insurance, and we look forward to serving you.

Sincerely,

[Your Name]
[Your Title]
Emanuelli Insurance
693 Martinez Mission
[City, State",PERSON_NAME,,"[2078,2087)",,Emanuelli,,,0.14845291711390018
test,119,47393,gretel_finance_pii,,false negative,"DATA PRIVACY REVIEW FILING

To the Regulatory Authorities,

Subject: Data Privacy Review for White-Jackson Enterprises

I am writing on behalf of White-Jackson Enterprises, a company registered at 561 Kendra Highway, Apt. 763, to conduct a comprehensive review of our data handling practices and update our privacy policies in accordance with data laws.

In our ongoing commitment to data privacy and protection, we have identified the need to review and update our data handling practices. This filing serves as a formal request for a Data Privacy Review for White-Jackson Enterprises.

The following is a summary of our data handling practices:

1. Data Collection: White-Jackson Enterprises collects personal data from individuals, including but not limited to, Margarita Guillermo Tena. The data collected is used for the purpose of providing our goods and services, and for communication purposes.

2. Data Storage: We store personal data securely, utilizing encryption and access controls to ensure the confidentiality, integrity, and availability of the data.

3. Data Usage: White-Jackson Enterprises uses personal data solely for the purposes it was collected for. We do not share or sell personal data to third parties.

4. Data Retention: We retain personal data for a period of 7 years, in accordance with legal requirements, after which the data is securely destroyed.

5. Data Access and Correction: Individuals have the right to access, correct, or delete their personal data. White-Jackson Enterprises provides a mechanism for individuals to exercise these rights.

6. Data Breach: In the event of a data breach, White-Jackson Enterprises will promptly notify the affected individuals and the relevant authorities.

We are committed to ensuring the privacy and protection of personal data and will continue to review and update our data handling practices to ensure compliance with data laws.

Thank you for your attention to this matter.

Sincerely,
[Your Name]
Data Protection Officer
White-Jackson Enterprises",PERSON_NAME,,"[93,106)",,White-Jackson,,,0.00888807357599338
test,119,47393,gretel_finance_pii,,false negative,"DATA PRIVACY REVIEW FILING

To the Regulatory Authorities,

Subject: Data Privacy Review for White-Jackson Enterprises

I am writing on behalf of White-Jackson Enterprises, a company registered at 561 Kendra Highway, Apt. 763, to conduct a comprehensive review of our data handling practices and update our privacy policies in accordance with data laws.

In our ongoing commitment to data privacy and protection, we have identified the need to review and update our data handling practices. This filing serves as a formal request for a Data Privacy Review for White-Jackson Enterprises.

The following is a summary of our data handling practices:

1. Data Collection: White-Jackson Enterprises collects personal data from individuals, including but not limited to, Margarita Guillermo Tena. The data collected is used for the purpose of providing our goods and services, and for communication purposes.

2. Data Storage: We store personal data securely, utilizing encryption and access controls to ensure the confidentiality, integrity, and availability of the data.

3. Data Usage: White-Jackson Enterprises uses personal data solely for the purposes it was collected for. We do not share or sell personal data to third parties.

4. Data Retention: We retain personal data for a period of 7 years, in accordance with legal requirements, after which the data is securely destroyed.

5. Data Access and Correction: Individuals have the right to access, correct, or delete their personal data. White-Jackson Enterprises provides a mechanism for individuals to exercise these rights.

6. Data Breach: In the event of a data breach, White-Jackson Enterprises will promptly notify the affected individuals and the relevant authorities.

We are committed to ensuring the privacy and protection of personal data and will continue to review and update our data handling practices to ensure compliance with data laws.

Thank you for your attention to this matter.

Sincerely,
[Your Name]
Data Protection Officer
White-Jackson Enterprises",PERSON_NAME,,"[146,159)",,White-Jackson,,,0.005211189156398177
test,119,47393,gretel_finance_pii,,false negative,"DATA PRIVACY REVIEW FILING

To the Regulatory Authorities,

Subject: Data Privacy Review for White-Jackson Enterprises

I am writing on behalf of White-Jackson Enterprises, a company registered at 561 Kendra Highway, Apt. 763, to conduct a comprehensive review of our data handling practices and update our privacy policies in accordance with data laws.

In our ongoing commitment to data privacy and protection, we have identified the need to review and update our data handling practices. This filing serves as a formal request for a Data Privacy Review for White-Jackson Enterprises.

The following is a summary of our data handling practices:

1. Data Collection: White-Jackson Enterprises collects personal data from individuals, including but not limited to, Margarita Guillermo Tena. The data collected is used for the purpose of providing our goods and services, and for communication purposes.

2. Data Storage: We store personal data securely, utilizing encryption and access controls to ensure the confidentiality, integrity, and availability of the data.

3. Data Usage: White-Jackson Enterprises uses personal data solely for the purposes it was collected for. We do not share or sell personal data to third parties.

4. Data Retention: We retain personal data for a period of 7 years, in accordance with legal requirements, after which the data is securely destroyed.

5. Data Access and Correction: Individuals have the right to access, correct, or delete their personal data. White-Jackson Enterprises provides a mechanism for individuals to exercise these rights.

6. Data Breach: In the event of a data breach, White-Jackson Enterprises will promptly notify the affected individuals and the relevant authorities.

We are committed to ensuring the privacy and protection of personal data and will continue to review and update our data handling practices to ensure compliance with data laws.

Thank you for your attention to this matter.

Sincerely,
[Your Name]
Data Protection Officer
White-Jackson Enterprises",PERSON_NAME,,"[560,573)",,White-Jackson,,,0.003648180980235338
test,119,47393,gretel_finance_pii,,false negative,"DATA PRIVACY REVIEW FILING

To the Regulatory Authorities,

Subject: Data Privacy Review for White-Jackson Enterprises

I am writing on behalf of White-Jackson Enterprises, a company registered at 561 Kendra Highway, Apt. 763, to conduct a comprehensive review of our data handling practices and update our privacy policies in accordance with data laws.

In our ongoing commitment to data privacy and protection, we have identified the need to review and update our data handling practices. This filing serves as a formal request for a Data Privacy Review for White-Jackson Enterprises.

The following is a summary of our data handling practices:

1. Data Collection: White-Jackson Enterprises collects personal data from individuals, including but not limited to, Margarita Guillermo Tena. The data collected is used for the purpose of providing our goods and services, and for communication purposes.

2. Data Storage: We store personal data securely, utilizing encryption and access controls to ensure the confidentiality, integrity, and availability of the data.

3. Data Usage: White-Jackson Enterprises uses personal data solely for the purposes it was collected for. We do not share or sell personal data to third parties.

4. Data Retention: We retain personal data for a period of 7 years, in accordance with legal requirements, after which the data is securely destroyed.

5. Data Access and Correction: Individuals have the right to access, correct, or delete their personal data. White-Jackson Enterprises provides a mechanism for individuals to exercise these rights.

6. Data Breach: In the event of a data breach, White-Jackson Enterprises will promptly notify the affected individuals and the relevant authorities.

We are committed to ensuring the privacy and protection of personal data and will continue to review and update our data handling practices to ensure compliance with data laws.

Thank you for your attention to this matter.

Sincerely,
[Your Name]
Data Protection Officer
White-Jackson Enterprises",PERSON_NAME,,"[668,681)",,White-Jackson,,,0.005166301038116217
test,119,47393,gretel_finance_pii,,false negative,"DATA PRIVACY REVIEW FILING

To the Regulatory Authorities,

Subject: Data Privacy Review for White-Jackson Enterprises

I am writing on behalf of White-Jackson Enterprises, a company registered at 561 Kendra Highway, Apt. 763, to conduct a comprehensive review of our data handling practices and update our privacy policies in accordance with data laws.

In our ongoing commitment to data privacy and protection, we have identified the need to review and update our data handling practices. This filing serves as a formal request for a Data Privacy Review for White-Jackson Enterprises.

The following is a summary of our data handling practices:

1. Data Collection: White-Jackson Enterprises collects personal data from individuals, including but not limited to, Margarita Guillermo Tena. The data collected is used for the purpose of providing our goods and services, and for communication purposes.

2. Data Storage: We store personal data securely, utilizing encryption and access controls to ensure the confidentiality, integrity, and availability of the data.

3. Data Usage: White-Jackson Enterprises uses personal data solely for the purposes it was collected for. We do not share or sell personal data to third parties.

4. Data Retention: We retain personal data for a period of 7 years, in accordance with legal requirements, after which the data is securely destroyed.

5. Data Access and Correction: Individuals have the right to access, correct, or delete their personal data. White-Jackson Enterprises provides a mechanism for individuals to exercise these rights.

6. Data Breach: In the event of a data breach, White-Jackson Enterprises will promptly notify the affected individuals and the relevant authorities.

We are committed to ensuring the privacy and protection of personal data and will continue to review and update our data handling practices to ensure compliance with data laws.

Thank you for your attention to this matter.

Sincerely,
[Your Name]
Data Protection Officer
White-Jackson Enterprises",PERSON_NAME,,"[1083,1096)",,White-Jackson,,,0.006859087385237217
test,119,47393,gretel_finance_pii,,false negative,"DATA PRIVACY REVIEW FILING

To the Regulatory Authorities,

Subject: Data Privacy Review for White-Jackson Enterprises

I am writing on behalf of White-Jackson Enterprises, a company registered at 561 Kendra Highway, Apt. 763, to conduct a comprehensive review of our data handling practices and update our privacy policies in accordance with data laws.

In our ongoing commitment to data privacy and protection, we have identified the need to review and update our data handling practices. This filing serves as a formal request for a Data Privacy Review for White-Jackson Enterprises.

The following is a summary of our data handling practices:

1. Data Collection: White-Jackson Enterprises collects personal data from individuals, including but not limited to, Margarita Guillermo Tena. The data collected is used for the purpose of providing our goods and services, and for communication purposes.

2. Data Storage: We store personal data securely, utilizing encryption and access controls to ensure the confidentiality, integrity, and availability of the data.

3. Data Usage: White-Jackson Enterprises uses personal data solely for the purposes it was collected for. We do not share or sell personal data to third parties.

4. Data Retention: We retain personal data for a period of 7 years, in accordance with legal requirements, after which the data is securely destroyed.

5. Data Access and Correction: Individuals have the right to access, correct, or delete their personal data. White-Jackson Enterprises provides a mechanism for individuals to exercise these rights.

6. Data Breach: In the event of a data breach, White-Jackson Enterprises will promptly notify the affected individuals and the relevant authorities.

We are committed to ensuring the privacy and protection of personal data and will continue to review and update our data handling practices to ensure compliance with data laws.

Thank you for your attention to this matter.

Sincerely,
[Your Name]
Data Protection Officer
White-Jackson Enterprises",PERSON_NAME,,"[1492,1505)",,White-Jackson,,,0.010140588972717524
test,119,47393,gretel_finance_pii,,false negative,"DATA PRIVACY REVIEW FILING

To the Regulatory Authorities,

Subject: Data Privacy Review for White-Jackson Enterprises

I am writing on behalf of White-Jackson Enterprises, a company registered at 561 Kendra Highway, Apt. 763, to conduct a comprehensive review of our data handling practices and update our privacy policies in accordance with data laws.

In our ongoing commitment to data privacy and protection, we have identified the need to review and update our data handling practices. This filing serves as a formal request for a Data Privacy Review for White-Jackson Enterprises.

The following is a summary of our data handling practices:

1. Data Collection: White-Jackson Enterprises collects personal data from individuals, including but not limited to, Margarita Guillermo Tena. The data collected is used for the purpose of providing our goods and services, and for communication purposes.

2. Data Storage: We store personal data securely, utilizing encryption and access controls to ensure the confidentiality, integrity, and availability of the data.

3. Data Usage: White-Jackson Enterprises uses personal data solely for the purposes it was collected for. We do not share or sell personal data to third parties.

4. Data Retention: We retain personal data for a period of 7 years, in accordance with legal requirements, after which the data is securely destroyed.

5. Data Access and Correction: Individuals have the right to access, correct, or delete their personal data. White-Jackson Enterprises provides a mechanism for individuals to exercise these rights.

6. Data Breach: In the event of a data breach, White-Jackson Enterprises will promptly notify the affected individuals and the relevant authorities.

We are committed to ensuring the privacy and protection of personal data and will continue to review and update our data handling practices to ensure compliance with data laws.

Thank you for your attention to this matter.

Sincerely,
[Your Name]
Data Protection Officer
White-Jackson Enterprises",PERSON_NAME,,"[1629,1642)",,White-Jackson,,,0.013304607477039099
test,119,47393,gretel_finance_pii,,false negative,"DATA PRIVACY REVIEW FILING

To the Regulatory Authorities,

Subject: Data Privacy Review for White-Jackson Enterprises

I am writing on behalf of White-Jackson Enterprises, a company registered at 561 Kendra Highway, Apt. 763, to conduct a comprehensive review of our data handling practices and update our privacy policies in accordance with data laws.

In our ongoing commitment to data privacy and protection, we have identified the need to review and update our data handling practices. This filing serves as a formal request for a Data Privacy Review for White-Jackson Enterprises.

The following is a summary of our data handling practices:

1. Data Collection: White-Jackson Enterprises collects personal data from individuals, including but not limited to, Margarita Guillermo Tena. The data collected is used for the purpose of providing our goods and services, and for communication purposes.

2. Data Storage: We store personal data securely, utilizing encryption and access controls to ensure the confidentiality, integrity, and availability of the data.

3. Data Usage: White-Jackson Enterprises uses personal data solely for the purposes it was collected for. We do not share or sell personal data to third parties.

4. Data Retention: We retain personal data for a period of 7 years, in accordance with legal requirements, after which the data is securely destroyed.

5. Data Access and Correction: Individuals have the right to access, correct, or delete their personal data. White-Jackson Enterprises provides a mechanism for individuals to exercise these rights.

6. Data Breach: In the event of a data breach, White-Jackson Enterprises will promptly notify the affected individuals and the relevant authorities.

We are committed to ensuring the privacy and protection of personal data and will continue to review and update our data handling practices to ensure compliance with data laws.

Thank you for your attention to this matter.

Sincerely,
[Your Name]
Data Protection Officer
White-Jackson Enterprises",PERSON_NAME,,"[2003,2016)",,White-Jackson,,,0.01272131068011125
test,150,27006,gretel_finance_pii,,false positive,"******************************************
Bank of Brighton & Hove
Monthly Statement
Account Name: Fenna van Praagh
Account Number: 12345678
******************************************

Date | Time | Type | Description | Amount (GBP) | Running Balance (GBP)

1st Jan | 10:05 | Deposit | Salary | 3,500.00 | 3,500.00
3rd Jan | 14:23 | Withdrawal | Groceries | -87.65 | 3,412.35
5th Jan | 09:47 | Withdrawal | Petrol | -45.88 | 3,366.47
7th Jan | 16:19 | Deposit | Client Payment | 1,200.00 | 4,566.47
10th Jan | 12:32 | Withdrawal | Rent | -1,250.00 | 3,316.47
12th Jan | 14:56 | Deposit | Interest | 12.54 | 3,329.01
15th Jan | 11:15 | Withdrawal | Coffee Shop | -4.50 | 3,324.51
17th Jan | 16:31 | Withdrawal | Clothes Shopping | -150.00 | 3,174.51
20th Jan | 10:02 | Deposit | Freelance Work | 850.00 | 3,924.51
23rd Jan | 13:45 | Withdrawal | Pharmacy | -12.99 | 3,911.52
25th Jan | 11:22 | Withdrawal | Cinema | -25.00 | 3,886.52
28th Jan | 16:01 | Deposit | Matched Betting | 325.00 | 4,211",,PERSON_NAME,,"[139,140)",,8,0.5844286680221558,
test,154,synthetic-00001847,securelogx_custom_logs,order_reference_ssn_shape_warn_v1,wrong entity class,WARN Order reference 405-52-5288 was replayed after a warehouse timeout. log_sequence=1847,BUSINESS_ID,SSN,"[21,32)","[21,32)",405-52-5288,405-52-5288,0.9948669331414359,
test,162,synthetic-00008231,securelogx_custom_logs,order_reference_ssn_shape_warn_v1,wrong entity class,WARN Order reference 853-36-8671 was replayed after a warehouse timeout. log_sequence=8231,BUSINESS_ID,SSN,"[21,32)","[21,32)",853-36-8671,853-36-8671,0.9965758845210075,
test,171,synthetic-00019669,securelogx_custom_logs,order_reference_ssn_shape_warn_v1,wrong entity class,WARN Order reference 604-11-5093 was replayed after a warehouse timeout. log_sequence=19669,BUSINESS_ID,SSN,"[21,32)","[21,32)",604-11-5093,604-11-5093,0.9878871589899063,
test,177,49955,gretel_finance_pii,,boundary-too-short,"**Policyholder's Claim Filing Guide**

Dear Policyholder,

Thank you for choosing FineRisk Insurance for your insurance needs. This guide will help you through the process of filing a claim with us.

**Step 1: Gather Necessary Information**
Before you begin the claims process, please gather the following information:
- Your policy number
- The date and time of the incident
- Description of the incident, including any injuries or damages
- Names and contact information of any witnesses

**Step 2: Notify FineRisk Insurance**
Contact us as soon as possible to report the incident. You can reach us at:
- Phone: 1-800-123-4567
- Email: claims@fineriskinsurance.com
- Mail: FineRisk Insurance, Claims Department, 1234 Fine Risk Way, London, UK, NW1 1AB

**Step 3: Complete Claim Form**
Download and complete the appropriate claim form from our website:
- Property Damage Claim Form: [www.fineriskinsurance.com/property-claim-form](http://www.fineriskinsurance.com/property-claim-form)
- Personal Injury Claim Form: [www.fineriskinsurance.com/personal-injury-claim-form](http://www.fineriskinsurance.com/personal-injury-claim-form)

**Step 4: Attach Necessary Documentation**
Please include the following documents with your claim form:
- A detailed description of the incident
- Copy of the police report, if applicable
- Estimates for repairs or replacement
- Medical bills or records, if applicable
- Any other relevant documents

**Step 5: Submit Your Claim**
Submit your completed claim form and necessary documentation to us via:
- Email: claims@fineriskinsurance.com
- Mail: FineRisk Insurance, Claims Department, 1234 Fine Risk Way, London, UK, NW1 1AB

**Step 6: Claim Processing**
Once we receive your claim, we will review it and contact you within 5-10 business days. We may request additional",STREET_ADDRESS,STREET_ADDRESS,"[1621,1660)","[1621,1639)","1234 Fine Risk Way, London, UK, NW1 1AB",1234 Fine Risk Way,0.8085835099220275,
test,177,49955,gretel_finance_pii,,boundary-too-short,"**Policyholder's Claim Filing Guide**

Dear Policyholder,

Thank you for choosing FineRisk Insurance for your insurance needs. This guide will help you through the process of filing a claim with us.

**Step 1: Gather Necessary Information**
Before you begin the claims process, please gather the following information:
- Your policy number
- The date and time of the incident
- Description of the incident, including any injuries or damages
- Names and contact information of any witnesses

**Step 2: Notify FineRisk Insurance**
Contact us as soon as possible to report the incident. You can reach us at:
- Phone: 1-800-123-4567
- Email: claims@fineriskinsurance.com
- Mail: FineRisk Insurance, Claims Department, 1234 Fine Risk Way, London, UK, NW1 1AB

**Step 3: Complete Claim Form**
Download and complete the appropriate claim form from our website:
- Property Damage Claim Form: [www.fineriskinsurance.com/property-claim-form](http://www.fineriskinsurance.com/property-claim-form)
- Personal Injury Claim Form: [www.fineriskinsurance.com/personal-injury-claim-form](http://www.fineriskinsurance.com/personal-injury-claim-form)

**Step 4: Attach Necessary Documentation**
Please include the following documents with your claim form:
- A detailed description of the incident
- Copy of the police report, if applicable
- Estimates for repairs or replacement
- Medical bills or records, if applicable
- Any other relevant documents

**Step 5: Submit Your Claim**
Submit your completed claim form and necessary documentation to us via:
- Email: claims@fineriskinsurance.com
- Mail: FineRisk Insurance, Claims Department, 1234 Fine Risk Way, London, UK, NW1 1AB

**Step 6: Claim Processing**
Once we receive your claim, we will review it and contact you within 5-10 business days. We may request additional",STREET_ADDRESS,STREET_ADDRESS,"[714,753)","[714,732)","1234 Fine Risk Way, London, UK, NW1 1AB",1234 Fine Risk Way,0.729524302482605,
test,180,synthetic-00003443,securelogx_custom_logs,order_reference_ssn_shape_warn_v1,wrong entity class,WARN Order reference 905-89-6125 was replayed after a warehouse timeout. log_sequence=3443,BUSINESS_ID,SSN,"[21,32)","[21,32)",905-89-6125,905-89-6125,0.9754553777830941,
test,182,synthetic-00007167,securelogx_custom_logs,order_reference_ssn_shape_warn_v1,wrong entity class,WARN Order reference 441-49-2531 was replayed after a warehouse timeout. log_sequence=7167,BUSINESS_ID,SSN,"[21,32)","[21,32)",441-49-2531,441-49-2531,0.9961387600217547,
test,190,synthetic-00012487,securelogx_custom_logs,order_reference_ssn_shape_warn_v1,wrong entity class,WARN Order reference 476-90-7981 was replayed after a warehouse timeout. log_sequence=12487,BUSINESS_ID,SSN,"[21,32)","[21,32)",476-90-7981,476-90-7981,0.9977331981062889,
test,196,43050,gretel_finance_pii,,wrong entity class,"HOME WARRANTY INSURANCE POLICY

This Home Warranty Insurance Policy (the ""Policy"") is entered into as of the date of this document by and between Olena (the ""Policyholder"") and Acme Home Shield Inc. (the ""Company"").

I. Coverage

The Company agrees to provide home warranty coverage to the Policyholder for the systems and appliances listed in this Policy, subject to the terms and conditions set forth herein.

A. Covered Systems and Appliances

1. Heating System: The heating system, including the furnace, heat pump, and ductwork, is covered.
2. Cooling System: The cooling system, including the air conditioner and condenser, is covered.
3. Electrical System: The electrical system, including the panel, wiring, and outlets, is covered.
4. Plumbing System: The plumbing system, including the water heater, pipes, and fixtures, is covered.
5. Kitchen Appliances: The following kitchen appliances are covered: refrigerator, dishwasher, range/oven, and garbage disposal.
6. Laundry Appliances: The following laundry appliances are covered: washer and dryer.

B. Service Call Fees

The Company will charge a service call fee for each service visit, as specified in the Service Fee Schedule.

II. Premiums

The Policyholder will pay an annual premium, as specified in the Premium Schedule, for the coverage provided under this Policy.

III. Exclusions

The following are not covered under this Policy:

A. Pre-existing conditions
B. Damage caused by misuse, abuse, or failure to properly maintain the systems and appliances
C. Code violations or building permits
D. Acts of God or other catastrophic events

IV. Limitations

The Company's liability under this Policy is limited to the coverage limits specified in the Coverage Schedule.

V. Term

This Policy will remain in effect for a period of one year from the date of this document, unless otherwise terminated in accordance with the terms of this Policy.

VI. Policyholder Information

Policyholder Name: Olena
Policyholder Address: 8820 Jaime Lo",PERSON_NAME,STREET_ADDRESS,"[1988,2001)","[1988,2001)",8820 Jaime Lo,8820 Jaime Lo,0.9853625744581223,
test,259,37741,gretel_finance_pii,,false negative,"**Policyholder Report: Medical Cost Analysis**

**Policyholder Information**

* Policy Number: ABC123456
* Policyholder Name: John Doe
* Policy Status: Active
* Premium Due: £500 (Quarterly)
* Coverage Details: Comprehensive Medical Coverage

**Medical Cost Analysis**

This section provides a detailed analysis of the policyholder's medical costs, including historical expenses, trends, and potential cost-saving opportunities.

*Historical Medical Expenses*

The policyholder's historical medical expenses for the past three years are as follows:

* Year 1: £3,500
* Year 2: £4,200
* Year 3: £4,800

There is an upward trend in medical expenses, with an average increase of £700 per year.

*Trend Analysis*

The majority of the medical expenses are attributed to the following categories:

1. Hospital Stays: 50%
2. Prescription Medication: 30%
3. Specialist Consultations: 20%

*Cost-Saving Opportunities*

The following are potential cost-saving opportunities:

1. Hospital Stays: Encourage the use of preferred providers and negotiate rates.
2. Prescription Medication: Utilize generic medications where possible and consider mail-order pharmacy options.
3. Specialist Consultations: Leverage telemedicine services for non-emergency consultations.

*Recommendations for Optimizing Healthcare Spending*

1. Schedule an annual wellness exam to identify potential health issues early.
2. Participate in disease management programs for chronic conditions.
3. Utilize in-network providers to maximize coverage and minimize out-of-pocket costs.
4. Consider a flexible spending account (FSA) or health savings account (HSA) to set aside pre-tax dollars for medical expenses.

**Conclusion**

The medical cost analysis indicates an upward trend in medical expenses. However, by implementing the recommended cost-saving strategies and optimizing healthcare spending, the policyholder can potentially reduce medical expenses and maximize the value of health insurance coverage.",PERSON_NAME,,"[95,104)",,ABC123456,,,0.003343696938827634
test,265,5533,gretel_finance_pii,,wrong entity class,"**Chiropractic Care Claim Form**

Patient Information:

- First Name: Mirko
- BBAN: OZKL31553412881891
- Last Name: Ståhl-Larsson
- Address: 742 Krausegasse, 42774, Eichstätt

Diagnosis & Treatment Details:

Date of Treatment: 01/10/2022

Diagnosis:

- ICD-10 Code: M54.3 (Cervicalgia)
- Description: Neck pain, without radiation

Treatment Details:

- Treatment Type: Chiropractic Manipulation
- Number of Treatments: 4
- Date of First Treatment: 01/10/2022
- Date of Last Treatment: 22/10/2022
- Frequency: Twice a week
- Treatment Provider: Dr. Jane Smith

Healthcare Provider Details:

- Provider Name: Dr. Jane Smith Chiropractic Care
- Address: 24, High Street, London, NW1 7LP
- Phone: 020-1234-5678
- Email: info@janesmithchiro.co.uk
- Provider BBAN: GB29 NWBK 601613 35422836

Patient Authorization:

I, Mirko Ståhl-Larsson, hereby confirm that the information provided above is true and accurate. I authorize the processing of my personal data for the purpose of this health insurance claim.

Signature: ............................... Date: ...............................

Please note: This is a synthetic document and does not represent a real health insurance claim. It has been generated for the purpose of training a named entity recognition system.",BANK_ACCOUNT_NUMBER,IBAN,"[759,784)","[759,784)",GB29 NWBK 601613 35422836,GB29 NWBK 601613 35422836,0.9856674671173096,
test,265,5533,gretel_finance_pii,,boundary-too-long,"**Chiropractic Care Claim Form**

Patient Information:

- First Name: Mirko
- BBAN: OZKL31553412881891
- Last Name: Ståhl-Larsson
- Address: 742 Krausegasse, 42774, Eichstätt

Diagnosis & Treatment Details:

Date of Treatment: 01/10/2022

Diagnosis:

- ICD-10 Code: M54.3 (Cervicalgia)
- Description: Neck pain, without radiation

Treatment Details:

- Treatment Type: Chiropractic Manipulation
- Number of Treatments: 4
- Date of First Treatment: 01/10/2022
- Date of Last Treatment: 22/10/2022
- Frequency: Twice a week
- Treatment Provider: Dr. Jane Smith

Healthcare Provider Details:

- Provider Name: Dr. Jane Smith Chiropractic Care
- Address: 24, High Street, London, NW1 7LP
- Phone: 020-1234-5678
- Email: info@janesmithchiro.co.uk
- Provider BBAN: GB29 NWBK 601613 35422836

Patient Authorization:

I, Mirko Ståhl-Larsson, hereby confirm that the information provided above is true and accurate. I authorize the processing of my personal data for the purpose of this health insurance claim.

Signature: ............................... Date: ...............................

Please note: This is a synthetic document and does not represent a real health insurance claim. It has been generated for the purpose of training a named entity recognition system.",PERSON_NAME,PERSON_NAME,"[548,558)","[544,558)",Jane Smith,Dr. Jane Smith,0.9775605946779251,
test,265,5533,gretel_finance_pii,,boundary-too-long,"**Chiropractic Care Claim Form**

Patient Information:

- First Name: Mirko
- BBAN: OZKL31553412881891
- Last Name: Ståhl-Larsson
- Address: 742 Krausegasse, 42774, Eichstätt

Diagnosis & Treatment Details:

Date of Treatment: 01/10/2022

Diagnosis:

- ICD-10 Code: M54.3 (Cervicalgia)
- Description: Neck pain, without radiation

Treatment Details:

- Treatment Type: Chiropractic Manipulation
- Number of Treatments: 4
- Date of First Treatment: 01/10/2022
- Date of Last Treatment: 22/10/2022
- Frequency: Twice a week
- Treatment Provider: Dr. Jane Smith

Healthcare Provider Details:

- Provider Name: Dr. Jane Smith Chiropractic Care
- Address: 24, High Street, London, NW1 7LP
- Phone: 020-1234-5678
- Email: info@janesmithchiro.co.uk
- Provider BBAN: GB29 NWBK 601613 35422836

Patient Authorization:

I, Mirko Ståhl-Larsson, hereby confirm that the information provided above is true and accurate. I authorize the processing of my personal data for the purpose of this health insurance claim.

Signature: ............................... Date: ...............................

Please note: This is a synthetic document and does not represent a real health insurance claim. It has been generated for the purpose of training a named entity recognition system.",PERSON_NAME,PERSON_NAME,"[813,818)","[813,832)",Mirko,Mirko Ståhl-Larsson,0.9982592165470123,
test,265,5533,gretel_finance_pii,,false positive,"**Chiropractic Care Claim Form**

Patient Information:

- First Name: Mirko
- BBAN: OZKL31553412881891
- Last Name: Ståhl-Larsson
- Address: 742 Krausegasse, 42774, Eichstätt

Diagnosis & Treatment Details:

Date of Treatment: 01/10/2022

Diagnosis:

- ICD-10 Code: M54.3 (Cervicalgia)
- Description: Neck pain, without radiation

Treatment Details:

- Treatment Type: Chiropractic Manipulation
- Number of Treatments: 4
- Date of First Treatment: 01/10/2022
- Date of Last Treatment: 22/10/2022
- Frequency: Twice a week
- Treatment Provider: Dr. Jane Smith

Healthcare Provider Details:

- Provider Name: Dr. Jane Smith Chiropractic Care
- Address: 24, High Street, London, NW1 7LP
- Phone: 020-1234-5678
- Email: info@janesmithchiro.co.uk
- Provider BBAN: GB29 NWBK 601613 35422836

Patient Authorization:

I, Mirko Ståhl-Larsson, hereby confirm that the information provided above is true and accurate. I authorize the processing of my personal data for the purpose of this health insurance claim.

Signature: ............................... Date: ...............................

Please note: This is a synthetic document and does not represent a real health insurance claim. It has been generated for the purpose of training a named entity recognition system.",,PERSON_NAME,,"[607,621)",,Dr. Jane Smith,0.9832455664873123,
test,277,synthetic-00018073,securelogx_custom_logs,order_reference_ssn_shape_warn_v1,wrong entity class,WARN Order reference 506-17-1985 was replayed after a warehouse timeout. log_sequence=18073,BUSINESS_ID,DOB,"[21,32)","[21,32)",506-17-1985,506-17-1985,0.9606793324152628,
test,292,39868,gretel_finance_pii,,false positive,"<?xml version=""1.0"" encoding=""UTF-8""?>
<xbrl xmlns:xsi=""http://www.w3.org/2001/XMLSchema-instance"" xmlns:link=""http://www.xbrl.org/2003/linkbase"" xmlns:iso4217=""http://www.xbrl.org/2003/iso4217"" xmlns:xbrli=""http://www.xbrl.org/2003/instance"" xmlns=""http://www.xbrl.org/2003/XBRL-instance"" xsi:schemaLocation=""http://www.xbrl.org/2003/instance http://www.xbrl.org/2009/xbrldi/xbrldi-2009-01-01.xsd http://www.xbrl.org/2003/xbrl-instance http://www.xbrl.org/2003/xbrl-instance.xsd"">
 <xbrli:context id=""FX-2021-Q1"">
 <xbrli:entity>
 <xbrli:identifier scheme=""http://www.identifiers.org/companies/ISIN"">GB00BH4HKS39</xbrli:identifier>
 </xbrli:entity>
 <xbrli:period>
 <xbrli:instant>2021-03-31</xbrli:instant>
 </xbrli:period>
 </xbrli:context>
 <xbrli:context id=""FX-2021-Q2"">
 <xbrli:entity>
 <xbrli:identifier scheme=""http://www.identifiers.org/companies/ISIN"">GB00BH4HKS39</xbrli:identifier>
 </xbrli:entity>
 <xbrli:period>
 <xbrli:startDate>2021-04-01</xbrli:startDate>
 <xbrli:endDate>2021-06-30</xbr",,IBAN,,"[607,608)",,4,0.4271226227283478,
test,320,synthetic-00016211,securelogx_custom_logs,order_reference_ssn_shape_warn_v1,wrong entity class,WARN Order reference 721-91-2201 was replayed after a warehouse timeout. log_sequence=16211,BUSINESS_ID,SSN,"[21,32)","[21,32)",721-91-2201,721-91-2201,0.9955134647233146,
test,323,synthetic-00024457,securelogx_custom_logs,order_reference_ssn_shape_warn_v1,wrong entity class,WARN Order reference 863-20-5781 was replayed after a warehouse timeout. log_sequence=24457,BUSINESS_ID,SSN,"[21,32)","[21,32)",863-20-5781,863-20-5781,0.9937402084469795,
test,326,32604,gretel_finance_pii,,boundary-too-short,"THE GLOBE INSURANCE COMPANY
Life Insurance Policy

Policy Number: GIC-123456789

This policy is issued to:
Jordan Hawkins-Lane
82089 Page Spring
Los Angeles, CA 90001
USA

Phone: 871.724.0150

Effective Date: 01/01/2023
Expiration Date: 01/01/2033

Type of Policy: Whole Life Insurance

Coverage Limits:
- Death Benefit: $500,000
- Cash Value: Accrues at a rate of 4% per annum

Premium: $5,000 per annum, payable annually in advance

Policy Endorsements:
- Accidental Death Benefit Rider: Additional $100,000 death benefit payable in the event of accidental death
- Waiver of Premium Rider: Premiums will be waived if the insured becomes totally disabled

Beneficiary Designation:
Primary Beneficiary: 
- Name: Jane Doe
- Relationship: Spouse
- Date of Birth: 01/01/1980

Contingent Beneficiary:
- Name: John Doe
- Relationship: Child
- Date of Birth: 01/01/2010

This policy is subject to the terms, conditions, and provisions of the Life Insurance Policy issued by The Globe Insurance Company.

By signing below, the policyholder acknowledges and agrees to the terms and conditions of this policy.

Policyholder Signature: ___________________________ Date: _________________

Please note that this is a synthetic document generated for training purposes and does not represent a valid insurance policy.",STREET_ADDRESS,STREET_ADDRESS,"[127,144)","[127,132)",82089 Page Spring,82089,0.8990427702665329,
test,334,44289,gretel_finance_pii,,wrong entity class,"1:FITC32A
BEGIn
DFIC
BKCHUS33
222FXAXXX
85906 Scott Meadows
Carlos Tyler Rodriguez
20240119
102028
522
USD
50000.00
CRED
USD
50000.00
N
USD
50000.00
Y
END

(Note: The above SWIFT message is a synthetic example and does not reflect any real-world transaction or financial institution.)",STREET_ADDRESS,PERSON_NAME,"[40,59)","[46,59)",85906 Scott Meadows,Scott Meadows,0.9801777303218842,
test,334,44289,gretel_finance_pii,,false positive,"1:FITC32A
BEGIn
DFIC
BKCHUS33
222FXAXXX
85906 Scott Meadows
Carlos Tyler Rodriguez
20240119
102028
522
USD
50000.00
CRED
USD
50000.00
N
USD
50000.00
Y
END

(Note: The above SWIFT message is a synthetic example and does not reflect any real-world transaction or financial institution.)",,PERSON_NAME,,"[16,17)",,D,0.36137714982032776,
test,334,44289,gretel_finance_pii,,false positive,"1:FITC32A
BEGIn
DFIC
BKCHUS33
222FXAXXX
85906 Scott Meadows
Carlos Tyler Rodriguez
20240119
102028
522
USD
50000.00
CRED
USD
50000.00
N
USD
50000.00
Y
END

(Note: The above SWIFT message is a synthetic example and does not reflect any real-world transaction or financial institution.)",,SWIFT_BIC,,"[22,27)",,KCHUS,0.46247199177742004,
test,350,synthetic-00003975,securelogx_custom_logs,order_reference_ssn_shape_warn_v1,wrong entity class,WARN Order reference 297-77-1647 was replayed after a warehouse timeout. log_sequence=3975,BUSINESS_ID,SSN,"[21,32)","[21,32)",297-77-1647,297-77-1647,0.9978071451187134,
test,379,31637,gretel_finance_pii,,false negative,"———————————————————————————
Empire Industries Ltd.
Salary Slip
———————————————————————————

Employee Name: John Doe
Employee ID: EMP00123

Basic Salary: £2,500.00
Allowances:
- Transport Allowance: £200.00
- Medical Allowance: £150.00

Total Allowances: £350.00

Deductions:
- Tax: £450.00
- Pension Contribution: £200.00

Total Deductions: £650.00

Net Salary: £2,200.00

Pay Period: 01-Jan-2023 to 31-Jan-2023

———————————————————————————
Please note that this is a computer-generated salary slip. Kindly verify the details and contact the HR department in case of any discrepancies.",PERSON_NAME,,"[129,137)",,EMP00123,,,0.0045634213835000995
test,382,12936,gretel_finance_pii,,boundary-too-short,"Title: New Wireless Mouse Setup for Mats
----------------------------------------

### **Ticket Details**

**Reported By:** Mats

**Phone:** +39 031496323

**Date:** 2022-03-14

**Priority:** Medium

**Status:** In Progress

### **Description**

Mats (first\_name) is having trouble setting up a new wireless mouse for his computer. He is located at Vicolo Beatrice, 78 (street\_address) and can be reached at +39 031496323 (phone).

Mats has successfully connected the wireless receiver to his computer, but the mouse is not responding. He has tried replacing the batteries in the mouse, but the issue persists.

### **Resolution Status**

The IT support team is currently investigating the issue and will provide an update as soon as possible.

### **Additional Notes**

The name of the user is Henrik Gösta Gustafsson (name), but he prefers to be called Mats.",STREET_ADDRESS,STREET_ADDRESS,"[350,369)","[350,365)","Vicolo Beatrice, 78",Vicolo Beatrice,0.8681996067365011,
test,414,36165,gretel_finance_pii,,wrong entity class,"---------------------------------------------------------------------------------------------------------------------------------------------------------------------------------
**White and Sons Customer Support Log**
---------------------------------------------------------------------------------------------------------------------------------------------------------------------------------

**Timestamp: 2023-04-17 10:00:00 UTC-0500 (EDT) | Agent: Pat*

**Pat: Good morning! Welcome to White and Sons customer support. How can I assist you today, Mr. Tlustek?

Anselm Tlustek: Hi Pat, I recently had a new air conditioning system installed at my apartment in Colefort. However, it' (064 Lisa Dale) not cooling properly.

Pat: I'm sorry to hear that, Mr. Tlustek. I'll be happy to assist you.

*Pat reviews the installation summary for 064 Lisa Dale, Colefort*

Pat: I see that our technician installed a new AC unit on April 15th. Let's walk through a few troublesh thermostat settings.

*Pat guides Mr. Tlustek through the thermostat settings*

Pat: I believe we've resolved the issue, Mr. Tlustek. The AC unit should now be cooling your apartment.

Anselm Tlustek: Great, thank you, Pat. I appreciate your assistance.

Pat: You're welcome, Mr. Tlustek. Don's hesitate to reach out if you have any other questions or concerns.

---------------------------------------------------------------------------------------------------------------------------------------------------------------------------------
**End of the Customer Support Log**
---------------------------------------------------------------------------------------------------------------------------------------------------------------------------------",PERSON_NAME,STREET_ADDRESS,"[693,702)","[689,702)",Lisa Dale,064 Lisa Dale,0.9952210187911987,
test,414,36165,gretel_finance_pii,,false negative,"---------------------------------------------------------------------------------------------------------------------------------------------------------------------------------
**White and Sons Customer Support Log**
---------------------------------------------------------------------------------------------------------------------------------------------------------------------------------

**Timestamp: 2023-04-17 10:00:00 UTC-0500 (EDT) | Agent: Pat*

**Pat: Good morning! Welcome to White and Sons customer support. How can I assist you today, Mr. Tlustek?

Anselm Tlustek: Hi Pat, I recently had a new air conditioning system installed at my apartment in Colefort. However, it' (064 Lisa Dale) not cooling properly.

Pat: I'm sorry to hear that, Mr. Tlustek. I'll be happy to assist you.

*Pat reviews the installation summary for 064 Lisa Dale, Colefort*

Pat: I see that our technician installed a new AC unit on April 15th. Let's walk through a few troublesh thermostat settings.

*Pat guides Mr. Tlustek through the thermostat settings*

Pat: I believe we've resolved the issue, Mr. Tlustek. The AC unit should now be cooling your apartment.

Anselm Tlustek: Great, thank you, Pat. I appreciate your assistance.

Pat: You're welcome, Mr. Tlustek. Don's hesitate to reach out if you have any other questions or concerns.

---------------------------------------------------------------------------------------------------------------------------------------------------------------------------------
**End of the Customer Support Log**
---------------------------------------------------------------------------------------------------------------------------------------------------------------------------------",PERSON_NAME,,"[454,457)",,Pat,,,0.40611907839775085
test,414,36165,gretel_finance_pii,,false negative,"---------------------------------------------------------------------------------------------------------------------------------------------------------------------------------
**White and Sons Customer Support Log**
---------------------------------------------------------------------------------------------------------------------------------------------------------------------------------

**Timestamp: 2023-04-17 10:00:00 UTC-0500 (EDT) | Agent: Pat*

**Pat: Good morning! Welcome to White and Sons customer support. How can I assist you today, Mr. Tlustek?

Anselm Tlustek: Hi Pat, I recently had a new air conditioning system installed at my apartment in Colefort. However, it' (064 Lisa Dale) not cooling properly.

Pat: I'm sorry to hear that, Mr. Tlustek. I'll be happy to assist you.

*Pat reviews the installation summary for 064 Lisa Dale, Colefort*

Pat: I see that our technician installed a new AC unit on April 15th. Let's walk through a few troublesh thermostat settings.

*Pat guides Mr. Tlustek through the thermostat settings*

Pat: I believe we've resolved the issue, Mr. Tlustek. The AC unit should now be cooling your apartment.

Anselm Tlustek: Great, thank you, Pat. I appreciate your assistance.

Pat: You're welcome, Mr. Tlustek. Don's hesitate to reach out if you have any other questions or concerns.

---------------------------------------------------------------------------------------------------------------------------------------------------------------------------------
**End of the Customer Support Log**
---------------------------------------------------------------------------------------------------------------------------------------------------------------------------------",PERSON_NAME,,"[462,465)",,Pat,,,0.006673554889857769
test,414,36165,gretel_finance_pii,,false negative,"---------------------------------------------------------------------------------------------------------------------------------------------------------------------------------
**White and Sons Customer Support Log**
---------------------------------------------------------------------------------------------------------------------------------------------------------------------------------

**Timestamp: 2023-04-17 10:00:00 UTC-0500 (EDT) | Agent: Pat*

**Pat: Good morning! Welcome to White and Sons customer support. How can I assist you today, Mr. Tlustek?

Anselm Tlustek: Hi Pat, I recently had a new air conditioning system installed at my apartment in Colefort. However, it' (064 Lisa Dale) not cooling properly.

Pat: I'm sorry to hear that, Mr. Tlustek. I'll be happy to assist you.

*Pat reviews the installation summary for 064 Lisa Dale, Colefort*

Pat: I see that our technician installed a new AC unit on April 15th. Let's walk through a few troublesh thermostat settings.

*Pat guides Mr. Tlustek through the thermostat settings*

Pat: I believe we've resolved the issue, Mr. Tlustek. The AC unit should now be cooling your apartment.

Anselm Tlustek: Great, thank you, Pat. I appreciate your assistance.

Pat: You're welcome, Mr. Tlustek. Don's hesitate to reach out if you have any other questions or concerns.

---------------------------------------------------------------------------------------------------------------------------------------------------------------------------------
**End of the Customer Support Log**
---------------------------------------------------------------------------------------------------------------------------------------------------------------------------------",PERSON_NAME,,"[727,730)",,Pat,,,0.032872799783945084
test,414,36165,gretel_finance_pii,,false negative,"---------------------------------------------------------------------------------------------------------------------------------------------------------------------------------
**White and Sons Customer Support Log**
---------------------------------------------------------------------------------------------------------------------------------------------------------------------------------

**Timestamp: 2023-04-17 10:00:00 UTC-0500 (EDT) | Agent: Pat*

**Pat: Good morning! Welcome to White and Sons customer support. How can I assist you today, Mr. Tlustek?

Anselm Tlustek: Hi Pat, I recently had a new air conditioning system installed at my apartment in Colefort. However, it' (064 Lisa Dale) not cooling properly.

Pat: I'm sorry to hear that, Mr. Tlustek. I'll be happy to assist you.

*Pat reviews the installation summary for 064 Lisa Dale, Colefort*

Pat: I see that our technician installed a new AC unit on April 15th. Let's walk through a few troublesh thermostat settings.

*Pat guides Mr. Tlustek through the thermostat settings*

Pat: I believe we've resolved the issue, Mr. Tlustek. The AC unit should now be cooling your apartment.

Anselm Tlustek: Great, thank you, Pat. I appreciate your assistance.

Pat: You're welcome, Mr. Tlustek. Don's hesitate to reach out if you have any other questions or concerns.

---------------------------------------------------------------------------------------------------------------------------------------------------------------------------------
**End of the Customer Support Log**
---------------------------------------------------------------------------------------------------------------------------------------------------------------------------------",PERSON_NAME,,"[800,803)",,Pat,,,0.0018946699565276504
test,414,36165,gretel_finance_pii,,false negative,"---------------------------------------------------------------------------------------------------------------------------------------------------------------------------------
**White and Sons Customer Support Log**
---------------------------------------------------------------------------------------------------------------------------------------------------------------------------------

**Timestamp: 2023-04-17 10:00:00 UTC-0500 (EDT) | Agent: Pat*

**Pat: Good morning! Welcome to White and Sons customer support. How can I assist you today, Mr. Tlustek?

Anselm Tlustek: Hi Pat, I recently had a new air conditioning system installed at my apartment in Colefort. However, it' (064 Lisa Dale) not cooling properly.

Pat: I'm sorry to hear that, Mr. Tlustek. I'll be happy to assist you.

*Pat reviews the installation summary for 064 Lisa Dale, Colefort*

Pat: I see that our technician installed a new AC unit on April 15th. Let's walk through a few troublesh thermostat settings.

*Pat guides Mr. Tlustek through the thermostat settings*

Pat: I believe we've resolved the issue, Mr. Tlustek. The AC unit should now be cooling your apartment.

Anselm Tlustek: Great, thank you, Pat. I appreciate your assistance.

Pat: You're welcome, Mr. Tlustek. Don's hesitate to reach out if you have any other questions or concerns.

---------------------------------------------------------------------------------------------------------------------------------------------------------------------------------
**End of the Customer Support Log**
---------------------------------------------------------------------------------------------------------------------------------------------------------------------------------",PERSON_NAME,,"[867,870)",,Pat,,,0.021467341110110283
test,414,36165,gretel_finance_pii,,false negative,"---------------------------------------------------------------------------------------------------------------------------------------------------------------------------------
**White and Sons Customer Support Log**
---------------------------------------------------------------------------------------------------------------------------------------------------------------------------------

**Timestamp: 2023-04-17 10:00:00 UTC-0500 (EDT) | Agent: Pat*

**Pat: Good morning! Welcome to White and Sons customer support. How can I assist you today, Mr. Tlustek?

Anselm Tlustek: Hi Pat, I recently had a new air conditioning system installed at my apartment in Colefort. However, it' (064 Lisa Dale) not cooling properly.

Pat: I'm sorry to hear that, Mr. Tlustek. I'll be happy to assist you.

*Pat reviews the installation summary for 064 Lisa Dale, Colefort*

Pat: I see that our technician installed a new AC unit on April 15th. Let's walk through a few troublesh thermostat settings.

*Pat guides Mr. Tlustek through the thermostat settings*

Pat: I believe we've resolved the issue, Mr. Tlustek. The AC unit should now be cooling your apartment.

Anselm Tlustek: Great, thank you, Pat. I appreciate your assistance.

Pat: You're welcome, Mr. Tlustek. Don's hesitate to reach out if you have any other questions or concerns.

---------------------------------------------------------------------------------------------------------------------------------------------------------------------------------
**End of the Customer Support Log**
---------------------------------------------------------------------------------------------------------------------------------------------------------------------------------",PERSON_NAME,,"[995,998)",,Pat,,,0.02782413922250271
test,414,36165,gretel_finance_pii,,false negative,"---------------------------------------------------------------------------------------------------------------------------------------------------------------------------------
**White and Sons Customer Support Log**
---------------------------------------------------------------------------------------------------------------------------------------------------------------------------------

**Timestamp: 2023-04-17 10:00:00 UTC-0500 (EDT) | Agent: Pat*

**Pat: Good morning! Welcome to White and Sons customer support. How can I assist you today, Mr. Tlustek?

Anselm Tlustek: Hi Pat, I recently had a new air conditioning system installed at my apartment in Colefort. However, it' (064 Lisa Dale) not cooling properly.

Pat: I'm sorry to hear that, Mr. Tlustek. I'll be happy to assist you.

*Pat reviews the installation summary for 064 Lisa Dale, Colefort*

Pat: I see that our technician installed a new AC unit on April 15th. Let's walk through a few troublesh thermostat settings.

*Pat guides Mr. Tlustek through the thermostat settings*

Pat: I believe we've resolved the issue, Mr. Tlustek. The AC unit should now be cooling your apartment.

Anselm Tlustek: Great, thank you, Pat. I appreciate your assistance.

Pat: You're welcome, Mr. Tlustek. Don's hesitate to reach out if you have any other questions or concerns.

---------------------------------------------------------------------------------------------------------------------------------------------------------------------------------
**End of the Customer Support Log**
---------------------------------------------------------------------------------------------------------------------------------------------------------------------------------",PERSON_NAME,,"[1052,1055)",,Pat,,,0.054461944848299026
test,414,36165,gretel_finance_pii,,false negative,"---------------------------------------------------------------------------------------------------------------------------------------------------------------------------------
**White and Sons Customer Support Log**
---------------------------------------------------------------------------------------------------------------------------------------------------------------------------------

**Timestamp: 2023-04-17 10:00:00 UTC-0500 (EDT) | Agent: Pat*

**Pat: Good morning! Welcome to White and Sons customer support. How can I assist you today, Mr. Tlustek?

Anselm Tlustek: Hi Pat, I recently had a new air conditioning system installed at my apartment in Colefort. However, it' (064 Lisa Dale) not cooling properly.

Pat: I'm sorry to hear that, Mr. Tlustek. I'll be happy to assist you.

*Pat reviews the installation summary for 064 Lisa Dale, Colefort*

Pat: I see that our technician installed a new AC unit on April 15th. Let's walk through a few troublesh thermostat settings.

*Pat guides Mr. Tlustek through the thermostat settings*

Pat: I believe we've resolved the issue, Mr. Tlustek. The AC unit should now be cooling your apartment.

Anselm Tlustek: Great, thank you, Pat. I appreciate your assistance.

Pat: You're welcome, Mr. Tlustek. Don's hesitate to reach out if you have any other questions or concerns.

---------------------------------------------------------------------------------------------------------------------------------------------------------------------------------
**End of the Customer Support Log**
---------------------------------------------------------------------------------------------------------------------------------------------------------------------------------",PERSON_NAME,,"[1227,1230)",,Pat,,,0.07385789602994919
test,414,36165,gretel_finance_pii,,false positive,"---------------------------------------------------------------------------------------------------------------------------------------------------------------------------------
**White and Sons Customer Support Log**
---------------------------------------------------------------------------------------------------------------------------------------------------------------------------------

**Timestamp: 2023-04-17 10:00:00 UTC-0500 (EDT) | Agent: Pat*

**Pat: Good morning! Welcome to White and Sons customer support. How can I assist you today, Mr. Tlustek?

Anselm Tlustek: Hi Pat, I recently had a new air conditioning system installed at my apartment in Colefort. However, it' (064 Lisa Dale) not cooling properly.

Pat: I'm sorry to hear that, Mr. Tlustek. I'll be happy to assist you.

*Pat reviews the installation summary for 064 Lisa Dale, Colefort*

Pat: I see that our technician installed a new AC unit on April 15th. Let's walk through a few troublesh thermostat settings.

*Pat guides Mr. Tlustek through the thermostat settings*

Pat: I believe we've resolved the issue, Mr. Tlustek. The AC unit should now be cooling your apartment.

Anselm Tlustek: Great, thank you, Pat. I appreciate your assistance.

Pat: You're welcome, Mr. Tlustek. Don's hesitate to reach out if you have any other questions or concerns.

---------------------------------------------------------------------------------------------------------------------------------------------------------------------------------
**End of the Customer Support Log**
---------------------------------------------------------------------------------------------------------------------------------------------------------------------------------",,STREET_ADDRESS,,"[665,673)",,Colefort,0.7221134603023529,
test,415,synthetic-00001581,securelogx_custom_logs,order_reference_ssn_shape_warn_v1,wrong entity class,WARN Order reference 405-87-6533 was replayed after a warehouse timeout. log_sequence=1581,BUSINESS_ID,SSN,"[21,32)","[21,32)",405-87-6533,405-87-6533,0.9976090689500173,
test,434,36369,gretel_finance_pii,,boundary-too-short,"Bill of Lingering Modes

                                                                                                       Ref: BLD-21-003478

Date: 2023-04-12

Seller/Shipper: Dunn, Vazque3 and Davis
                        369 Barnes Ridge
                        Anytown, USA

Buyer/Consignee: Silvia Gentilini-Cimini

Goods:
- 100 units of stainless steel fittings
- 50 units of brass valves
- 250 kg of rubber seals

Carrier: Global Shipping Inc.

Vessel/Flight: GS-21-003478

Invoice: 21-003478-IN

Incoterms: FOB (Free on Board)

Shipment Description:
- Mode of Transportation: Ocean, Air, Land
- Port of Loading: New York, USA
- Port of Discharge: London, UK
- Delivery Address: 45 King's Cross, London, UK

Cargo Details:
- Total Weight: 5000 kg
- Total Volume: 12 m³
- Palletized: Yes
- Packaging: Wooden crates
- Markings: Dunn, Vazquez and Davis

Dangerous Goods: N/A

Notification: Silvia Gentilini-Cimini

Carrier’s Responsibility:
- The Carrier shall be responsible for the goods from the time they are loaded on board the ship at the Port of Loading until they are discharged at the Port of Discharge.

Consent:
- The information contained in this Bill of Lading is true and accurate to the best of my knowledge and belief.

_____________________
Silvia Gentilini-Cimini
Date: 2023-04-12

_____________________
John Doe
Global Shipping Inc.
Date: 2023-04-12",STREET_ADDRESS,STREET_ADDRESS,"[692,719)","[692,708)","45 King's Cross, London, UK","45 King's Cross,",0.7548943062623342,
test,434,36369,gretel_finance_pii,,false negative,"Bill of Lingering Modes

                                                                                                       Ref: BLD-21-003478

Date: 2023-04-12

Seller/Shipper: Dunn, Vazque3 and Davis
                        369 Barnes Ridge
                        Anytown, USA

Buyer/Consignee: Silvia Gentilini-Cimini

Goods:
- 100 units of stainless steel fittings
- 50 units of brass valves
- 250 kg of rubber seals

Carrier: Global Shipping Inc.

Vessel/Flight: GS-21-003478

Invoice: 21-003478-IN

Incoterms: FOB (Free on Board)

Shipment Description:
- Mode of Transportation: Ocean, Air, Land
- Port of Loading: New York, USA
- Port of Discharge: London, UK
- Delivery Address: 45 King's Cross, London, UK

Cargo Details:
- Total Weight: 5000 kg
- Total Volume: 12 m³
- Palletized: Yes
- Packaging: Wooden crates
- Markings: Dunn, Vazquez and Davis

Dangerous Goods: N/A

Notification: Silvia Gentilini-Cimini

Carrier’s Responsibility:
- The Carrier shall be responsible for the goods from the time they are loaded on board the ship at the Port of Loading until they are discharged at the Port of Discharge.

Consent:
- The information contained in this Bill of Lading is true and accurate to the best of my knowledge and belief.

_____________________
Silvia Gentilini-Cimini
Date: 2023-04-12

_____________________
John Doe
Global Shipping Inc.
Date: 2023-04-12",PERSON_NAME,,"[182,186)",,Dunn,,,0.009979324415326118
test,434,36369,gretel_finance_pii,,false negative,"Bill of Lingering Modes

                                                                                                       Ref: BLD-21-003478

Date: 2023-04-12

Seller/Shipper: Dunn, Vazque3 and Davis
                        369 Barnes Ridge
                        Anytown, USA

Buyer/Consignee: Silvia Gentilini-Cimini

Goods:
- 100 units of stainless steel fittings
- 50 units of brass valves
- 250 kg of rubber seals

Carrier: Global Shipping Inc.

Vessel/Flight: GS-21-003478

Invoice: 21-003478-IN

Incoterms: FOB (Free on Board)

Shipment Description:
- Mode of Transportation: Ocean, Air, Land
- Port of Loading: New York, USA
- Port of Discharge: London, UK
- Delivery Address: 45 King's Cross, London, UK

Cargo Details:
- Total Weight: 5000 kg
- Total Volume: 12 m³
- Palletized: Yes
- Packaging: Wooden crates
- Markings: Dunn, Vazquez and Davis

Dangerous Goods: N/A

Notification: Silvia Gentilini-Cimini

Carrier’s Responsibility:
- The Carrier shall be responsible for the goods from the time they are loaded on board the ship at the Port of Loading until they are discharged at the Port of Discharge.

Consent:
- The information contained in this Bill of Lading is true and accurate to the best of my knowledge and belief.

_____________________
Silvia Gentilini-Cimini
Date: 2023-04-12

_____________________
John Doe
Global Shipping Inc.
Date: 2023-04-12",PERSON_NAME,,"[200,205)",,Davis,,,0.0026965730357915163
test,434,36369,gretel_finance_pii,,false positive,"Bill of Lingering Modes

                                                                                                       Ref: BLD-21-003478

Date: 2023-04-12

Seller/Shipper: Dunn, Vazque3 and Davis
                        369 Barnes Ridge
                        Anytown, USA

Buyer/Consignee: Silvia Gentilini-Cimini

Goods:
- 100 units of stainless steel fittings
- 50 units of brass valves
- 250 kg of rubber seals

Carrier: Global Shipping Inc.

Vessel/Flight: GS-21-003478

Invoice: 21-003478-IN

Incoterms: FOB (Free on Board)

Shipment Description:
- Mode of Transportation: Ocean, Air, Land
- Port of Loading: New York, USA
- Port of Discharge: London, UK
- Delivery Address: 45 King's Cross, London, UK

Cargo Details:
- Total Weight: 5000 kg
- Total Volume: 12 m³
- Palletized: Yes
- Packaging: Wooden crates
- Markings: Dunn, Vazquez and Davis

Dangerous Goods: N/A

Notification: Silvia Gentilini-Cimini

Carrier’s Responsibility:
- The Carrier shall be responsible for the goods from the time they are loaded on board the ship at the Port of Loading until they are discharged at the Port of Discharge.

Consent:
- The information contained in this Bill of Lading is true and accurate to the best of my knowledge and belief.

_____________________
Silvia Gentilini-Cimini
Date: 2023-04-12

_____________________
John Doe
Global Shipping Inc.
Date: 2023-04-12",,PERSON_NAME,,"[1332,1340)",,John Doe,0.9976618687311808,
test,466,51084,gretel_finance_pii,,false negative,"---
Health Insurance Claim Form

Claimant Information:

* Name: Amy Schultz
* Address: 8331 Nancy Forge, Apt. 926
* Phone: [Policyholder's phone number]
* Email: [Policyholder's email]

Policy Information:

* Policy Number: [Policy number]
* Effective Date: [Policy effective date]
* Coverage Type: Prescription Coverage

Prescription Coverage Claim:

* Prescription Details:
	+ Name: [Prescription medication name]
	+ Dosage: [Prescription dosage]
	+ Quantity: [Number of prescription refills]
	+ Prescribing Physician:
		- Name: Massimiliano A. Beccaria
		- Address: [Prescribing physician's address]
		- Phone: [Prescribing physician's phone number]

Treatment Information:

* Treating Physician:
	+ Name: [Treating physician's name]
	+ Address: [Treating physician's address]
	+ Phone: [Treating physician's phone number]
* Treatment Start Date: [Treatment start date]
* Treatment End Date: [Treatment end date]
* Brief Description of Treatment: [Brief description of the treatment]

Declaration:
I, Amy Schultz, hereby declare that the information provided in this claim form is true and accurate to the best of my knowledge. I understand that any false or misleading statements may result in the denial of this claim or future claims.

Signature: Amy Schultz
Date: [Today's date]

---",EMAIL,,"[162,183)",,[Policyholder's email,,,0.01898954389616847
test,483,40177,gretel_finance_pii,,boundary-too-short,"---
**Renovation Loan Credit Application**

Full Legal Name: Maurice Bigot

Contact Information:
- Phone: [+1]-555-555-1212
- Email: [moc.liamg@tigob.eiramuaH

Mailing Address:
933 Veronica Station

Birthdate: 01/01/1980

Employment Information:
- Employer: XYZ Inc.
- Position: Software Engineer
- Annual Income: $120,000
- Years with Current Employer: 5 years

Property Information:
- Property Address: 456 Oak Street
- Property Type: Residential
- Estimated Property Value: $500,000
- Estimated Renovation Scope and Cost:

    -- Bathroom Remodel: $25,000
    -- Kitchen Renovation: $40,000
    -- New Roof: $20,00
    -- Exterior Painting: $10,000
    -- New Windows: $15,000

Loan Information:
- Amount Requested: $100,00
- Loan Purpose: Property Renovation
- Loan Type: Secured
- Loan Term: 15 years
- Interest Rate: 5.5%
- First Mortgage Holder: ABC Bank
- First Mortgage Balance: $250,

Personal Financial Information:
- Bank Name: DEF Bank
- Bank Account Type: Chequing
- Bank Account Number: BBAN: OIPN59850481630096
- Average Bank Account Balance: $50,00

Declaration:
- I confirm that all the information provided above is true and accurate.
- I authorize the lender to verify the information provided and obtain a credit report.

Signature: Maurice Bigot
Date: 01/01/2023

---",EMAIL,EMAIL,"[133,158)","[134,158)",[moc.liamg@tigob.eiramuaH,moc.liamg@tigob.eiramuaH,0.9376843683421612,
test,484,34199,gretel_finance_pii,,boundary-too-short,"MERGER AGREEMENT

This Merger Agreement (the ""Agreement"") is entered into as of March 1, 2023, by and between Saban Oderwald-Langern (""Saban"") and Daniel Thompson-Garcia (""Daniel"").

WHEREAS, Saban is the sole shareholder of Parker Road Inc., a corporation organized and existing under the laws of the State of Delaware (the ""Corporation"");

WHEREAS, Daniel is the sole shareholder of Thompson-Garcia Acquisitions Ltd., a corporation organized and existing under the laws of the Province of Ontario, Canada (the ""Acquirer"");

WHEREAS, the Corporation and the Acquirer desire to effect a merger (the ""Merger"") whereby the Acquirer will acquire all of the outstanding shares of the Corporation in exchange for shares of the Acquirer;

NOW, THEREFORE, in consideration of the mutual covenants and promises contained herein, the parties hereto agree as follows:

1. MERGER. Upon the terms and subject to the conditions set forth in this Agreement, at the Effective Time (as defined below), the Corporation shall be merged with and into the Acquirer, with the Acquirer continuing as the surviving corporation (the ""Surviving Corporation"") and the Corporation ceasing to exist.

2. EFFECTIVE TIME. The Merger shall become effective upon the filing of the certificate of merger with the Secretary of State of Delaware and the Minister of Finance of Ontario, Canada (the ""Effective Time"").

3. SURVIVAL OF AGREEMENT. This Agreement shall survive the Merger and shall be binding upon and inure to the benefit of the parties hereto and their respective successors and permitted assigns.

4. GOVERNING LAW. This Agreement shall be governed by and construed in accordance with the laws of the State of Delaware and the laws of the Province of Ontario, Canada.

5. NOTICES. All notices, requests, demands and other communications required or permitted hereunder shall be in writing and shall be deemed given when delivered personally or sent by confirmed facsimile or email, as follows:

If to Saban:
Saban Oderwald-Langern
957 Parker Road
Wilmington, DE 19",STREET_ADDRESS,STREET_ADDRESS,"[2011,2026)","[2011,2013)",957 Parker Road,95,0.7708537578582764,
test,484,34199,gretel_finance_pii,,false negative,"MERGER AGREEMENT

This Merger Agreement (the ""Agreement"") is entered into as of March 1, 2023, by and between Saban Oderwald-Langern (""Saban"") and Daniel Thompson-Garcia (""Daniel"").

WHEREAS, Saban is the sole shareholder of Parker Road Inc., a corporation organized and existing under the laws of the State of Delaware (the ""Corporation"");

WHEREAS, Daniel is the sole shareholder of Thompson-Garcia Acquisitions Ltd., a corporation organized and existing under the laws of the Province of Ontario, Canada (the ""Acquirer"");

WHEREAS, the Corporation and the Acquirer desire to effect a merger (the ""Merger"") whereby the Acquirer will acquire all of the outstanding shares of the Corporation in exchange for shares of the Acquirer;

NOW, THEREFORE, in consideration of the mutual covenants and promises contained herein, the parties hereto agree as follows:

1. MERGER. Upon the terms and subject to the conditions set forth in this Agreement, at the Effective Time (as defined below), the Corporation shall be merged with and into the Acquirer, with the Acquirer continuing as the surviving corporation (the ""Surviving Corporation"") and the Corporation ceasing to exist.

2. EFFECTIVE TIME. The Merger shall become effective upon the filing of the certificate of merger with the Secretary of State of Delaware and the Minister of Finance of Ontario, Canada (the ""Effective Time"").

3. SURVIVAL OF AGREEMENT. This Agreement shall survive the Merger and shall be binding upon and inure to the benefit of the parties hereto and their respective successors and permitted assigns.

4. GOVERNING LAW. This Agreement shall be governed by and construed in accordance with the laws of the State of Delaware and the laws of the Province of Ontario, Canada.

5. NOTICES. All notices, requests, demands and other communications required or permitted hereunder shall be in writing and shall be deemed given when delivered personally or sent by confirmed facsimile or email, as follows:

If to Saban:
Saban Oderwald-Langern
957 Parker Road
Wilmington, DE 19",PERSON_NAME,,"[1315,1338)",,the Minister of Finance,,,0.00045142985254642554
test,500,45708,gretel_finance_pii,,boundary-too-long,"INVESTMENT PROSPECTUS

INTRODUCTION

We are excited to present this investment prospectus for an exciting opportunity in the entertainment industry. Our fund specializes in content production, distribution channels, and staying ahead of evolving consumer preferences. This prospectus will detail the objectives, risks, and terms of the investment.

INVESTMENT OBJECTIVES

Our primary objective is to invest in the entertainment industry, with a focus on content production and distribution channels. We aim to capitalize on the growing demand for high-quality content across various platforms, including streaming services, social media, and traditional television. Our strategy includes partnering with established production companies, investing in new content, and leveraging advanced data analytics to stay ahead of consumer trends.

INVESTMENT RISKS

Investing in the entertainment industry carries inherent risks, including but not limited to:

* Market volatility: The entertainment industry is subject to fluctuations in consumer demand, technological advancements, and economic conditions.
* Content risk: The success of our investments depends on the popularity and critical reception of the content we produce.
* Regulatory risk: The entertainment industry is subject to various regulations and scrutiny, which can impact our operations and profitability.

INVESTMENT TERMS

The minimum investment for this opportunity is $100,000. The investment period is five years, with the possibility of extension based on the fund's performance. Investors will receive quarterly reports detailing the fund's financial performance, investment strategy, and risk management.

PORTFOLIO COMPANIES

Our portfolio includes the following companies:

1. 67e:133e:13cc:be47:d6cf:e03f:a9de:8680 Entertainment: A cutting-edge production company specializing in virtual reality and interactive content.
2. Jordan Rita Davidson Productions: A well-established production company with a track record of producing successful films and television shows.
3. Mark Grove Distribution: A leading distribution company with a strong presence in both traditional and digital channels.

CONCLUSION

We believe that the entertainment industry presents a unique investment opportunity, with significant growth potential and attractive returns. Our fund's focus on content production, distribution channels, and consumer preferences positions us well to",IP_ADDRESS,IP_ADDRESS,"[1748,1786)","[1745,1786)",67e:133e:13cc:be47:d6cf:e03f:a9de:8680,1. 67e:133e:13cc:be47:d6cf:e03f:a9de:8680,0.9972742736339569,
test,500,45708,gretel_finance_pii,,false positive,"INVESTMENT PROSPECTUS

INTRODUCTION

We are excited to present this investment prospectus for an exciting opportunity in the entertainment industry. Our fund specializes in content production, distribution channels, and staying ahead of evolving consumer preferences. This prospectus will detail the objectives, risks, and terms of the investment.

INVESTMENT OBJECTIVES

Our primary objective is to invest in the entertainment industry, with a focus on content production and distribution channels. We aim to capitalize on the growing demand for high-quality content across various platforms, including streaming services, social media, and traditional television. Our strategy includes partnering with established production companies, investing in new content, and leveraging advanced data analytics to stay ahead of consumer trends.

INVESTMENT RISKS

Investing in the entertainment industry carries inherent risks, including but not limited to:

* Market volatility: The entertainment industry is subject to fluctuations in consumer demand, technological advancements, and economic conditions.
* Content risk: The success of our investments depends on the popularity and critical reception of the content we produce.
* Regulatory risk: The entertainment industry is subject to various regulations and scrutiny, which can impact our operations and profitability.

INVESTMENT TERMS

The minimum investment for this opportunity is $100,000. The investment period is five years, with the possibility of extension based on the fund's performance. Investors will receive quarterly reports detailing the fund's financial performance, investment strategy, and risk management.

PORTFOLIO COMPANIES

Our portfolio includes the following companies:

1. 67e:133e:13cc:be47:d6cf:e03f:a9de:8680 Entertainment: A cutting-edge production company specializing in virtual reality and interactive content.
2. Jordan Rita Davidson Productions: A well-established production company with a track record of producing successful films and television shows.
3. Mark Grove Distribution: A leading distribution company with a strong presence in both traditional and digital channels.

CONCLUSION

We believe that the entertainment industry presents a unique investment opportunity, with significant growth potential and attractive returns. Our fund's focus on content production, distribution channels, and consumer preferences positions us well to",,PERSON_NAME,,"[2043,2047)",,Mark,0.7118546962738037,
test,505,synthetic-00023659,securelogx_custom_logs,order_reference_ssn_shape_warn_v1,wrong entity class,WARN Order reference 516-79-9076 was replayed after a warehouse timeout. log_sequence=23659,BUSINESS_ID,SSN,"[21,32)","[21,32)",516-79-9076,516-79-9076,0.9978811666369438,
test,513,synthetic-00009295,securelogx_custom_logs,order_reference_ssn_shape_warn_v1,wrong entity class,WARN Order reference 141-68-6199 was replayed after a warehouse timeout. log_sequence=9295,BUSINESS_ID,SSN,"[21,32)","[21,32)",141-68-6199,141-68-6199,0.9960000685283116,
test,517,synthetic-00017541,securelogx_custom_logs,order_reference_ssn_shape_warn_v1,wrong entity class,WARN Order reference 122-26-5353 was replayed after a warehouse timeout. log_sequence=17541,BUSINESS_ID,SSN,"[21,32)","[21,32)",122-26-5353,122-26-5353,0.9869413475195566,
test,519,synthetic-00007433,securelogx_custom_logs,order_reference_ssn_shape_warn_v1,wrong entity class,WARN Order reference 618-79-1106 was replayed after a warehouse timeout. log_sequence=7433,BUSINESS_ID,SSN,"[21,32)","[21,32)",618-79-1106,618-79-1106,0.9977937681334359,
test,524,11636,gretel_finance_pii,,boundary-too-short,":20:OOFFFXXXYOURBANKN/THBKUS33:
:25:220322USD500000 :61:Washington DC :62F:USD :63F:500000 :64F:220322 :65F:220325
:71A:IQBAL RAYMOND :71B:US651234789012345 :72:/GB29ABCD12345678901234567890
:86:QUINTENWEG 6 :88E:sq0atp-3WTO6JZBRQ4QZLCMTLLZJB
:11A:YOURBANK, NEW YORK, NY :20C:USA :23B:YOURBANK :23G:THBKUS33 :23H:OOFFFXXX
:29B:ABCDE12345678901 :32A:1234567890 :33B:THBKUS33XXX :35B:WASHINGTON DC
:50K:/GB29ABCD12345678901234567890 :52A:YOURBANK :53A:IQBAL RAYMOND
:57A:THBKUS33 :59:/ Message authentication code goes here :71F:IQBAL RAYMOND

(Note: Replace YOURBANK with the actual bank name, ABCD with the actual bank code, and replace the message authentication code with an actual MAC value.)",PERSON_NAME,PERSON_NAME,"[450,463)","[451,463)",IQBAL RAYMOND,QBAL RAYMOND,0.6992469515119281,
test,524,11636,gretel_finance_pii,,boundary-too-short,":20:OOFFFXXXYOURBANKN/THBKUS33:
:25:220322USD500000 :61:Washington DC :62F:USD :63F:500000 :64F:220322 :65F:220325
:71A:IQBAL RAYMOND :71B:US651234789012345 :72:/GB29ABCD12345678901234567890
:86:QUINTENWEG 6 :88E:sq0atp-3WTO6JZBRQ4QZLCMTLLZJB
:11A:YOURBANK, NEW YORK, NY :20C:USA :23B:YOURBANK :23G:THBKUS33 :23H:OOFFFXXX
:29B:ABCDE12345678901 :32A:1234567890 :33B:THBKUS33XXX :35B:WASHINGTON DC
:50K:/GB29ABCD12345678901234567890 :52A:YOURBANK :53A:IQBAL RAYMOND
:57A:THBKUS33 :59:/ Message authentication code goes here :71F:IQBAL RAYMOND

(Note: Replace YOURBANK with the actual bank name, ABCD with the actual bank code, and replace the message authentication code with an actual MAC value.)",PERSON_NAME,PERSON_NAME,"[527,540)","[531,540)",IQBAL RAYMOND,L RAYMOND,0.6658339500427246,
test,524,11636,gretel_finance_pii,,false negative,":20:OOFFFXXXYOURBANKN/THBKUS33:
:25:220322USD500000 :61:Washington DC :62F:USD :63F:500000 :64F:220322 :65F:220325
:71A:IQBAL RAYMOND :71B:US651234789012345 :72:/GB29ABCD12345678901234567890
:86:QUINTENWEG 6 :88E:sq0atp-3WTO6JZBRQ4QZLCMTLLZJB
:11A:YOURBANK, NEW YORK, NY :20C:USA :23B:YOURBANK :23G:THBKUS33 :23H:OOFFFXXX
:29B:ABCDE12345678901 :32A:1234567890 :33B:THBKUS33XXX :35B:WASHINGTON DC
:50K:/GB29ABCD12345678901234567890 :52A:YOURBANK :53A:IQBAL RAYMOND
:57A:THBKUS33 :59:/ Message authentication code goes here :71F:IQBAL RAYMOND

(Note: Replace YOURBANK with the actual bank name, ABCD with the actual bank code, and replace the message authentication code with an actual MAC value.)",API_KEY,,"[213,242)",,sq0atp-3WTO6JZBRQ4QZLCMTLLZJB,,,0.27037054249508813
test,530,36287,gretel_finance_pii,,false positive,"1. DEFINITIONS

1. “Execution Time” means 09:30:00 Eastern Time on March 12, 2d 023, being the precise date and time when the over-the-counter derivative contract was executed between the parties, as recorded in accordance with the records of William D. Evans, located at 212 Rodrigue Social, 63119, Davidmouth.

\* * * * *

2. INTERPRETATION

2. In this Agreement:

(b) a reference to a “person” includes a natural person, a partnership, a corporation, a limited liability company, a governmental authority or a state or other public authority;

* * * * *

3. DEFINITIONS

3. “Personal Data” means any information relating to an identified or identifiable natural person (‘data subject’); an identifiable natural person is one who can be identified, directly or indirectly, in particular by reference to an identifier such as a social security number (SSN), name, or street address;

* * * * *

4. CREDIT SUPPORT

4. The Receiving Party may not use, disclose or otherwise process any Personal Data received from the Disclosing Party in connection with this Agreement except as necessary for the performance of this Agreement or as otherwise permitted by this Agreement or applicable law.

* * * * *

5. GOVERNING LAW

5. This Agreement shall be governed by and construed in accordance with the laws of the United States of America.

* * * * *

6. COUNTERPARTS

6. This Agreement may be executed in any number of counterparts, each of which shall be deemed an original, but all of which together shall constitute one and the same instrument.

* * * * *

IN WITNESS WHEREOF, the parties have executed this Agreement as of the date first above written.

Party A: [Realistic Company Name]
By: [Name]
Title: [Title]

Party B: [Realistic Company Name]
By: [Name]
Title: [Title]

SSN: 323-97-5201
Name: William D. Evans
St",,STREET_ADDRESS,,"[272,310)",,"212 Rodrigue Social, 63119, Davidmouth",0.9981250911951065,
test,559,37677,gretel_finance_pii,,boundary-too-short,"TRIPARTITE ISDA DEFINITION

This Tripartite ISDA Definition (the ""Agreement"") is entered into as of this [date] by and between [Custodian Name], a corporation organized and existing under the laws of [Custodian State] with its head office located at [Custodian Address] (the ""Custodian""), [Counterparty Name], a corporation organized and existing under the laws of [Counterparty State] with its head office located at [Counterparty Address] (the ""Counterparty""), and [Smith1358], a natural person with a mailing address of 943 Christopher Wells, Port Lisa (the ""Third-Party"").

WHEREAS, the Custodian, the Counterparty, and the Third-Party desire to establish the terms and conditions upon which the Custodian shall hold and manage collateral in connection with over-the-counter derivatives transactions between the Counterparty and the Third-Party;

NOW, THEREFORE, in consideration of the mutual covenants and agreements contained herein and for other good and valuable consideration, the receipt and sufficiency of which is hereby acknowledged, the parties agree as follows:

1. Appointment of Custodian. The Counterparty hereby appoints the Custodian as custodian (the ""Custodian"") with respect to the collateral delivered by the Third-Party to the Custodian pursuant to the terms of this Agreement.
2. Delivery of Collateral. The Third-Party shall deliver collateral to the Custodian in accordance with the terms of this Agreement.
3. Management of Collateral. The Custodian shall manage and hold the collateral in accordance with the terms of this Agreement and the ISDA Credit Support Annex entered into between the Counterparty and the Third-Party.
4. Governing Law. This Agreement shall be governed by and construed in accordance with the laws of the State of [Governing Law State].
5. Counterparty Representations and Warranties. The Counterparty hereby represents and warrants to the Custodian as follows:

(a) The Counterparty has full power and authority to enter into this Agreement.

(b) This Agreement",PERSON_NAME,PERSON_NAME,"[127,143)","[129,142)",[Custodian Name],ustodian Name,0.5843315124511719,
test,559,37677,gretel_finance_pii,,wrong entity class,"TRIPARTITE ISDA DEFINITION

This Tripartite ISDA Definition (the ""Agreement"") is entered into as of this [date] by and between [Custodian Name], a corporation organized and existing under the laws of [Custodian State] with its head office located at [Custodian Address] (the ""Custodian""), [Counterparty Name], a corporation organized and existing under the laws of [Counterparty State] with its head office located at [Counterparty Address] (the ""Counterparty""), and [Smith1358], a natural person with a mailing address of 943 Christopher Wells, Port Lisa (the ""Third-Party"").

WHEREAS, the Custodian, the Counterparty, and the Third-Party desire to establish the terms and conditions upon which the Custodian shall hold and manage collateral in connection with over-the-counter derivatives transactions between the Counterparty and the Third-Party;

NOW, THEREFORE, in consideration of the mutual covenants and agreements contained herein and for other good and valuable consideration, the receipt and sufficiency of which is hereby acknowledged, the parties agree as follows:

1. Appointment of Custodian. The Counterparty hereby appoints the Custodian as custodian (the ""Custodian"") with respect to the collateral delivered by the Third-Party to the Custodian pursuant to the terms of this Agreement.
2. Delivery of Collateral. The Third-Party shall deliver collateral to the Custodian in accordance with the terms of this Agreement.
3. Management of Collateral. The Custodian shall manage and hold the collateral in accordance with the terms of this Agreement and the ISDA Credit Support Annex entered into between the Counterparty and the Third-Party.
4. Governing Law. This Agreement shall be governed by and construed in accordance with the laws of the State of [Governing Law State].
5. Counterparty Representations and Warranties. The Counterparty hereby represents and warrants to the Custodian as follows:

(a) The Counterparty has full power and authority to enter into this Agreement.

(b) This Agreement",PERSON_NAME,BUSINESS_ID,"[467,478)","[473,477)",[Smith1358],1358,0.7589837511380514,
test,583,47223,gretel_finance_pii,,false negative,"**CUSTOMER AGREEMENT**

THIS LEASE AGREEMENT (the ""Agreement"") is made and entered into this ______ day of ________, 20_____, by and between EKHVUSBX091 Leasing, LLC, a limited liability company organized and existing under the laws of the State of Delaware, with its principal place of business at 1234 Main Street, Anytown, DE 19999 (hereinafter ""Lessor""), and Norberto Quique Quesada, an individual with a mailing address of 888 Day Course (hereinafter ""Lessee"").

1. **PREMISES.** Lessor hereby leases to Lessee and Lessee hereby rents from Lessor, the premises located at 888 Day Course (hereinafter the ""Premises"").

2. **TERM.** The initial term of this Lease shall commence on ___________, 20__, and shall continue in full force and effect for a period of twelve (12) months thereafter, unless earlier terminated in accordance with the provisions of this Agreement.

3. **RENT.** Lessee shall pay to Lessor as base rent for the Premises the sum of _________ per month, payable in advance on the first day of each calendar month.

4. **SECURITY DEPOSIT.** Upon the due execution and delivery of this Agreement, Lessee shall deposit with Lessor as security for any and all damages caused to the Premises during the term hereof, the sum of _________ dollars ($_______) (the ""Security Deposit"").

5. **MAINTENANCE AND REPAIR.** Lessee shall keep the Premises in clean, sanitary, and good condition. Lessee shall be responsible for the cost of all repairs to the Premises necessitated by Lessee's acts or omissions.

6. **DEFAULT.** If Lessee fails to comply with any of the material provisions of this Agreement, or of any present rules and regulations governing the Premises, Lessor may terminate this Agreement upon providing proper notice to Lessee.

7. **CUSTOMER IDENTIFICATION.** For the purpose of this Agreement, Lessee shall be identified by the customer ID: M102817-Nk.",STREET_ADDRESS,,"[428,442)",,888 Day Course,,,0.05962156178429723
test,583,47223,gretel_finance_pii,,false negative,"**CUSTOMER AGREEMENT**

THIS LEASE AGREEMENT (the ""Agreement"") is made and entered into this ______ day of ________, 20_____, by and between EKHVUSBX091 Leasing, LLC, a limited liability company organized and existing under the laws of the State of Delaware, with its principal place of business at 1234 Main Street, Anytown, DE 19999 (hereinafter ""Lessor""), and Norberto Quique Quesada, an individual with a mailing address of 888 Day Course (hereinafter ""Lessee"").

1. **PREMISES.** Lessor hereby leases to Lessee and Lessee hereby rents from Lessor, the premises located at 888 Day Course (hereinafter the ""Premises"").

2. **TERM.** The initial term of this Lease shall commence on ___________, 20__, and shall continue in full force and effect for a period of twelve (12) months thereafter, unless earlier terminated in accordance with the provisions of this Agreement.

3. **RENT.** Lessee shall pay to Lessor as base rent for the Premises the sum of _________ per month, payable in advance on the first day of each calendar month.

4. **SECURITY DEPOSIT.** Upon the due execution and delivery of this Agreement, Lessee shall deposit with Lessor as security for any and all damages caused to the Premises during the term hereof, the sum of _________ dollars ($_______) (the ""Security Deposit"").

5. **MAINTENANCE AND REPAIR.** Lessee shall keep the Premises in clean, sanitary, and good condition. Lessee shall be responsible for the cost of all repairs to the Premises necessitated by Lessee's acts or omissions.

6. **DEFAULT.** If Lessee fails to comply with any of the material provisions of this Agreement, or of any present rules and regulations governing the Premises, Lessor may terminate this Agreement upon providing proper notice to Lessee.

7. **CUSTOMER IDENTIFICATION.** For the purpose of this Agreement, Lessee shall be identified by the customer ID: M102817-Nk.",PERSON_NAME,,"[509,515)",,Lessee,,,0.0915551409125328
test,583,47223,gretel_finance_pii,,false negative,"**CUSTOMER AGREEMENT**

THIS LEASE AGREEMENT (the ""Agreement"") is made and entered into this ______ day of ________, 20_____, by and between EKHVUSBX091 Leasing, LLC, a limited liability company organized and existing under the laws of the State of Delaware, with its principal place of business at 1234 Main Street, Anytown, DE 19999 (hereinafter ""Lessor""), and Norberto Quique Quesada, an individual with a mailing address of 888 Day Course (hereinafter ""Lessee"").

1. **PREMISES.** Lessor hereby leases to Lessee and Lessee hereby rents from Lessor, the premises located at 888 Day Course (hereinafter the ""Premises"").

2. **TERM.** The initial term of this Lease shall commence on ___________, 20__, and shall continue in full force and effect for a period of twelve (12) months thereafter, unless earlier terminated in accordance with the provisions of this Agreement.

3. **RENT.** Lessee shall pay to Lessor as base rent for the Premises the sum of _________ per month, payable in advance on the first day of each calendar month.

4. **SECURITY DEPOSIT.** Upon the due execution and delivery of this Agreement, Lessee shall deposit with Lessor as security for any and all damages caused to the Premises during the term hereof, the sum of _________ dollars ($_______) (the ""Security Deposit"").

5. **MAINTENANCE AND REPAIR.** Lessee shall keep the Premises in clean, sanitary, and good condition. Lessee shall be responsible for the cost of all repairs to the Premises necessitated by Lessee's acts or omissions.

6. **DEFAULT.** If Lessee fails to comply with any of the material provisions of this Agreement, or of any present rules and regulations governing the Premises, Lessor may terminate this Agreement upon providing proper notice to Lessee.

7. **CUSTOMER IDENTIFICATION.** For the purpose of this Agreement, Lessee shall be identified by the customer ID: M102817-Nk.",STREET_ADDRESS,,"[577,591)",,888 Day Course,,,0.1153876194730401
test,583,47223,gretel_finance_pii,,false positive,"**CUSTOMER AGREEMENT**

THIS LEASE AGREEMENT (the ""Agreement"") is made and entered into this ______ day of ________, 20_____, by and between EKHVUSBX091 Leasing, LLC, a limited liability company organized and existing under the laws of the State of Delaware, with its principal place of business at 1234 Main Street, Anytown, DE 19999 (hereinafter ""Lessor""), and Norberto Quique Quesada, an individual with a mailing address of 888 Day Course (hereinafter ""Lessee"").

1. **PREMISES.** Lessor hereby leases to Lessee and Lessee hereby rents from Lessor, the premises located at 888 Day Course (hereinafter the ""Premises"").

2. **TERM.** The initial term of this Lease shall commence on ___________, 20__, and shall continue in full force and effect for a period of twelve (12) months thereafter, unless earlier terminated in accordance with the provisions of this Agreement.

3. **RENT.** Lessee shall pay to Lessor as base rent for the Premises the sum of _________ per month, payable in advance on the first day of each calendar month.

4. **SECURITY DEPOSIT.** Upon the due execution and delivery of this Agreement, Lessee shall deposit with Lessor as security for any and all damages caused to the Premises during the term hereof, the sum of _________ dollars ($_______) (the ""Security Deposit"").

5. **MAINTENANCE AND REPAIR.** Lessee shall keep the Premises in clean, sanitary, and good condition. Lessee shall be responsible for the cost of all repairs to the Premises necessitated by Lessee's acts or omissions.

6. **DEFAULT.** If Lessee fails to comply with any of the material provisions of this Agreement, or of any present rules and regulations governing the Premises, Lessor may terminate this Agreement upon providing proper notice to Lessee.

7. **CUSTOMER IDENTIFICATION.** For the purpose of this Agreement, Lessee shall be identified by the customer ID: M102817-Nk.",,PERSON_NAME,,"[1681,1685)",,Less,0.5353103280067444,
test,583,47223,gretel_finance_pii,,false positive,"**CUSTOMER AGREEMENT**

THIS LEASE AGREEMENT (the ""Agreement"") is made and entered into this ______ day of ________, 20_____, by and between EKHVUSBX091 Leasing, LLC, a limited liability company organized and existing under the laws of the State of Delaware, with its principal place of business at 1234 Main Street, Anytown, DE 19999 (hereinafter ""Lessor""), and Norberto Quique Quesada, an individual with a mailing address of 888 Day Course (hereinafter ""Lessee"").

1. **PREMISES.** Lessor hereby leases to Lessee and Lessee hereby rents from Lessor, the premises located at 888 Day Course (hereinafter the ""Premises"").

2. **TERM.** The initial term of this Lease shall commence on ___________, 20__, and shall continue in full force and effect for a period of twelve (12) months thereafter, unless earlier terminated in accordance with the provisions of this Agreement.

3. **RENT.** Lessee shall pay to Lessor as base rent for the Premises the sum of _________ per month, payable in advance on the first day of each calendar month.

4. **SECURITY DEPOSIT.** Upon the due execution and delivery of this Agreement, Lessee shall deposit with Lessor as security for any and all damages caused to the Premises during the term hereof, the sum of _________ dollars ($_______) (the ""Security Deposit"").

5. **MAINTENANCE AND REPAIR.** Lessee shall keep the Premises in clean, sanitary, and good condition. Lessee shall be responsible for the cost of all repairs to the Premises necessitated by Lessee's acts or omissions.

6. **DEFAULT.** If Lessee fails to comply with any of the material provisions of this Agreement, or of any present rules and regulations governing the Premises, Lessor may terminate this Agreement upon providing proper notice to Lessee.

7. **CUSTOMER IDENTIFICATION.** For the purpose of this Agreement, Lessee shall be identified by the customer ID: M102817-Nk.",,PERSON_NAME,,"[1825,1829)",,Less,0.5154545307159424,
test,590,synthetic-00013019,securelogx_custom_logs,order_reference_ssn_shape_warn_v1,wrong entity class,WARN Order reference 556-69-9907 was replayed after a warehouse timeout. log_sequence=13019,BUSINESS_ID,SSN,"[21,32)","[21,32)",556-69-9907,556-69-9907,0.9927705451846123,
test,612,synthetic-00011423,securelogx_custom_logs,order_reference_ssn_shape_warn_v1,wrong entity class,WARN Order reference 269-47-5811 was replayed after a warehouse timeout. log_sequence=11423,BUSINESS_ID,SSN,"[21,32)","[21,32)",269-47-5811,269-47-5811,0.9946151801518032,
test,640,synthetic-00007965,securelogx_custom_logs,order_reference_ssn_shape_warn_v1,wrong entity class,WARN Order reference 624-20-9412 was replayed after a warehouse timeout. log_sequence=7965,BUSINESS_ID,SSN,"[21,32)","[21,32)",624-20-9412,624-20-9412,0.9088419846126011,
test,654,53604,gretel_finance_pii,,false positive,"Safety Data Sheet

SECTION 1: Identification

Product identifier: Hazardous Chemical X
Supplier details: Consuelo Gargallo, 173 Clark Drive
Emergency telephone number: +1-XXX-XXX-XXXX

SECTION 2: Hazard(s) identification

Classification of the substance or mixture: Hazardous Chemical X
Labeling: Danger, Harmful, Irritant, Environmental Hazard

SECTION 3: Composition/information on ingredients

Substances: Hazardous Chemical X

SECTION 4: First-aid measures

In case of inhalation: Move the person to fresh air.
In case of skin contact: Rinse skin with water.
In case of eye contact: Rinse eyes with water for at least 15 minutes.

SECTION 5: Fire-fighting measures

Extinguishing media: Dry chemical, foam, carbon dioxide, or water spray.
Special hazards arising from the substance or mixture: None

SECTION 6: Accidental release measures

Personal precautions: Use personal protective equipment.
Environmental precautions: Prevent substance from entering drains.

SECTION 7: Handling and storage

Precautions for safe handling: Use personal protective equipment.
Conditions for safe storage: Keep container tightly closed in a well-ventilated place.

SECTION 8: Exposure controls/personal protection

Personal protective equipment: Protective gloves, protective clothing, eye protection, and face protection.
Control parameters: Monitor levels of Hazardous Chemical X in the air.

SECTION 9: Physical and chemical properties

Information on basic physical and chemical properties: Appearance: Liquid, Color: Yellow, Odor: Pungent, pH: 2-3, Melting point: -20°C, Boiling point: 100°C, Flash point: 60°C, Vapor pressure: 101.3 kPa, Relative density: 1.2 g/cm³.

SECTION 10: Stability and reactivity

Conditions to avoid: Avoid heat, sparks, and open flames.
In",,PHONE,,"[168,178)",,+1-XXX-XXX,0.655466514825821,
test,654,53604,gretel_finance_pii,,false positive,"Safety Data Sheet

SECTION 1: Identification

Product identifier: Hazardous Chemical X
Supplier details: Consuelo Gargallo, 173 Clark Drive
Emergency telephone number: +1-XXX-XXX-XXXX

SECTION 2: Hazard(s) identification

Classification of the substance or mixture: Hazardous Chemical X
Labeling: Danger, Harmful, Irritant, Environmental Hazard

SECTION 3: Composition/information on ingredients

Substances: Hazardous Chemical X

SECTION 4: First-aid measures

In case of inhalation: Move the person to fresh air.
In case of skin contact: Rinse skin with water.
In case of eye contact: Rinse eyes with water for at least 15 minutes.

SECTION 5: Fire-fighting measures

Extinguishing media: Dry chemical, foam, carbon dioxide, or water spray.
Special hazards arising from the substance or mixture: None

SECTION 6: Accidental release measures

Personal precautions: Use personal protective equipment.
Environmental precautions: Prevent substance from entering drains.

SECTION 7: Handling and storage

Precautions for safe handling: Use personal protective equipment.
Conditions for safe storage: Keep container tightly closed in a well-ventilated place.

SECTION 8: Exposure controls/personal protection

Personal protective equipment: Protective gloves, protective clothing, eye protection, and face protection.
Control parameters: Monitor levels of Hazardous Chemical X in the air.

SECTION 9: Physical and chemical properties

Information on basic physical and chemical properties: Appearance: Liquid, Color: Yellow, Odor: Pungent, pH: 2-3, Melting point: -20°C, Boiling point: 100°C, Flash point: 60°C, Vapor pressure: 101.3 kPa, Relative density: 1.2 g/cm³.

SECTION 10: Stability and reactivity

Conditions to avoid: Avoid heat, sparks, and open flames.
In",,PHONE,,"[179,180)",,X,0.537625789642334,
test,656,34170,gretel_finance_pii,,boundary-shifted,"MSH|^~\&|MyClinic|LabCorp|202202111230||ORU^R01|123456|P|2.3.1
PID|1|06756 Collins Key, Suite 263||Michele Francesca Petruzzi||19700101|F|||+1-895-941-7019x038||
PV1|1|O|OP^Outpatient|||||2.16.840.1.113883.3.88.12.80.10.1^^HL70051^Nationwide Laboratories||||||||||||||||||||||||||||||||||||||||||||||||||||||||||||||||||||||||||||||||||||||||||||||||||||||||||||||||||||||||||||||||||||||||||||||||||||||||||||||||||||||||||||||||||||||||||||||||||||||||||||||||||||||||||||||||||||||||||||||||||||||||||||||||||||||||||||||||||||||||||||||||||||||||||||||||||||||||||||||||||||||||||||||||||||||||||||||||||||||||||||||||||||||||||||||||||||||||||||||||||||||||||||||||||||||||||||||||||||||||||||||||||||||||||||||||||||||||||||||||||||||||||||||||||||||||||||||||||||||||||||||||||||||||||||||||||||||||||||||||||||||||||||||||||||||||||||||||||||||||||||||||||||||||||||||||||||||||||||||||||||||||||||||||||||||||||||||||||",IP_ADDRESS,IP_ADDRESS,"[188,198)","[189,202)",2.16.840.1,.16.840.1.113,0.8494260244899325,
test,656,34170,gretel_finance_pii,,boundary-too-long,"MSH|^~\&|MyClinic|LabCorp|202202111230||ORU^R01|123456|P|2.3.1
PID|1|06756 Collins Key, Suite 263||Michele Francesca Petruzzi||19700101|F|||+1-895-941-7019x038||
PV1|1|O|OP^Outpatient|||||2.16.840.1.113883.3.88.12.80.10.1^^HL70051^Nationwide Laboratories||||||||||||||||||||||||||||||||||||||||||||||||||||||||||||||||||||||||||||||||||||||||||||||||||||||||||||||||||||||||||||||||||||||||||||||||||||||||||||||||||||||||||||||||||||||||||||||||||||||||||||||||||||||||||||||||||||||||||||||||||||||||||||||||||||||||||||||||||||||||||||||||||||||||||||||||||||||||||||||||||||||||||||||||||||||||||||||||||||||||||||||||||||||||||||||||||||||||||||||||||||||||||||||||||||||||||||||||||||||||||||||||||||||||||||||||||||||||||||||||||||||||||||||||||||||||||||||||||||||||||||||||||||||||||||||||||||||||||||||||||||||||||||||||||||||||||||||||||||||||||||||||||||||||||||||||||||||||||||||||||||||||||||||||||||||||||||||||||",IP_ADDRESS,IP_ADDRESS,"[206,216)","[204,221)",3.88.12.80,3.3.88.12.80.10.1,0.9063270504658039,
test,657,40539,gretel_finance_pii,,boundary-too-short,"Phone Trade Confirmation

Trade Date: 06/15/2022

Dear Mr. André T. Boulanger,

I am calling to confirm the details of your recent trade. You have authorized the purchase of securities as follows:

Security Name: Quantum Innovations Inc. (QUI)
Quantity: 5,000 shares
Price per share: $23.50
Total Value: $117,500

The trade is expected to settle on or around June 29, 2022. The funds will be withdrawn from the account of the individual named Trevor Martinez, using the driver's license number B71-5379-177-93 for identification purposes. The settlement will be made to the following address:

54456 Samantha Bypass
West Brooke, 86310

Please review the details above and let me know if you have any questions or concerns. If everything is accurate, no further action is required.

Thank you for choosing our services.

Best regards,

[Your Name]
[Your Title]
[Your Phone Number]",STREET_ADDRESS,STREET_ADDRESS,"[594,634)","[594,615)","54456 Samantha Bypass
West Brooke, 86310",54456 Samantha Bypass,0.978113611539205,
test,657,40539,gretel_finance_pii,,false positive,"Phone Trade Confirmation

Trade Date: 06/15/2022

Dear Mr. André T. Boulanger,

I am calling to confirm the details of your recent trade. You have authorized the purchase of securities as follows:

Security Name: Quantum Innovations Inc. (QUI)
Quantity: 5,000 shares
Price per share: $23.50
Total Value: $117,500

The trade is expected to settle on or around June 29, 2022. The funds will be withdrawn from the account of the individual named Trevor Martinez, using the driver's license number B71-5379-177-93 for identification purposes. The settlement will be made to the following address:

54456 Samantha Bypass
West Brooke, 86310

Please review the details above and let me know if you have any questions or concerns. If everything is accurate, no further action is required.

Thank you for choosing our services.

Best regards,

[Your Name]
[Your Title]
[Your Phone Number]",,STREET_ADDRESS,,"[616,634)",,"West Brooke, 86310",0.6124340444803238,
test,660,synthetic-00002113,securelogx_custom_logs,order_reference_ssn_shape_warn_v1,wrong entity class,WARN Order reference 956-46-1644 was replayed after a warehouse timeout. log_sequence=2113,BUSINESS_ID,SSN,"[21,32)","[21,32)",956-46-1644,956-46-1644,0.9810761312643687,
test,671,synthetic-00013285,securelogx_custom_logs,order_reference_ssn_shape_warn_v1,wrong entity class,WARN Order reference 299-83-1583 was replayed after a warehouse timeout. log_sequence=13285,BUSINESS_ID,SSN,"[21,32)","[21,32)",299-83-1583,299-83-1583,0.9974581684385028,
test,677,55162,gretel_finance_pii,,false positive,"python
import pandas as pd
import random
import string

def random_email(length=10):
    letters = string.ascii_lowercase
    return ''.join(random.choice(letters) for i in range(length)) + '@example.com'

data = {
    'first_name': [random.choice(string.ascii_lowercase.title()) for _ in range(1000)],
    'last_name': [random.choice(string.ascii_lowercase.title()) for _ in range(1000)],
    'email': [random_email() for _ in range(1000)],
    'age': [random.randint(18, 99) for _ in range(1000)],
    'income': [random.uniform(30000, 200000) for _ in range(1000)],
}

df = pd.DataFrame(data)
df.to_feather('data.feather')",,EMAIL,,"[191,203)",,@example.com,0.8253571540117264,
test,707,synthetic-00020999,securelogx_custom_logs,order_reference_ssn_shape_warn_v1,wrong entity class,WARN Order reference 872-55-9060 was replayed after a warehouse timeout. log_sequence=20999,BUSINESS_ID,SSN,"[21,32)","[21,32)",872-55-9060,872-55-9060,0.9945464645113263,
test,709,4245,gretel_finance_pii,,false positive,"<?xml version=""1.0"" encoding=""UTF-8""?>
<FpML xmlns=""http://www.fpml.org/FpML-5/reporting""
      xmlns:xsi=""http://www.w3.org/2001/XMLSchema-instance""
      xsi:schemaLocation=""http://www.fpml.org/FpML-5/reporting http://www.fpml.org/schema/fpml-5-4-2/fpml-reporting-5-4-2.xsd"">
   <header>
      <party id=""PARTY1"">
         <name>Hugo Pancho Lastra</name>
         <postalAddress>
            <streetAddress>32 Strandgatan</streetAddress>
            <city>Karlskoga</city>
         </postalAddress>
      </party>
   </header>
   <body>
      <trade>
         <tradeHeader>
            <partyTradeIdentifier>
               <partyReference partyId=""PARTY1""/>
               <tradeId schemeName=""CUSTOMER_ID"">Aq80815-Z</tradeId>
            </partyTradeIdentifier>
         </tradeHeader>
         <product>
            <swap>
               <swapType name=""BasisSwap"">
                  <basisSwap>
                     <fixedRateLeg>
                        <rateCalculation name=""FixedRate"">
                           <strikeValue>0.0125</strikeValue>
                        </rateCalculation>
                     </fixedRateLeg>
                     <floatingRateLeg>
                        <rateCalculation name=""FloatingRate"">
                           <referenceRate name=""3M LIBOR"">
                              <currency>GBP</currency>
                           </referenceRate>
                           <rateResetConvention>ACT_360</rateResetConvention>
                        </rateCalculation>
                     </floatingRateLeg>
                  </basisSwap>
               </swapType>
            </swap>
         </product>
      </trade>
  ",,STREET_ADDRESS,,"[418,423)",,gatan,0.5419478714466095,
test,712,51363,gretel_finance_pii,,wrong entity class,"**Credit Card Application**

Thank you for considering our Digital Nomad Card! We're excited to learn more about your global income sources, co-working space preferences, and travel-friendly insurance and payment needs. Please fill out the following application:

1. **Full Name:** Andrea Steve Lucas

2. **Contact Information:**
   - Email: steven48@example.com
   - Phone: (123) 456-7890

3. **Mailing Address:**
   4008 Jason Burgs, Melaniebury, [City], [Postal Code]

4. **Date of Birth:** [Date of Birth]

5. **Global Income Sources:** [List of global income sources]

6. **Preferred Co-working Spaces:** [List of preferred co-working spaces]

7. **Travel Frequency:** [Travel frequency]

8. **Card Preferences:**
   - Preferred Card Design: [Preferred Card Design]
   - Desired Credit Limit: [Desired Credit Limit]
   - Preferred Rewards Program: [Preferred Rewards Program]

9. **Credit History:**
   - Length of Credit History: [Length of Credit History]
   - Number of Credit Accounts: [Number of Credit Accounts]
   - Highest Credit Limit: [Highest Credit Limit]
   - Current Balance: [Current Balance]
   - Payment History: [Payment History]

10. **Insurance and Payment Features:**
    - Travel Insurance: [Travel Insurance Preferences]
    - Currency Conversion: [Currency Conversion Preferences]
    - Security Features: [Security Features Preferences]

By submitting this application, you confirm that the information provided is accurate and complete. We will use this information to evaluate your eligibility for our Digital Nomad Card.

Thank you for choosing our Digital Nomad Card! We look forward to serving your global payment needs.",BUSINESS_ID,EMAIL,"[342,350)","[342,362)",steven48,steven48@example.com,0.9966059774160385,
test,712,51363,gretel_finance_pii,,false positive,"**Credit Card Application**

Thank you for considering our Digital Nomad Card! We're excited to learn more about your global income sources, co-working space preferences, and travel-friendly insurance and payment needs. Please fill out the following application:

1. **Full Name:** Andrea Steve Lucas

2. **Contact Information:**
   - Email: steven48@example.com
   - Phone: (123) 456-7890

3. **Mailing Address:**
   4008 Jason Burgs, Melaniebury, [City], [Postal Code]

4. **Date of Birth:** [Date of Birth]

5. **Global Income Sources:** [List of global income sources]

6. **Preferred Co-working Spaces:** [List of preferred co-working spaces]

7. **Travel Frequency:** [Travel frequency]

8. **Card Preferences:**
   - Preferred Card Design: [Preferred Card Design]
   - Desired Credit Limit: [Desired Credit Limit]
   - Preferred Rewards Program: [Preferred Rewards Program]

9. **Credit History:**
   - Length of Credit History: [Length of Credit History]
   - Number of Credit Accounts: [Number of Credit Accounts]
   - Highest Credit Limit: [Highest Credit Limit]
   - Current Balance: [Current Balance]
   - Payment History: [Payment History]

10. **Insurance and Payment Features:**
    - Travel Insurance: [Travel Insurance Preferences]
    - Currency Conversion: [Currency Conversion Preferences]
    - Security Features: [Security Features Preferences]

By submitting this application, you confirm that the information provided is accurate and complete. We will use this information to evaluate your eligibility for our Digital Nomad Card.

Thank you for choosing our Digital Nomad Card! We look forward to serving your global payment needs.",,DOB,,"[482,484)",,of,0.572990357875824,
test,712,51363,gretel_finance_pii,,false positive,"**Credit Card Application**

Thank you for considering our Digital Nomad Card! We're excited to learn more about your global income sources, co-working space preferences, and travel-friendly insurance and payment needs. Please fill out the following application:

1. **Full Name:** Andrea Steve Lucas

2. **Contact Information:**
   - Email: steven48@example.com
   - Phone: (123) 456-7890

3. **Mailing Address:**
   4008 Jason Burgs, Melaniebury, [City], [Postal Code]

4. **Date of Birth:** [Date of Birth]

5. **Global Income Sources:** [List of global income sources]

6. **Preferred Co-working Spaces:** [List of preferred co-working spaces]

7. **Travel Frequency:** [Travel frequency]

8. **Card Preferences:**
   - Preferred Card Design: [Preferred Card Design]
   - Desired Credit Limit: [Desired Credit Limit]
   - Preferred Rewards Program: [Preferred Rewards Program]

9. **Credit History:**
   - Length of Credit History: [Length of Credit History]
   - Number of Credit Accounts: [Number of Credit Accounts]
   - Highest Credit Limit: [Highest Credit Limit]
   - Current Balance: [Current Balance]
   - Payment History: [Payment History]

10. **Insurance and Payment Features:**
    - Travel Insurance: [Travel Insurance Preferences]
    - Currency Conversion: [Currency Conversion Preferences]
    - Security Features: [Security Features Preferences]

By submitting this application, you confirm that the information provided is accurate and complete. We will use this information to evaluate your eligibility for our Digital Nomad Card.

Thank you for choosing our Digital Nomad Card! We look forward to serving your global payment needs.",,DOB,,"[491,492)",,*,0.6526026725769043,
test,714,17561,gretel_finance_pii,,boundary-too-short,"Health Insurance Claim Form

Claimant Information:
Name: Bruce Norman Edwards
Address: 262 Skolstigen, Apt. 51
Phone Number: +441154960056

Telemedicine Consultation Claim:
Date of Telemedicine Consultation: [Insert Date]
Time of Telemedicine Consultation: 20:49

Telemedicine Provider:
Name: [Telemedicine Provider Name]
Address: [Telemedicine Provider Address]
Phone Number: [Telemedicine Provider Phone Number]

Technology Platform Used:
Name: [Telemedicine Platform Name]

Reason for Telemedicine Consultation:
The telemedicine consultation was required due to [Insert Reason for Consultation].

Treatment Received:
[Insert Details of Treatment Received]

Healthcare Provider Referral (if applicable):
[Insert Details of Healthcare Provider Referral]

I confirm that the above information is true and correct to the best of my knowledge.

Signature: Bruce Norman Edwards
Date: [Insert Date]",PHONE,PHONE,"[377,413)","[406,412)",[Telemedicine Provider Phone Number],Number,0.48466017842292786,
test,719,55507,gretel_finance_pii,,false negative,"MORTGAGE LOAN AGREEMENT

THIS AGREEMENT is made and entered into this 1st day of January, 2023, by and between XYZ BANK, a national banking association organized and existing under the laws of the United States of America, with its main office located at 1234 Main Street, Anytown, USA (hereinafter ""Lender""), and John Doe and Jane Doe, husband and wife, residing at 5678 Oak Street, Ruralville, USA (hereinafter ""Borrowers"").

WHEREAS, Borrowers desire to purchase and occupy as their primary residence the real property located at 9012 Country Lane, Ruralville, USA (hereinafter ""Property""); and

WHEREAS, Lender is willing to provide financing for the purchase of the Property on the terms and conditions set forth herein.

NOW, THEREFORE, in consideration of the mutual covenants and promises contained herein and for other good and valuable consideration, the receipt and sufficiency of which is hereby acknowledged, the parties agree as follows:

1. LOAN AMOUNT: Lender agrees to provide Borrowers with a loan in the maximum principal amount of $300,000 (Three Hundred Thousand Dollars) (the ""Loan""), which amount shall be disbursed to Seller upon the satisfaction of the conditions set forth herein.

2. INTEREST RATE: The Loan shall bear interest at a fixed rate of 3.50% per annum.

3. REPAYMENT TERM: The Loan shall be repayable in monthly installments over a term of 30 years (360 months) commencing on the first day of the month next succeeding the date of disbursement of the Loan.

4. SECURITY: The Loan shall be secured by a mortgage on the Property (the ""Mortgage""), which Mortgage shall be recorded in the public records of the county in which the Property is located.

5. USDA LOAN REQUIREments: The Loan shall be a USDA Rural Development Guaranteed Rural Housing Loan (the ""USDA Loan""), subject to the terms and conditions set",PERSON_NAME,,"[1142,1148)",,Seller,,,2.7128081455884967e-05
test,719,55507,gretel_finance_pii,,false positive,"MORTGAGE LOAN AGREEMENT

THIS AGREEMENT is made and entered into this 1st day of January, 2023, by and between XYZ BANK, a national banking association organized and existing under the laws of the United States of America, with its main office located at 1234 Main Street, Anytown, USA (hereinafter ""Lender""), and John Doe and Jane Doe, husband and wife, residing at 5678 Oak Street, Ruralville, USA (hereinafter ""Borrowers"").

WHEREAS, Borrowers desire to purchase and occupy as their primary residence the real property located at 9012 Country Lane, Ruralville, USA (hereinafter ""Property""); and

WHEREAS, Lender is willing to provide financing for the purchase of the Property on the terms and conditions set forth herein.

NOW, THEREFORE, in consideration of the mutual covenants and promises contained herein and for other good and valuable consideration, the receipt and sufficiency of which is hereby acknowledged, the parties agree as follows:

1. LOAN AMOUNT: Lender agrees to provide Borrowers with a loan in the maximum principal amount of $300,000 (Three Hundred Thousand Dollars) (the ""Loan""), which amount shall be disbursed to Seller upon the satisfaction of the conditions set forth herein.

2. INTEREST RATE: The Loan shall bear interest at a fixed rate of 3.50% per annum.

3. REPAYMENT TERM: The Loan shall be repayable in monthly installments over a term of 30 years (360 months) commencing on the first day of the month next succeeding the date of disbursement of the Loan.

4. SECURITY: The Loan shall be secured by a mortgage on the Property (the ""Mortgage""), which Mortgage shall be recorded in the public records of the county in which the Property is located.

5. USDA LOAN REQUIREments: The Loan shall be a USDA Rural Development Guaranteed Rural Housing Loan (the ""USDA Loan""), subject to the terms and conditions set",,STREET_ADDRESS,,"[367,399)",,"5678 Oak Street, Ruralville, USA",0.9954471170902253,
test,719,55507,gretel_finance_pii,,false positive,"MORTGAGE LOAN AGREEMENT

THIS AGREEMENT is made and entered into this 1st day of January, 2023, by and between XYZ BANK, a national banking association organized and existing under the laws of the United States of America, with its main office located at 1234 Main Street, Anytown, USA (hereinafter ""Lender""), and John Doe and Jane Doe, husband and wife, residing at 5678 Oak Street, Ruralville, USA (hereinafter ""Borrowers"").

WHEREAS, Borrowers desire to purchase and occupy as their primary residence the real property located at 9012 Country Lane, Ruralville, USA (hereinafter ""Property""); and

WHEREAS, Lender is willing to provide financing for the purchase of the Property on the terms and conditions set forth herein.

NOW, THEREFORE, in consideration of the mutual covenants and promises contained herein and for other good and valuable consideration, the receipt and sufficiency of which is hereby acknowledged, the parties agree as follows:

1. LOAN AMOUNT: Lender agrees to provide Borrowers with a loan in the maximum principal amount of $300,000 (Three Hundred Thousand Dollars) (the ""Loan""), which amount shall be disbursed to Seller upon the satisfaction of the conditions set forth herein.

2. INTEREST RATE: The Loan shall bear interest at a fixed rate of 3.50% per annum.

3. REPAYMENT TERM: The Loan shall be repayable in monthly installments over a term of 30 years (360 months) commencing on the first day of the month next succeeding the date of disbursement of the Loan.

4. SECURITY: The Loan shall be secured by a mortgage on the Property (the ""Mortgage""), which Mortgage shall be recorded in the public records of the county in which the Property is located.

5. USDA LOAN REQUIREments: The Loan shall be a USDA Rural Development Guaranteed Rural Housing Loan (the ""USDA Loan""), subject to the terms and conditions set",,STREET_ADDRESS,,"[533,567)",,"9012 Country Lane, Ruralville, USA",0.9907467431492276,
test,720,15200,gretel_finance_pii,,false negative,"---
Company Name: SmartTechnologies Ltd
Filing Period: April 1, 2020 - March 31, 2021

1. Company Information:
- Company Name: SmartTechnologies Ltd
- Company Registration Number: 12345678
- Tax Reference Number: XQYZ9876543
- Accounting Period: April 1, 2020 - March 31, 2021
- Taxable Profit for the Accounting Period: £450,000
- Corporation Tax Rate: 19%

2. Income:
- UK Sources of Income:
  - Trading Profit: £400,000
  - Interest Received: £25,000
  - Rental Income: £25,000

3. Deductions:
- Allowable Expenses:
  - Cost of Sales: £150,000
  - Employee Salaries: £120,000
  - Employer's National Insurance Contributions: £12,000
  - Depreciation: £40,000
  - Rent Expenses: £20,000
  - Utilities: £10,000
  - Telecommunication: £5,000
  - Insurance: £3,000
  - Professional Fees: £2,000

4. Tax Calculation:
- Taxable Profit: £450,000
- Corporation Tax Due: £85,500 (£450,000 x 19%)

5. Payment of Tax:
- The Corporation Tax of £85,500 is payable to HM Revenue and Customs on or before the due date of 1 October 2022.

6. Signature:

---

I, [Your Name], [Your Position], certify that the information given in this return is complete and correct to the best of my knowledge and belief.

---

[Your Name]
[Your Position]
[Date]",PERSON_NAME,,"[180,188)",,12345678,,,0.2500559240579605
test,720,15200,gretel_finance_pii,,false negative,"---
Company Name: SmartTechnologies Ltd
Filing Period: April 1, 2020 - March 31, 2021

1. Company Information:
- Company Name: SmartTechnologies Ltd
- Company Registration Number: 12345678
- Tax Reference Number: XQYZ9876543
- Accounting Period: April 1, 2020 - March 31, 2021
- Taxable Profit for the Accounting Period: £450,000
- Corporation Tax Rate: 19%

2. Income:
- UK Sources of Income:
  - Trading Profit: £400,000
  - Interest Received: £25,000
  - Rental Income: £25,000

3. Deductions:
- Allowable Expenses:
  - Cost of Sales: £150,000
  - Employee Salaries: £120,000
  - Employer's National Insurance Contributions: £12,000
  - Depreciation: £40,000
  - Rent Expenses: £20,000
  - Utilities: £10,000
  - Telecommunication: £5,000
  - Insurance: £3,000
  - Professional Fees: £2,000

4. Tax Calculation:
- Taxable Profit: £450,000
- Corporation Tax Due: £85,500 (£450,000 x 19%)

5. Payment of Tax:
- The Corporation Tax of £85,500 is payable to HM Revenue and Customs on or before the due date of 1 October 2022.

6. Signature:

---

I, [Your Name], [Your Position], certify that the information given in this return is complete and correct to the best of my knowledge and belief.

---

[Your Name]
[Your Position]
[Date]",PERSON_NAME,,"[1062,1077)",,[Your Position],,,0.030046237943073113
test,720,15200,gretel_finance_pii,,false negative,"---
Company Name: SmartTechnologies Ltd
Filing Period: April 1, 2020 - March 31, 2021

1. Company Information:
- Company Name: SmartTechnologies Ltd
- Company Registration Number: 12345678
- Tax Reference Number: XQYZ9876543
- Accounting Period: April 1, 2020 - March 31, 2021
- Taxable Profit for the Accounting Period: £450,000
- Corporation Tax Rate: 19%

2. Income:
- UK Sources of Income:
  - Trading Profit: £400,000
  - Interest Received: £25,000
  - Rental Income: £25,000

3. Deductions:
- Allowable Expenses:
  - Cost of Sales: £150,000
  - Employee Salaries: £120,000
  - Employer's National Insurance Contributions: £12,000
  - Depreciation: £40,000
  - Rent Expenses: £20,000
  - Utilities: £10,000
  - Telecommunication: £5,000
  - Insurance: £3,000
  - Professional Fees: £2,000

4. Tax Calculation:
- Taxable Profit: £450,000
- Corporation Tax Due: £85,500 (£450,000 x 19%)

5. Payment of Tax:
- The Corporation Tax of £85,500 is payable to HM Revenue and Customs on or before the due date of 1 October 2022.

6. Signature:

---

I, [Your Name], [Your Position], certify that the information given in this return is complete and correct to the best of my knowledge and belief.

---

[Your Name]
[Your Position]
[Date]",PERSON_NAME,,"[1211,1226)",,[Your Position],,,0.00798665852441142
test,720,15200,gretel_finance_pii,,false positive,"---
Company Name: SmartTechnologies Ltd
Filing Period: April 1, 2020 - March 31, 2021

1. Company Information:
- Company Name: SmartTechnologies Ltd
- Company Registration Number: 12345678
- Tax Reference Number: XQYZ9876543
- Accounting Period: April 1, 2020 - March 31, 2021
- Taxable Profit for the Accounting Period: £450,000
- Corporation Tax Rate: 19%

2. Income:
- UK Sources of Income:
  - Trading Profit: £400,000
  - Interest Received: £25,000
  - Rental Income: £25,000

3. Deductions:
- Allowable Expenses:
  - Cost of Sales: £150,000
  - Employee Salaries: £120,000
  - Employer's National Insurance Contributions: £12,000
  - Depreciation: £40,000
  - Rent Expenses: £20,000
  - Utilities: £10,000
  - Telecommunication: £5,000
  - Insurance: £3,000
  - Professional Fees: £2,000

4. Tax Calculation:
- Taxable Profit: £450,000
- Corporation Tax Due: £85,500 (£450,000 x 19%)

5. Payment of Tax:
- The Corporation Tax of £85,500 is payable to HM Revenue and Customs on or before the due date of 1 October 2022.

6. Signature:

---

I, [Your Name], [Your Position], certify that the information given in this return is complete and correct to the best of my knowledge and belief.

---

[Your Name]
[Your Position]
[Date]",,SWIFT_BIC,,"[213,214)",,X,0.3480088412761688,
test,730,33667,gretel_finance_pii,,false positive,"**Data Access Rights Privacy Policy**

At [Company Name], we are committed to protecting the privacy and security of our customers' personal data. This Privacy Policy outlines the process for customers to request access to their personal data and how we respond to such requests.

**Information We Collect**

We collect and store certain types of personal data when you use our services, including:

* Credit card number: 3491-9482-2783-325
* Email: johnsonjoseph@pope.net
* Name: James Summers-Wood
* Street Address: 6266 Howell Inlet

**Data Access Rights**

You have the right to request access to the personal data we have collected about you. To make a request, please follow these steps:

1. Send an email to [Company Name]'s Data Protection Officer at [email address] with the subject line ""Data Access Request.""
2. In the body of the email, clearly state that you are making a data access request.
3. Provide us with sufficient information to verify your identity, including your full name and email address.
4. Specify the information you would like to access.

**Response Time**

We will make every effort to respond to your request within 30 days of receipt. If we need additional time to process your request, we will notify you.

**Data Provided**

Upon verification of your identity, we will provide you with a copy of the personal data we have on file, in a commonly used electronic format.

**Exceptions**

In certain cases, we may not be able to provide you with all of the personal data we have on file, including but not limited to:

* Personal data that is subject to legal privilege or other legal restrictions
* Personal data that would reveal confidential or proprietary information
* Personal data that would reveal personal data about another individual

**Data Correction**

If you believe that the personal data we have on file is incorrect, you have the right to request that it be corrected. To make a request, please follow the steps outlined above for data access requests.

**Data Deletion**

You have the right to request that your personal data be deleted from our systems. To make a request, please follow the steps outlined above",,EMAIL,,"[760,773)",,email address,0.48612263798713684,
test,737,44437,gretel_finance_pii,,false positive,":20:MT300
:25:LAMBGB2L
:20C:FX
:32A:20010815
:50K:/CAD3500.00CAD
:52A:USD
:53A:0.75000
:57A:/CAD2625.00
:59:/CAD25.00
:71A:LAMBGRP
:72A:Tiffany Jackson
:113A:9217 Barbara Extension, Apt. 812
:120A:GB2L
:13A:PRIORITY
:16R:CRED
:16S:DEBT
:16T:FX
:16R:GB2L
:16S:DEBT
:16T:FX
:17X:LAMBGB2LXXX
:23G:FX
:29B:FX
:32B:20010815
:50A:CAD3500.00
:53A:USD
:57A:2625.00
:59:25.00
:71A:LAMBGRP
:72A:Tiffany Jackson
:113A:9217 Barbara Extension, Apt. 812
:120A:GB2L
:13A:PRIORITY
:16R:CRED
:16S:DEBT
:16T:FX
:17X:LAMBGB2LXXX
:23G:FX
:29B:FX
:32B:20010815
:50A:CAD3500.00
:53A:USD
:57A:2625.00
:59:25.00
:71A:LAMBGRP
:72A:Tiffany Jackson
:113A:9217 Barbara Extension, A",,STREET_ADDRESS,,"[628,653)",,"9217 Barbara Extension, A",0.8522122800350189,
test,762,synthetic-00019403,securelogx_custom_logs,order_reference_ssn_shape_warn_v1,wrong entity class,WARN Order reference 391-38-2541 was replayed after a warehouse timeout. log_sequence=19403,BUSINESS_ID,SSN,"[21,32)","[21,32)",391-38-2541,391-38-2541,0.9968883310045514,
test,768,52884,gretel_finance_pii,,false negative,"MsgType: D
SenderCompID: AlgoTradeSystems
TargetCompID: ExecutionBroker

552: Execution Instruction
  Side: 1
  TransactTime: 20220301-14:32:15
  OrdType: 2
  Price: 543.21
  Text: 'Exchange Traded Fund (ETF) Algo Trade'

452: Instrument
  Symbol: 'IUSA'
  SecurityID: 'IUSA'
  SecType: 'ETF'
  Currency: 'USD'

14: NoPartyIDs
  NoPartyIDGroups: 2

  140: PartyID
    PartyIDSource: 12
    PartyID: 'Iris Graciana Gil'

  141: PartyRole
    PartyRole: 4
    PartyRoleCode: 'S'

  140: PartyID
    PartyIDSource: 12
    PartyID: '972325467'

  141: PartyRole
    PartyRole: 5
    PartyRoleCode: 'C'

150: OrderQtyData
  OrderQty: 1000
  CashQty: 0
  CashType: 'USD'

38: Text
  'Algo Trade: ETF (IUSA) - Iris Graciana Gil - 8115 Moore Walks, Suite 207, Quantity: 1000'",ROUTING_NUMBER,,"[529,538)",,972325467,,,0.0023943315492942928
test,776,32937,gretel_finance_pii,,false negative,"UNB+UNOC:303+987654321+0987654321+160112:1530+57345+EE+
UNH+NAME+1.0+INVOIC:D:97A:UN:EAN008
BGM+220+57345+++20220112:1530
DTM+137:20220115:123
NAD+SH+489920072+Tommy Walker-Rogers+40039 Linda Tunnel+27226+Lake Jay
LIN+1++555555555555.55+10+EA
PIA+1+IN+489920072+Tommy Walker-Rogers
MOA+101+1+55
DTM+137:20220115:123
UNT+27+57345
UNZ+1+57345

(Note: The UNB+UNOC value is a random number and can be replaced with a valid UNB+UNOC value)",ROUTING_NUMBER,,"[150,159)",,489920072,,,0.013397691638341971
test,776,32937,gretel_finance_pii,,false negative,"UNB+UNOC:303+987654321+0987654321+160112:1530+57345+EE+
UNH+NAME+1.0+INVOIC:D:97A:UN:EAN008
BGM+220+57345+++20220112:1530
DTM+137:20220115:123
NAD+SH+489920072+Tommy Walker-Rogers+40039 Linda Tunnel+27226+Lake Jay
LIN+1++555555555555.55+10+EA
PIA+1+IN+489920072+Tommy Walker-Rogers
MOA+101+1+55
DTM+137:20220115:123
UNT+27+57345
UNZ+1+57345

(Note: The UNB+UNOC value is a random number and can be replaced with a valid UNB+UNOC value)",ROUTING_NUMBER,,"[252,261)",,489920072,,,0.015498116013727017
test,776,32937,gretel_finance_pii,,false positive,"UNB+UNOC:303+987654321+0987654321+160112:1530+57345+EE+
UNH+NAME+1.0+INVOIC:D:97A:UN:EAN008
BGM+220+57345+++20220112:1530
DTM+137:20220115:123
NAD+SH+489920072+Tommy Walker-Rogers+40039 Linda Tunnel+27226+Lake Jay
LIN+1++555555555555.55+10+EA
PIA+1+IN+489920072+Tommy Walker-Rogers
MOA+101+1+55
DTM+137:20220115:123
UNT+27+57345
UNZ+1+57345

(Note: The UNB+UNOC value is a random number and can be replaced with a valid UNB+UNOC value)",,STREET_ADDRESS,,"[180,191)",,40039 Linda,0.9752236207326254,
test,788,49226,gretel_finance_pii,,false positive,"SECURITIES PROSPECTUS

I. ISSUING ENTITY
This securities prospectus is issued by GlobalTech Industries plc, a leading technology company incorporated in England and Wales with company number 09876543. Our registered office is located at 4th Floor, Silicon House, 26 Wellington Street, London, WC2E 7FB.

II. SECURITIES OFFERING
We are pleased to offer €500,000,000 aggregate principal amount of 3.50% senior notes due 2031 (the ""Notes"") to eligible investors. The Notes will be issued pursuant to a senior indenture, dated as of [Date], between GlobalTech Industries plc and Deutsche Bank Trust Company Americas, as trustee.

III. TERMS OF THE OFFERING

1. Interest: The Notes will bear interest at a rate of 3.50% per annum, payable semi-annually in arrears on March 15 and September 15 of each year, commencing on September 15, 2023.

2. Maturity: The Notes will mature on September 15, 2031.

3. Issue Price: The Notes will be issued at a price of 100% of their principal amount.

4. Transfer and Exchange: The Notes will be transferable and exchangeable in accordance with the applicable procedures.

5. Tax Considerations: The interest payable on the Notes will be subject to withholding tax in accordance with applicable laws and regulations.

IV. RISK FACTORS
Investment in the Notes involves certain risks. Before investing, potential investors should carefully consider the risk factors, including, but not limited to:

1. Credit Risk: The ability of GlobalTech Industries plc to pay the principal and interest on the Notes is dependent on our financial condition, results of operations, and cash flows. Our financial condition, results of operations, and cash flows could be adversely affected by various factors, including, but not limited to, the competitive nature of the technology industry, changes in technology, and global economic conditions.

2. Interest Rate Risk: The market value of the Notes may be affected",,STREET_ADDRESS,,"[237,262)",,"4th Floor, Silicon House,",0.9074255526065826,
test,788,49226,gretel_finance_pii,,false positive,"SECURITIES PROSPECTUS

I. ISSUING ENTITY
This securities prospectus is issued by GlobalTech Industries plc, a leading technology company incorporated in England and Wales with company number 09876543. Our registered office is located at 4th Floor, Silicon House, 26 Wellington Street, London, WC2E 7FB.

II. SECURITIES OFFERING
We are pleased to offer €500,000,000 aggregate principal amount of 3.50% senior notes due 2031 (the ""Notes"") to eligible investors. The Notes will be issued pursuant to a senior indenture, dated as of [Date], between GlobalTech Industries plc and Deutsche Bank Trust Company Americas, as trustee.

III. TERMS OF THE OFFERING

1. Interest: The Notes will bear interest at a rate of 3.50% per annum, payable semi-annually in arrears on March 15 and September 15 of each year, commencing on September 15, 2023.

2. Maturity: The Notes will mature on September 15, 2031.

3. Issue Price: The Notes will be issued at a price of 100% of their principal amount.

4. Transfer and Exchange: The Notes will be transferable and exchangeable in accordance with the applicable procedures.

5. Tax Considerations: The interest payable on the Notes will be subject to withholding tax in accordance with applicable laws and regulations.

IV. RISK FACTORS
Investment in the Notes involves certain risks. Before investing, potential investors should carefully consider the risk factors, including, but not limited to:

1. Credit Risk: The ability of GlobalTech Industries plc to pay the principal and interest on the Notes is dependent on our financial condition, results of operations, and cash flows. Our financial condition, results of operations, and cash flows could be adversely affected by various factors, including, but not limited to, the competitive nature of the technology industry, changes in technology, and global economic conditions.

2. Interest Rate Risk: The market value of the Notes may be affected",,STREET_ADDRESS,,"[263,301)",,"26 Wellington Street, London, WC2E 7FB",0.975128867409446,
test,792,37014,gretel_finance_pii,,boundary-too-short,"-------------------------------------------------------------------------------------------------------------------
Apple Digital Wallet Usage Statement
Period: 01/01/2023 - 01/31/2023
-------------------------------------------------------------------------------------------------------------------

Account Holder: John Doe
Account Number: 1234-5678-9012-3456 (last 4 digits)
Credit Limit: $5,000
Current Balance: $2,345.67
Minimum Payment Due: $50.00
Due Date: 02/15/2023

Transactions:

Date | Description | Type | Amount (USD) | Running Balance

01/03/2023 | Starbucks - 1600 Powell St, Emeryville, CA | Purchase | 5.67 | 5.67
01/04/2023 | Uber - 123 Main St, San Francisco, CA | Purchase | 23.75 | 29.42
01/05/2023 | Apple Store - 456 Market St, San Francisco, CA | Purchase | 125.49 | 154.91
01/06/2023 | Whole Foods - 789 Grove St, San Francisco, CA | Purchase | 45.88 | 200.79
01/08/2023 | Amazon - 101 Amazon Way, Seattle, WA | Purchase | 78.95 | 279.74
01/15/2023 | Netflix - 123 Netflix Rd, Los Gatos, CA | Subscription | 15.99 | 295.73
01/20/2023 | Spotify - 456 Music Blvd, New York, NY | Subscription | 9.99 | 305.72
01/25/2023 | Apple Music - 789 Entertainment Ave, Cupertino, CA | Subscription",STREET_ADDRESS,STREET_ADDRESS,"[653,683)","[679,680)","123 Main St, San Francisco, CA",",",0.5134841799736023,
test,792,37014,gretel_finance_pii,,false negative,"-------------------------------------------------------------------------------------------------------------------
Apple Digital Wallet Usage Statement
Period: 01/01/2023 - 01/31/2023
-------------------------------------------------------------------------------------------------------------------

Account Holder: John Doe
Account Number: 1234-5678-9012-3456 (last 4 digits)
Credit Limit: $5,000
Current Balance: $2,345.67
Minimum Payment Due: $50.00
Due Date: 02/15/2023

Transactions:

Date | Description | Type | Amount (USD) | Running Balance

01/03/2023 | Starbucks - 1600 Powell St, Emeryville, CA | Purchase | 5.67 | 5.67
01/04/2023 | Uber - 123 Main St, San Francisco, CA | Purchase | 23.75 | 29.42
01/05/2023 | Apple Store - 456 Market St, San Francisco, CA | Purchase | 125.49 | 154.91
01/06/2023 | Whole Foods - 789 Grove St, San Francisco, CA | Purchase | 45.88 | 200.79
01/08/2023 | Amazon - 101 Amazon Way, Seattle, WA | Purchase | 78.95 | 279.74
01/15/2023 | Netflix - 123 Netflix Rd, Los Gatos, CA | Subscription | 15.99 | 295.73
01/20/2023 | Spotify - 456 Music Blvd, New York, NY | Subscription | 9.99 | 305.72
01/25/2023 | Apple Music - 789 Entertainment Ave, Cupertino, CA | Subscription",STREET_ADDRESS,,"[738,770)",,"456 Market St, San Francisco, CA",,,0.242014289730125
test,792,37014,gretel_finance_pii,,false positive,"-------------------------------------------------------------------------------------------------------------------
Apple Digital Wallet Usage Statement
Period: 01/01/2023 - 01/31/2023
-------------------------------------------------------------------------------------------------------------------

Account Holder: John Doe
Account Number: 1234-5678-9012-3456 (last 4 digits)
Credit Limit: $5,000
Current Balance: $2,345.67
Minimum Payment Due: $50.00
Due Date: 02/15/2023

Transactions:

Date | Description | Type | Amount (USD) | Running Balance

01/03/2023 | Starbucks - 1600 Powell St, Emeryville, CA | Purchase | 5.67 | 5.67
01/04/2023 | Uber - 123 Main St, San Francisco, CA | Purchase | 23.75 | 29.42
01/05/2023 | Apple Store - 456 Market St, San Francisco, CA | Purchase | 125.49 | 154.91
01/06/2023 | Whole Foods - 789 Grove St, San Francisco, CA | Purchase | 45.88 | 200.79
01/08/2023 | Amazon - 101 Amazon Way, Seattle, WA | Purchase | 78.95 | 279.74
01/15/2023 | Netflix - 123 Netflix Rd, Los Gatos, CA | Subscription | 15.99 | 295.73
01/20/2023 | Spotify - 456 Music Blvd, New York, NY | Subscription | 9.99 | 305.72
01/25/2023 | Apple Music - 789 Entertainment Ave, Cupertino, CA | Subscription",,CREDIT_CARD_NUMBER,,"[343,362)",,1234-5678-9012-3456,0.9739490449428558,
test,792,37014,gretel_finance_pii,,false positive,"-------------------------------------------------------------------------------------------------------------------
Apple Digital Wallet Usage Statement
Period: 01/01/2023 - 01/31/2023
-------------------------------------------------------------------------------------------------------------------

Account Holder: John Doe
Account Number: 1234-5678-9012-3456 (last 4 digits)
Credit Limit: $5,000
Current Balance: $2,345.67
Minimum Payment Due: $50.00
Due Date: 02/15/2023

Transactions:

Date | Description | Type | Amount (USD) | Running Balance

01/03/2023 | Starbucks - 1600 Powell St, Emeryville, CA | Purchase | 5.67 | 5.67
01/04/2023 | Uber - 123 Main St, San Francisco, CA | Purchase | 23.75 | 29.42
01/05/2023 | Apple Store - 456 Market St, San Francisco, CA | Purchase | 125.49 | 154.91
01/06/2023 | Whole Foods - 789 Grove St, San Francisco, CA | Purchase | 45.88 | 200.79
01/08/2023 | Amazon - 101 Amazon Way, Seattle, WA | Purchase | 78.95 | 279.74
01/15/2023 | Netflix - 123 Netflix Rd, Los Gatos, CA | Subscription | 15.99 | 295.73
01/20/2023 | Spotify - 456 Music Blvd, New York, NY | Subscription | 9.99 | 305.72
01/25/2023 | Apple Music - 789 Entertainment Ave, Cupertino, CA | Subscription",,STREET_ADDRESS,,"[827,836)",,789 Grove,0.6655037005742391,
test,792,37014,gretel_finance_pii,,false positive,"-------------------------------------------------------------------------------------------------------------------
Apple Digital Wallet Usage Statement
Period: 01/01/2023 - 01/31/2023
-------------------------------------------------------------------------------------------------------------------

Account Holder: John Doe
Account Number: 1234-5678-9012-3456 (last 4 digits)
Credit Limit: $5,000
Current Balance: $2,345.67
Minimum Payment Due: $50.00
Due Date: 02/15/2023

Transactions:

Date | Description | Type | Amount (USD) | Running Balance

01/03/2023 | Starbucks - 1600 Powell St, Emeryville, CA | Purchase | 5.67 | 5.67
01/04/2023 | Uber - 123 Main St, San Francisco, CA | Purchase | 23.75 | 29.42
01/05/2023 | Apple Store - 456 Market St, San Francisco, CA | Purchase | 125.49 | 154.91
01/06/2023 | Whole Foods - 789 Grove St, San Francisco, CA | Purchase | 45.88 | 200.79
01/08/2023 | Amazon - 101 Amazon Way, Seattle, WA | Purchase | 78.95 | 279.74
01/15/2023 | Netflix - 123 Netflix Rd, Los Gatos, CA | Subscription | 15.99 | 295.73
01/20/2023 | Spotify - 456 Music Blvd, New York, NY | Subscription | 9.99 | 305.72
01/25/2023 | Apple Music - 789 Entertainment Ave, Cupertino, CA | Subscription",,STREET_ADDRESS,,"[856,858)",,CA,0.5354197025299072,
test,792,37014,gretel_finance_pii,,false positive,"-------------------------------------------------------------------------------------------------------------------
Apple Digital Wallet Usage Statement
Period: 01/01/2023 - 01/31/2023
-------------------------------------------------------------------------------------------------------------------

Account Holder: John Doe
Account Number: 1234-5678-9012-3456 (last 4 digits)
Credit Limit: $5,000
Current Balance: $2,345.67
Minimum Payment Due: $50.00
Due Date: 02/15/2023

Transactions:

Date | Description | Type | Amount (USD) | Running Balance

01/03/2023 | Starbucks - 1600 Powell St, Emeryville, CA | Purchase | 5.67 | 5.67
01/04/2023 | Uber - 123 Main St, San Francisco, CA | Purchase | 23.75 | 29.42
01/05/2023 | Apple Store - 456 Market St, San Francisco, CA | Purchase | 125.49 | 154.91
01/06/2023 | Whole Foods - 789 Grove St, San Francisco, CA | Purchase | 45.88 | 200.79
01/08/2023 | Amazon - 101 Amazon Way, Seattle, WA | Purchase | 78.95 | 279.74
01/15/2023 | Netflix - 123 Netflix Rd, Los Gatos, CA | Subscription | 15.99 | 295.73
01/20/2023 | Spotify - 456 Music Blvd, New York, NY | Subscription | 9.99 | 305.72
01/25/2023 | Apple Music - 789 Entertainment Ave, Cupertino, CA | Subscription",,STREET_ADDRESS,,"[988,991)",,123,0.6969764828681946,
test,792,37014,gretel_finance_pii,,false positive,"-------------------------------------------------------------------------------------------------------------------
Apple Digital Wallet Usage Statement
Period: 01/01/2023 - 01/31/2023
-------------------------------------------------------------------------------------------------------------------

Account Holder: John Doe
Account Number: 1234-5678-9012-3456 (last 4 digits)
Credit Limit: $5,000
Current Balance: $2,345.67
Minimum Payment Due: $50.00
Due Date: 02/15/2023

Transactions:

Date | Description | Type | Amount (USD) | Running Balance

01/03/2023 | Starbucks - 1600 Powell St, Emeryville, CA | Purchase | 5.67 | 5.67
01/04/2023 | Uber - 123 Main St, San Francisco, CA | Purchase | 23.75 | 29.42
01/05/2023 | Apple Store - 456 Market St, San Francisco, CA | Purchase | 125.49 | 154.91
01/06/2023 | Whole Foods - 789 Grove St, San Francisco, CA | Purchase | 45.88 | 200.79
01/08/2023 | Amazon - 101 Amazon Way, Seattle, WA | Purchase | 78.95 | 279.74
01/15/2023 | Netflix - 123 Netflix Rd, Los Gatos, CA | Subscription | 15.99 | 295.73
01/20/2023 | Spotify - 456 Music Blvd, New York, NY | Subscription | 9.99 | 305.72
01/25/2023 | Apple Music - 789 Entertainment Ave, Cupertino, CA | Subscription",,STREET_ADDRESS,,"[1000,1017)",,"Rd, Los Gatos, CA",0.8192086741328239,
test,792,37014,gretel_finance_pii,,false positive,"-------------------------------------------------------------------------------------------------------------------
Apple Digital Wallet Usage Statement
Period: 01/01/2023 - 01/31/2023
-------------------------------------------------------------------------------------------------------------------

Account Holder: John Doe
Account Number: 1234-5678-9012-3456 (last 4 digits)
Credit Limit: $5,000
Current Balance: $2,345.67
Minimum Payment Due: $50.00
Due Date: 02/15/2023

Transactions:

Date | Description | Type | Amount (USD) | Running Balance

01/03/2023 | Starbucks - 1600 Powell St, Emeryville, CA | Purchase | 5.67 | 5.67
01/04/2023 | Uber - 123 Main St, San Francisco, CA | Purchase | 23.75 | 29.42
01/05/2023 | Apple Store - 456 Market St, San Francisco, CA | Purchase | 125.49 | 154.91
01/06/2023 | Whole Foods - 789 Grove St, San Francisco, CA | Purchase | 45.88 | 200.79
01/08/2023 | Amazon - 101 Amazon Way, Seattle, WA | Purchase | 78.95 | 279.74
01/15/2023 | Netflix - 123 Netflix Rd, Los Gatos, CA | Subscription | 15.99 | 295.73
01/20/2023 | Spotify - 456 Music Blvd, New York, NY | Subscription | 9.99 | 305.72
01/25/2023 | Apple Music - 789 Entertainment Ave, Cupertino, CA | Subscription",,STREET_ADDRESS,,"[1160,1196)",,"789 Entertainment Ave, Cupertino, CA",0.9419265627861023,
test,801,34244,gretel_finance_pii,,boundary-too-short,":20:FID:2234567890:181215GB22LTSSS01YXXXXX33350 Copeland Ports, 16514, Porterberg:30.720756,-88.524193:CDGVDEME466:/19A:DEFC/333:CRED:52313.45GBP:2022-12-14:OR:/19A:DEFC/333:DEBIT:125.00GBP:2022-12-12:/19B:DEFC/333:/17H:/50K:/57A:/52A:/53A:LUPE BARTOLOMÉ-TORRIJOS:/54A:GB22LTSS2234567890123456:/57A:/52A:/53A:NET:40063.45GBP:2022-12-15:

This MT940 message shows the account activity for Lupe Bartolomé-Torrijos at the bank identified by the swift code CDGVDEME466. The account has a balance of 52313.45 GBP as of December 15, 2022. There were two transactions on the account since the previous statement. On December 14, 2022, there was a credit of 52313.45 GBP. On December 12, 2022, there was a debit of 125.00 GBP. The credit was for a media subscription and the debit was for an entertainment expense. The account holder's address is 33350 Copeland Ports, 16514, Porterberg with a latitude of 30.720756 and longitude of -88.524193.",STREET_ADDRESS,STREET_ADDRESS,"[42,81)","[46,81)","33350 Copeland Ports, 16514, Porterberg","0 Copeland Ports, 16514, Porterberg",0.9770527969707142,
test,801,34244,gretel_finance_pii,,false positive,":20:FID:2234567890:181215GB22LTSSS01YXXXXX33350 Copeland Ports, 16514, Porterberg:30.720756,-88.524193:CDGVDEME466:/19A:DEFC/333:CRED:52313.45GBP:2022-12-14:OR:/19A:DEFC/333:DEBIT:125.00GBP:2022-12-12:/19B:DEFC/333:/17H:/50K:/57A:/52A:/53A:LUPE BARTOLOMÉ-TORRIJOS:/54A:GB22LTSS2234567890123456:/57A:/52A:/53A:NET:40063.45GBP:2022-12-15:

This MT940 message shows the account activity for Lupe Bartolomé-Torrijos at the bank identified by the swift code CDGVDEME466. The account has a balance of 52313.45 GBP as of December 15, 2022. There were two transactions on the account since the previous statement. On December 14, 2022, there was a credit of 52313.45 GBP. On December 12, 2022, there was a debit of 125.00 GBP. The credit was for a media subscription and the debit was for an entertainment expense. The account holder's address is 33350 Copeland Ports, 16514, Porterberg with a latitude of 30.720756 and longitude of -88.524193.",,IBAN,,"[269,287)",,GB22LTSS2234567890,0.9856359687718478,
test,808,synthetic-00021531,securelogx_custom_logs,order_reference_ssn_shape_warn_v1,wrong entity class,WARN Order reference 590-73-6563 was replayed after a warehouse timeout. log_sequence=21531,BUSINESS_ID,SSN,"[21,32)","[21,32)",590-73-6563,590-73-6563,0.9980792477726936,
test,838,54696,gretel_finance_pii,,false negative,"Health Insurance Claim Form

Claimant Information:

Name: Eva María Haydée Garrido
Date of Birth: 31/05/1918

Mailing Address:
44581 Williamson Turnpike, Apt. 310

Telephone Number: (123) 456-7890

Policy Information:

Policy Holder: Eva María Haydée Garrido
Policy Number: 123456789
Effective Date: 01/01/2021

Claim Details:

Date of Service: 15/06/2021

Type of Service: Telemedicine Consultation

Telemedicine Provider: Telehealth Solutions, Inc.

Technology Platform Used: Secure Video Conferencing

Reason for Consultation: Routine follow-up for Chronic Condition Management

Description of Service: The claimant received a virtual consultation with a licensed healthcare provider to discuss and manage her chronic health condition. The provider reviewed the claimant's medical history, current symptoms, and medication regimen. The provider also provided recommendations for lifestyle modifications and scheduled a follow-up appointment.

Diagnosis Code(s): [As per medical professional's diagnosis]

Procedure Code(s): [As per medical professional's recommendation]

Billing Information:

Charges Incurred: $50.00

Amount Previously Paid: $0.00

Amount Being Claimed: $50.00

Authorization/Referral Information:

Authorization/Referral Number: [As per medical professional's authorization]

Authorization/Referral Date: [As per medical professional's authorization]

Signature of Claimant: Eva María Haydée Garrido

Date: 16/06/2021",PERSON_NAME,,"[274,283)",,123456789,,,0.25012296189864475
test,839,3452,gretel_finance_pii,,boundary-too-short,":20:MT942
:25:1234567890
:28C:52345678901
:50K:/CDR/1234567890/190101/191231
:52A:PIERRE ERIC MEYER
:53A:3554936411878066
:57A:/GB29ABCD1234567890123456
:59:/GB
:70:/1234567890/190101/191231
:71A:GBP
:72:20223112
:73B:CRED
:77A:/95 STRETTO PRISCILLA, APT. 52
:86:12345678901123
:88C:52345678901
:89D:ACCT
:98A:/1234567890/190101/191231
:99R:/12345678901123/191231/12345678901123

This SWIFT message represents an account statement for Pierre Eric Meyer with the account number 1234567890. The statement covers the period from 01/01/2019 to 31/12/2019. The account holder's credit card number is 3554936411878066. The account is held at the bank with the SWIFT code ABCD123456789012. The statement includes a single credit transaction in the amount of GBP 202231.12 on 12/12/2022. The account holder's street address is 95 Stretto Pr",CREDIT_CARD_NUMBER,CREDIT_CARD_NUMBER,"[105,121)","[109,114)",3554936411878066,93641,0.6038928031921387,
test,839,3452,gretel_finance_pii,,false positive,":20:MT942
:25:1234567890
:28C:52345678901
:50K:/CDR/1234567890/190101/191231
:52A:PIERRE ERIC MEYER
:53A:3554936411878066
:57A:/GB29ABCD1234567890123456
:59:/GB
:70:/1234567890/190101/191231
:71A:GBP
:72:20223112
:73B:CRED
:77A:/95 STRETTO PRISCILLA, APT. 52
:86:12345678901123
:88C:52345678901
:89D:ACCT
:98A:/1234567890/190101/191231
:99R:/12345678901123/191231/12345678901123

This SWIFT message represents an account statement for Pierre Eric Meyer with the account number 1234567890. The statement covers the period from 01/01/2019 to 31/12/2019. The account holder's credit card number is 3554936411878066. The account is held at the bank with the SWIFT code ABCD123456789012. The statement includes a single credit transaction in the amount of GBP 202231.12 on 12/12/2022. The account holder's street address is 95 Stretto Pr",,CREDIT_CARD_NUMBER,,"[105,107)",,35,0.7201244235038757,
test,839,3452,gretel_finance_pii,,false positive,":20:MT942
:25:1234567890
:28C:52345678901
:50K:/CDR/1234567890/190101/191231
:52A:PIERRE ERIC MEYER
:53A:3554936411878066
:57A:/GB29ABCD1234567890123456
:59:/GB
:70:/1234567890/190101/191231
:71A:GBP
:72:20223112
:73B:CRED
:77A:/95 STRETTO PRISCILLA, APT. 52
:86:12345678901123
:88C:52345678901
:89D:ACCT
:98A:/1234567890/190101/191231
:99R:/12345678901123/191231/12345678901123

This SWIFT message represents an account statement for Pierre Eric Meyer with the account number 1234567890. The statement covers the period from 01/01/2019 to 31/12/2019. The account holder's credit card number is 3554936411878066. The account is held at the bank with the SWIFT code ABCD123456789012. The statement includes a single credit transaction in the amount of GBP 202231.12 on 12/12/2022. The account holder's street address is 95 Stretto Pr",,STREET_ADDRESS,,"[819,832)",,95 Stretto Pr,0.9803595443566641,
test,843,35215,gretel_finance_pii,,boundary-too-long,"Financial Risk Assessment: Ethical Risk Review

Introduction:

This Ethical Risk Review aims to assess potential financial risks associated with ethical considerations and reputation management for our client, Brandon B. Ward, located at 21810 Michael Fort, North Russellchester. The review includes market, credit, and operational risk analysis, focusing on ethical aspects that could impact the financial stability and reputation of Mr. Ward.

Market Risk:

In the market risk analysis, we evaluate the potential impact of external events and market factors on Mr. Ward's financial situation. One ethical consideration is transparency in financial dealings. Mr. Ward's adherence to fair trading practices and disclosure requirements is crucial. A lapse in this area could lead to legal penalties, loss of investor confidence, and reputational damage.

Credit Risk:

The credit risk assessment focuses on the likelihood of Mr. Ward defaulting on financial obligations. A key ethical consideration is the responsible use of credit. Mr. Ward's credit history, including the use of credit cards and loans, will be examined. For instance, the social security number 035-51-1427 will be checked for any negative marks or patterns of irresponsible credit use.

Operational Risk:

Operational risk analysis involves evaluating the potential impact of internal processes, systems, and personnel on financial stability. Ethical considerations include data privacy and protection. Mr. Ward's business must ensure that customer information, including street addresses like 21810 Michael Fort, North Russellchester, is stored securely and used responsibly. Any data breaches or misuse could result in legal action, regulatory fines, and loss of customer trust.

Conclusion:

This Ethical Risk Review reveals that Mr. Ward's financial risks are primarily associated with market, credit, and operational risks. Adherence to ethical practices in these areas is crucial for maintaining financial stability and protecting his reputation. Regular monitoring and risk management strategies should be implemented to ensure continued success and growth.",PERSON_NAME,PERSON_NAME,"[1476,1480)","[1474,1480)",Ward,. Ward,0.6627616882324219,
test,843,35215,gretel_finance_pii,,boundary-too-long,"Financial Risk Assessment: Ethical Risk Review

Introduction:

This Ethical Risk Review aims to assess potential financial risks associated with ethical considerations and reputation management for our client, Brandon B. Ward, located at 21810 Michael Fort, North Russellchester. The review includes market, credit, and operational risk analysis, focusing on ethical aspects that could impact the financial stability and reputation of Mr. Ward.

Market Risk:

In the market risk analysis, we evaluate the potential impact of external events and market factors on Mr. Ward's financial situation. One ethical consideration is transparency in financial dealings. Mr. Ward's adherence to fair trading practices and disclosure requirements is crucial. A lapse in this area could lead to legal penalties, loss of investor confidence, and reputational damage.

Credit Risk:

The credit risk assessment focuses on the likelihood of Mr. Ward defaulting on financial obligations. A key ethical consideration is the responsible use of credit. Mr. Ward's credit history, including the use of credit cards and loans, will be examined. For instance, the social security number 035-51-1427 will be checked for any negative marks or patterns of irresponsible credit use.

Operational Risk:

Operational risk analysis involves evaluating the potential impact of internal processes, systems, and personnel on financial stability. Ethical considerations include data privacy and protection. Mr. Ward's business must ensure that customer information, including street addresses like 21810 Michael Fort, North Russellchester, is stored securely and used responsibly. Any data breaches or misuse could result in legal action, regulatory fines, and loss of customer trust.

Conclusion:

This Ethical Risk Review reveals that Mr. Ward's financial risks are primarily associated with market, credit, and operational risks. Adherence to ethical practices in these areas is crucial for maintaining financial stability and protecting his reputation. Regular monitoring and risk management strategies should be implemented to ensure continued success and growth.",PERSON_NAME,PERSON_NAME,"[1806,1810)","[1802,1810)",Ward,Mr. Ward,0.7779846787452698,
test,843,35215,gretel_finance_pii,,boundary-too-long,"Financial Risk Assessment: Ethical Risk Review

Introduction:

This Ethical Risk Review aims to assess potential financial risks associated with ethical considerations and reputation management for our client, Brandon B. Ward, located at 21810 Michael Fort, North Russellchester. The review includes market, credit, and operational risk analysis, focusing on ethical aspects that could impact the financial stability and reputation of Mr. Ward.

Market Risk:

In the market risk analysis, we evaluate the potential impact of external events and market factors on Mr. Ward's financial situation. One ethical consideration is transparency in financial dealings. Mr. Ward's adherence to fair trading practices and disclosure requirements is crucial. A lapse in this area could lead to legal penalties, loss of investor confidence, and reputational damage.

Credit Risk:

The credit risk assessment focuses on the likelihood of Mr. Ward defaulting on financial obligations. A key ethical consideration is the responsible use of credit. Mr. Ward's credit history, including the use of credit cards and loans, will be examined. For instance, the social security number 035-51-1427 will be checked for any negative marks or patterns of irresponsible credit use.

Operational Risk:

Operational risk analysis involves evaluating the potential impact of internal processes, systems, and personnel on financial stability. Ethical considerations include data privacy and protection. Mr. Ward's business must ensure that customer information, including street addresses like 21810 Michael Fort, North Russellchester, is stored securely and used responsibly. Any data breaches or misuse could result in legal action, regulatory fines, and loss of customer trust.

Conclusion:

This Ethical Risk Review reveals that Mr. Ward's financial risks are primarily associated with market, credit, and operational risks. Adherence to ethical practices in these areas is crucial for maintaining financial stability and protecting his reputation. Regular monitoring and risk management strategies should be implemented to ensure continued success and growth.",PERSON_NAME,PERSON_NAME,"[1036,1040)","[1032,1040)",Ward,Mr. Ward,0.8040655255317688,
test,843,35215,gretel_finance_pii,,boundary-too-long,"Financial Risk Assessment: Ethical Risk Review

Introduction:

This Ethical Risk Review aims to assess potential financial risks associated with ethical considerations and reputation management for our client, Brandon B. Ward, located at 21810 Michael Fort, North Russellchester. The review includes market, credit, and operational risk analysis, focusing on ethical aspects that could impact the financial stability and reputation of Mr. Ward.

Market Risk:

In the market risk analysis, we evaluate the potential impact of external events and market factors on Mr. Ward's financial situation. One ethical consideration is transparency in financial dealings. Mr. Ward's adherence to fair trading practices and disclosure requirements is crucial. A lapse in this area could lead to legal penalties, loss of investor confidence, and reputational damage.

Credit Risk:

The credit risk assessment focuses on the likelihood of Mr. Ward defaulting on financial obligations. A key ethical consideration is the responsible use of credit. Mr. Ward's credit history, including the use of credit cards and loans, will be examined. For instance, the social security number 035-51-1427 will be checked for any negative marks or patterns of irresponsible credit use.

Operational Risk:

Operational risk analysis involves evaluating the potential impact of internal processes, systems, and personnel on financial stability. Ethical considerations include data privacy and protection. Mr. Ward's business must ensure that customer information, including street addresses like 21810 Michael Fort, North Russellchester, is stored securely and used responsibly. Any data breaches or misuse could result in legal action, regulatory fines, and loss of customer trust.

Conclusion:

This Ethical Risk Review reveals that Mr. Ward's financial risks are primarily associated with market, credit, and operational risks. Adherence to ethical practices in these areas is crucial for maintaining financial stability and protecting his reputation. Regular monitoring and risk management strategies should be implemented to ensure continued success and growth.",PERSON_NAME,PERSON_NAME,"[928,932)","[924,932)",Ward,Mr. Ward,0.7554158568382263,
test,843,35215,gretel_finance_pii,,boundary-too-long,"Financial Risk Assessment: Ethical Risk Review

Introduction:

This Ethical Risk Review aims to assess potential financial risks associated with ethical considerations and reputation management for our client, Brandon B. Ward, located at 21810 Michael Fort, North Russellchester. The review includes market, credit, and operational risk analysis, focusing on ethical aspects that could impact the financial stability and reputation of Mr. Ward.

Market Risk:

In the market risk analysis, we evaluate the potential impact of external events and market factors on Mr. Ward's financial situation. One ethical consideration is transparency in financial dealings. Mr. Ward's adherence to fair trading practices and disclosure requirements is crucial. A lapse in this area could lead to legal penalties, loss of investor confidence, and reputational damage.

Credit Risk:

The credit risk assessment focuses on the likelihood of Mr. Ward defaulting on financial obligations. A key ethical consideration is the responsible use of credit. Mr. Ward's credit history, including the use of credit cards and loans, will be examined. For instance, the social security number 035-51-1427 will be checked for any negative marks or patterns of irresponsible credit use.

Operational Risk:

Operational risk analysis involves evaluating the potential impact of internal processes, systems, and personnel on financial stability. Ethical considerations include data privacy and protection. Mr. Ward's business must ensure that customer information, including street addresses like 21810 Michael Fort, North Russellchester, is stored securely and used responsibly. Any data breaches or misuse could result in legal action, regulatory fines, and loss of customer trust.

Conclusion:

This Ethical Risk Review reveals that Mr. Ward's financial risks are primarily associated with market, credit, and operational risks. Adherence to ethical practices in these areas is crucial for maintaining financial stability and protecting his reputation. Regular monitoring and risk management strategies should be implemented to ensure continued success and growth.",PERSON_NAME,PERSON_NAME,"[664,668)","[660,668)",Ward,Mr. Ward,0.7742264866828918,
test,843,35215,gretel_finance_pii,,boundary-too-long,"Financial Risk Assessment: Ethical Risk Review

Introduction:

This Ethical Risk Review aims to assess potential financial risks associated with ethical considerations and reputation management for our client, Brandon B. Ward, located at 21810 Michael Fort, North Russellchester. The review includes market, credit, and operational risk analysis, focusing on ethical aspects that could impact the financial stability and reputation of Mr. Ward.

Market Risk:

In the market risk analysis, we evaluate the potential impact of external events and market factors on Mr. Ward's financial situation. One ethical consideration is transparency in financial dealings. Mr. Ward's adherence to fair trading practices and disclosure requirements is crucial. A lapse in this area could lead to legal penalties, loss of investor confidence, and reputational damage.

Credit Risk:

The credit risk assessment focuses on the likelihood of Mr. Ward defaulting on financial obligations. A key ethical consideration is the responsible use of credit. Mr. Ward's credit history, including the use of credit cards and loans, will be examined. For instance, the social security number 035-51-1427 will be checked for any negative marks or patterns of irresponsible credit use.

Operational Risk:

Operational risk analysis involves evaluating the potential impact of internal processes, systems, and personnel on financial stability. Ethical considerations include data privacy and protection. Mr. Ward's business must ensure that customer information, including street addresses like 21810 Michael Fort, North Russellchester, is stored securely and used responsibly. Any data breaches or misuse could result in legal action, regulatory fines, and loss of customer trust.

Conclusion:

This Ethical Risk Review reveals that Mr. Ward's financial risks are primarily associated with market, credit, and operational risks. Adherence to ethical practices in these areas is crucial for maintaining financial stability and protecting his reputation. Regular monitoring and risk management strategies should be implemented to ensure continued success and growth.",PERSON_NAME,PERSON_NAME,"[567,571)","[563,571)",Ward,Mr. Ward,0.6696955561637878,
test,843,35215,gretel_finance_pii,,boundary-too-long,"Financial Risk Assessment: Ethical Risk Review

Introduction:

This Ethical Risk Review aims to assess potential financial risks associated with ethical considerations and reputation management for our client, Brandon B. Ward, located at 21810 Michael Fort, North Russellchester. The review includes market, credit, and operational risk analysis, focusing on ethical aspects that could impact the financial stability and reputation of Mr. Ward.

Market Risk:

In the market risk analysis, we evaluate the potential impact of external events and market factors on Mr. Ward's financial situation. One ethical consideration is transparency in financial dealings. Mr. Ward's adherence to fair trading practices and disclosure requirements is crucial. A lapse in this area could lead to legal penalties, loss of investor confidence, and reputational damage.

Credit Risk:

The credit risk assessment focuses on the likelihood of Mr. Ward defaulting on financial obligations. A key ethical consideration is the responsible use of credit. Mr. Ward's credit history, including the use of credit cards and loans, will be examined. For instance, the social security number 035-51-1427 will be checked for any negative marks or patterns of irresponsible credit use.

Operational Risk:

Operational risk analysis involves evaluating the potential impact of internal processes, systems, and personnel on financial stability. Ethical considerations include data privacy and protection. Mr. Ward's business must ensure that customer information, including street addresses like 21810 Michael Fort, North Russellchester, is stored securely and used responsibly. Any data breaches or misuse could result in legal action, regulatory fines, and loss of customer trust.

Conclusion:

This Ethical Risk Review reveals that Mr. Ward's financial risks are primarily associated with market, credit, and operational risks. Adherence to ethical practices in these areas is crucial for maintaining financial stability and protecting his reputation. Regular monitoring and risk management strategies should be implemented to ensure continued success and growth.",PERSON_NAME,PERSON_NAME,"[439,443)","[435,443)",Ward,Mr. Ward,0.7409691413243612,
test,849,synthetic-00009827,securelogx_custom_logs,order_reference_ssn_shape_warn_v1,wrong entity class,WARN Order reference 985-29-2655 was replayed after a warehouse timeout. log_sequence=9827,BUSINESS_ID,SSN,"[21,32)","[21,32)",985-29-2655,985-29-2655,0.9803746768406459,
test,853,44438,gretel_finance_pii,,boundary-too-long,"Mortgage Amortization Schedule

| Payment Date | Principal | Interest | Remaining Balance |
| --- | --- | --- | --- |
| 01/01/2023 | $0 | $1,542.32 | $398,457.68 |
| 02/01/2023 | $520.34 | $1,521.98 | $397,937.34 |
| 03/01/2023 | $520.34 | $1,521.98 | $397,415.00 |
| 04/01/2023 | $520.34 | $1,521.98 | $396,891.66 |
| ... | ... | ... | ... |
| 12/01/2045 | $520.34 | $1,521.98 | $0 |

Loan Details:

* Borrower: Amy Dorothée Normand-Bouchet
* Loan Amount: $400,000
* Interest Rate: 4.25% (fixed)
* Loan Term: 30 years
* First Payment Date: 01/01/2023
* Last Payment Date: 12/01/2045
* Monthly Payment: $2,042.26
* Contact Phone Number: +1 988-722-6154
* Property Address: 87347 Moore Inlet, [City], [State], [Zip Code]",PERSON_NAME,PERSON_NAME,"[417,441)","[413,441)",Dorothée Normand-Bouchet,Amy Dorothée Normand-Bouchet,0.9982288420200348,
test,853,44438,gretel_finance_pii,,false negative,"Mortgage Amortization Schedule

| Payment Date | Principal | Interest | Remaining Balance |
| --- | --- | --- | --- |
| 01/01/2023 | $0 | $1,542.32 | $398,457.68 |
| 02/01/2023 | $520.34 | $1,521.98 | $397,937.34 |
| 03/01/2023 | $520.34 | $1,521.98 | $397,415.00 |
| 04/01/2023 | $520.34 | $1,521.98 | $396,891.66 |
| ... | ... | ... | ... |
| 12/01/2045 | $520.34 | $1,521.98 | $0 |

Loan Details:

* Borrower: Amy Dorothée Normand-Bouchet
* Loan Amount: $400,000
* Interest Rate: 4.25% (fixed)
* Loan Term: 30 years
* First Payment Date: 01/01/2023
* Last Payment Date: 12/01/2045
* Monthly Payment: $2,042.26
* Contact Phone Number: +1 988-722-6154
* Property Address: 87347 Moore Inlet, [City], [State], [Zip Code]",PERSON_NAME,,"[413,416)",,Amy,,,0.9979897737503052
test,856,55236,gretel_finance_pii,,false positive,"RECREATIONAL VEHICLE INSURANCE POLICY

This Recreational Vehicle Insurance Policy (the ""Policy"") is entered into by and between William Smith-Daniel, residing at 7585 Spears Glens, 86586, North Micheleborough (""Insured""), and LuxeLeisure Insurance Company (""Company""), and is effective as of 12/17/2001 at 10:43:30 PM EST.

I. INSURANCE PROVIDED

The Company insures the Insured against loss or damage to the following described property:

A 2005 Forest River Georgetown Class A Motorhome, VIN: 1FDXBRF88KF023178

The coverage provided under this Policy includes:

A. Liability Coverage

1. Bodily Injury Liability - up to $100,000 per person and $300,000 per occurrence
2. Property Damage Liability - up to $50,000 per occurrence

B. Comprehensive Coverage

1. Collision Coverage - up to the actual cash value of the motorhome
2. Other Than Collision Coverage - up to the actual cash value of the motorhome

II. PREMIUMS

The annual premium for this Policy is $1,500, payable in full on or before the effective date of the Policy.

III. EXCLUSIONS

This Policy does not cover:

A. Loss or damage caused by:

1. War, invasion, insurrection, or military power
2. Nuclear reaction or radioactive contamination
3. Intentional acts by the Insured

B. Liability arising from:

1. The use of the motorhome as a residence
2. The operation of the motorhome while under the influence of drugs or alcohol

IV. TERM

This Policy shall remain in force for a period of one year from the effective date, unless terminated earlier by either party in accordance with the terms of this Policy.

V. CANCELLATION

Either party may cancel this Policy upon giving written notice to the other",,BANK_ACCOUNT_NUMBER,,"[502,504)",,88,0.49272894859313965,
test,856,55236,gretel_finance_pii,,false positive,"RECREATIONAL VEHICLE INSURANCE POLICY

This Recreational Vehicle Insurance Policy (the ""Policy"") is entered into by and between William Smith-Daniel, residing at 7585 Spears Glens, 86586, North Micheleborough (""Insured""), and LuxeLeisure Insurance Company (""Company""), and is effective as of 12/17/2001 at 10:43:30 PM EST.

I. INSURANCE PROVIDED

The Company insures the Insured against loss or damage to the following described property:

A 2005 Forest River Georgetown Class A Motorhome, VIN: 1FDXBRF88KF023178

The coverage provided under this Policy includes:

A. Liability Coverage

1. Bodily Injury Liability - up to $100,000 per person and $300,000 per occurrence
2. Property Damage Liability - up to $50,000 per occurrence

B. Comprehensive Coverage

1. Collision Coverage - up to the actual cash value of the motorhome
2. Other Than Collision Coverage - up to the actual cash value of the motorhome

II. PREMIUMS

The annual premium for this Policy is $1,500, payable in full on or before the effective date of the Policy.

III. EXCLUSIONS

This Policy does not cover:

A. Loss or damage caused by:

1. War, invasion, insurrection, or military power
2. Nuclear reaction or radioactive contamination
3. Intentional acts by the Insured

B. Liability arising from:

1. The use of the motorhome as a residence
2. The operation of the motorhome while under the influence of drugs or alcohol

IV. TERM

This Policy shall remain in force for a period of one year from the effective date, unless terminated earlier by either party in accordance with the terms of this Policy.

V. CANCELLATION

Either party may cancel this Policy upon giving written notice to the other",,BANK_ACCOUNT_NUMBER,,"[506,512)",,023178,0.5127155482769012,
test,874,synthetic-00019935,securelogx_custom_logs,order_reference_ssn_shape_warn_v1,wrong entity class,WARN Order reference 846-78-6978 was replayed after a warehouse timeout. log_sequence=19935,BUSINESS_ID,SSN,"[21,32)","[21,32)",846-78-6978,846-78-6978,0.9962707906961441,
test,875,44019,gretel_finance_pii,,false negative,"""CustomerID"",""FirstName"",""LastName"",""Email"",""Age"",""Gender"",""City"",""Country"",""AnnualIncome"",""PurchaseHistory""
1,""John"",""Doe"",""johndoe@example.com"",35,""Male"",""New York"",""USA"",75000,""2021-01-12,2021-03-04,2021-05-09""
2,""Jane"",""Smith"",""janesmith@example.com"",42,""Female"",""London"",""UK"",80000,""2021-02-21,2021-04-15""
3,""Mike"",""Johnson"",""mikejohnson@example.com"",30,""Male"",""Toronto"",""Canada"",65000,""2021-03-05,2021-06-10""
4,""Emily"",""Davis"",""emilydavis@example.com"",38,""Female"",""Manchester"",""UK"",70000,""2021-01-10,2021-07-12""
5,""David"",""Miller"",""davidmiller@example.com"",45,""Male"",""Montreal"",""Canada"",90000,""2021-02-15,2021-08-20""
6,""Sarah"",""Thomas"",""sarahthomas@example.com"",32,""Female"",""Los Angeles"",""USA"",85000,""2021-03-12,2021-09-14""
7,""James"",""Anderson"",""jamesanderson@example.com"",36,""Male"",""Sydney"",""Australia"",95000,""2021-01-18,2021-10-22""
8,""Jessica"",""Taylor"",""jessicataylor@example.com"",29,""Female"",""Auckland"",""New Zealand"",75000,""2021-02-05,2021-11-07""",PERSON_NAME,,"[112,116)",,John,,,0.1999887228012085
test,875,44019,gretel_finance_pii,,false negative,"""CustomerID"",""FirstName"",""LastName"",""Email"",""Age"",""Gender"",""City"",""Country"",""AnnualIncome"",""PurchaseHistory""
1,""John"",""Doe"",""johndoe@example.com"",35,""Male"",""New York"",""USA"",75000,""2021-01-12,2021-03-04,2021-05-09""
2,""Jane"",""Smith"",""janesmith@example.com"",42,""Female"",""London"",""UK"",80000,""2021-02-21,2021-04-15""
3,""Mike"",""Johnson"",""mikejohnson@example.com"",30,""Male"",""Toronto"",""Canada"",65000,""2021-03-05,2021-06-10""
4,""Emily"",""Davis"",""emilydavis@example.com"",38,""Female"",""Manchester"",""UK"",70000,""2021-01-10,2021-07-12""
5,""David"",""Miller"",""davidmiller@example.com"",45,""Male"",""Montreal"",""Canada"",90000,""2021-02-15,2021-08-20""
6,""Sarah"",""Thomas"",""sarahthomas@example.com"",32,""Female"",""Los Angeles"",""USA"",85000,""2021-03-12,2021-09-14""
7,""James"",""Anderson"",""jamesanderson@example.com"",36,""Male"",""Sydney"",""Australia"",95000,""2021-01-18,2021-10-22""
8,""Jessica"",""Taylor"",""jessicataylor@example.com"",29,""Female"",""Auckland"",""New Zealand"",75000,""2021-02-05,2021-11-07""",PERSON_NAME,,"[321,325)",,John,,,0.16712315380573273
test,875,44019,gretel_finance_pii,,false positive,"""CustomerID"",""FirstName"",""LastName"",""Email"",""Age"",""Gender"",""City"",""Country"",""AnnualIncome"",""PurchaseHistory""
1,""John"",""Doe"",""johndoe@example.com"",35,""Male"",""New York"",""USA"",75000,""2021-01-12,2021-03-04,2021-05-09""
2,""Jane"",""Smith"",""janesmith@example.com"",42,""Female"",""London"",""UK"",80000,""2021-02-21,2021-04-15""
3,""Mike"",""Johnson"",""mikejohnson@example.com"",30,""Male"",""Toronto"",""Canada"",65000,""2021-03-05,2021-06-10""
4,""Emily"",""Davis"",""emilydavis@example.com"",38,""Female"",""Manchester"",""UK"",70000,""2021-01-10,2021-07-12""
5,""David"",""Miller"",""davidmiller@example.com"",45,""Male"",""Montreal"",""Canada"",90000,""2021-02-15,2021-08-20""
6,""Sarah"",""Thomas"",""sarahthomas@example.com"",32,""Female"",""Los Angeles"",""USA"",85000,""2021-03-12,2021-09-14""
7,""James"",""Anderson"",""jamesanderson@example.com"",36,""Male"",""Sydney"",""Australia"",95000,""2021-01-18,2021-10-22""
8,""Jessica"",""Taylor"",""jessicataylor@example.com"",29,""Female"",""Auckland"",""New Zealand"",75000,""2021-02-05,2021-11-07""",,PERSON_NAME,,"[626,631)",,Sarah,0.7125971913337708,
test,878,synthetic-00006103,securelogx_custom_logs,order_reference_ssn_shape_warn_v1,wrong entity class,WARN Order reference 745-93-7606 was replayed after a warehouse timeout. log_sequence=6103,BUSINESS_ID,SSN,"[21,32)","[21,32)",745-93-7606,745-93-7606,0.9964544177055359,
test,897,synthetic-00018605,securelogx_custom_logs,order_reference_ssn_shape_warn_v1,wrong entity class,WARN Order reference 882-50-4568 was replayed after a warehouse timeout. log_sequence=18605,BUSINESS_ID,SSN,"[21,32)","[21,32)",882-50-4568,882-50-4568,0.9940783008933067,
test,940,synthetic-00009029,securelogx_custom_logs,order_reference_ssn_shape_warn_v1,wrong entity class,WARN Order reference 445-87-3914 was replayed after a warehouse timeout. log_sequence=9029,BUSINESS_ID,SSN,"[21,32)","[21,32)",445-87-3914,445-87-3914,0.9971440008708409,
test,947,synthetic-00015945,securelogx_custom_logs,order_reference_ssn_shape_warn_v1,wrong entity class,WARN Order reference 683-68-7903 was replayed after a warehouse timeout. log_sequence=15945,BUSINESS_ID,SSN,"[21,32)","[21,32)",683-68-7903,683-68-7903,0.995952844619751,
test,962,synthetic-00014881,securelogx_custom_logs,order_reference_ssn_shape_warn_v1,wrong entity class,WARN Order reference 580-46-3736 was replayed after a warehouse timeout. log_sequence=14881,BUSINESS_ID,SSN,"[21,32)","[21,32)",580-46-3736,580-46-3736,0.9969276189804077,
test,975,synthetic-00004241,securelogx_custom_logs,order_reference_ssn_shape_warn_v1,wrong entity class,WARN Order reference 642-36-1699 was replayed after a warehouse timeout. log_sequence=4241,BUSINESS_ID,SSN,"[21,32)","[21,32)",642-36-1699,642-36-1699,0.9973304867744446,
test,992,synthetic-00013551,securelogx_custom_logs,order_reference_ssn_shape_warn_v1,wrong entity class,WARN Order reference 659-52-9766 was replayed after a warehouse timeout. log_sequence=13551,BUSINESS_ID,SSN,"[21,32)","[21,32)",659-52-9766,659-52-9766,0.9957435950636864,
test,993,37955,gretel_finance_pii,,false negative,"**COMPLIANCE CERTIFICATE**

---

**Diversity and Inclusion Report for the Fiscal Year 21/22**

---

We are pleased to present the Diversity and Inclusion Report for XYZ Corporation for the fiscal year 21/22. At XYZ Corporation, we are committed to fostering a diverse and inclusive work environment that values and respects all individuals.

**1. Introduction**

XYZ Corporation is a leading provider of innovative solutions in the technology industry. We understand the importance of diversity and inclusion in the workplace and are committed to creating a workplace that reflects the diversity of the communities in which we operate.

**2. Diversity and Inclusion Initi202.48.175.108ives**

In the fiscal year 21/2 Marginaude Marcel Garnier, we implemented several initiatives aimed at promoting diversity and inclusion within the company. These initiatives include:

- **Diversity and Inclusion Training**: All employees were required to complete diversity and inclusion training to promote awareness and understanding of the importance of diversity and inclusion in the workplace.
- **Diverse Recruitment**: We implemented a diverse recruitment strategy that aimed to attract candidates from diverse backgrounds.
 - As a result, we were able to attract and hire talented individuals from a wide range of backgrounds.
- **Inclusive Workplace**: We implemented policies and procedures to ensure that all employees feel included and respected in the workplace.
 - This includes policies on workplace harassment, workplace violence, and workplace accommodation.

**3. Diversity and Inclusion Metrics**

In the fiscal year 21/22, we achieved the following diversity and inclusion metrics:

- **Gender**: 55% male, 45% female
- **Race/ethnicity**: 65% Caucasian, 15% African American, 10% Asian, 5% Hispanic, 5% Other
- **Disability**: 3%
- **Veteran Status**: 2%

**4. Conclusion**

XYZ Corporation is committed to promoting diversity and inclusion in the workplace. We believe that a diverse and inclusive workplace leads to better decision-making, increased creativity, and improved employee satisfaction.

",IP_ADDRESS,,"[671,685)",,202.48.175.108,,,0.0004103598623714788
test,1000,54742,gretel_finance_pii,,boundary-too-short,"Received for Shipment Bill of Lading

Bill of Lading No.: SHIP-001-SL-04-23

Date: 04/15/2023

Shipper: Suzanne Leclercq
994 Sierra Springs
Thomasville, [Postal Code]

Consignee: [Recipient Name]
[Recipient Street Address]
[Recipient City, Postal Code]
[Recipient Country]

Carrier: [Carrier Name]
Vessel: [Vessel Name]
Port of Loading: [Port of Loading]
Port of Discharge: [Port of Discharge]

Description of Goods:
- [Number of Units] x [Item Description]
- [Unit Quantity] x [Unit Description]
- [Total Weight] [Weight Unit]
- [Total Volume] [Volume Unit]

Notes:
- Freight charges to be billed to the consignee
- Delivery instructions: Please deliver the cargo to the consignee's address between 09:00 and 17:00 local time
- Cargo to be handled with care (Fragile)
- Hazardous materials declaration: Not applicable

API Key for Tracking: sk\_live\_vAHtThrDS4gJrJhKewhhFasU

---

Please note that this is a synthetic document and does not represent any real shipment.",STREET_ADDRESS,STREET_ADDRESS,"[121,166)","[121,151)","994 Sierra Springs
Thomasville, [Postal Code]","994 Sierra Springs
Thomasville",0.8589381376902262,
test,1003,35261,gretel_finance_pii,,false negative,"09:00:00 | Incoming message from Laurie Jones-Walker |
|--------------------------------------------------|
| Hello Mahmood-Moore team, I just wanted to take a moment to express my appreciation for the exceptional service I have received. Your team has been incredibly helpful and knowledgeable, making my experience with your company a true pleasure. |

09:01:00 | Outgoing message from Mahmood-Moore support agent |
|------------------------------------------------------|
| Dear Laurie, Thank you so much for your kind words! We are thrilled to hear that you have had a positive experience with our team. At Mahmood-Moore, we strive to provide top-notch customer support, and your feedback confirms that we are on the right track. We are grateful for customers like you, and we look forward to serving you in the future. Best regards, [Support Agent Name] |",PERSON_NAME,,"[116,129)",,Mahmood-Moore,,,0.1369326837360859
test,1003,35261,gretel_finance_pii,,false negative,"09:00:00 | Incoming message from Laurie Jones-Walker |
|--------------------------------------------------|
| Hello Mahmood-Moore team, I just wanted to take a moment to express my appreciation for the exceptional service I have received. Your team has been incredibly helpful and knowledgeable, making my experience with your company a true pleasure. |

09:01:00 | Outgoing message from Mahmood-Moore support agent |
|------------------------------------------------------|
| Dear Laurie, Thank you so much for your kind words! We are thrilled to hear that you have had a positive experience with our team. At Mahmood-Moore, we strive to provide top-notch customer support, and your feedback confirms that we are on the right track. We are grateful for customers like you, and we look forward to serving you in the future. Best regards, [Support Agent Name] |",PERSON_NAME,,"[388,401)",,Mahmood-Moore,,,0.27469755709171295
test,1003,35261,gretel_finance_pii,,false negative,"09:00:00 | Incoming message from Laurie Jones-Walker |
|--------------------------------------------------|
| Hello Mahmood-Moore team, I just wanted to take a moment to express my appreciation for the exceptional service I have received. Your team has been incredibly helpful and knowledgeable, making my experience with your company a true pleasure. |

09:01:00 | Outgoing message from Mahmood-Moore support agent |
|------------------------------------------------------|
| Dear Laurie, Thank you so much for your kind words! We are thrilled to hear that you have had a positive experience with our team. At Mahmood-Moore, we strive to provide top-notch customer support, and your feedback confirms that we are on the right track. We are grateful for customers like you, and we look forward to serving you in the future. Best regards, [Support Agent Name] |",PERSON_NAME,,"[611,624)",,Mahmood-Moore,,,0.04397217715159059
test,1009,39297,gretel_finance_pii,,false negative,"[Health Insurance Claim Form]

Claimant Information:

* Full Name: John Doe
* Date of Birth: 01/01/1980
* Policy Number: 123456789
* Contact Number: 555-555-5555
* Email Address: johndoe@example.com

Telemedicine Consultation Information:

* Date of Service: 03/15/2022
* Telemedicine Provider: Dr. Sarah Smith
* Provider's License Number: MD-123456
* Technology Platform Used: Zoom for Healthcare
* Reason for Consultation: Routine follow-up for chronic condition management (Type 2 Diabetes)

Treatment and Diagnosis:

* Description of Treatment Received: Virtual consultation with Dr. Sarah Smith to discuss blood sugar levels, medication adherence, and lifestyle modifications.
* Diagnosis Code (if applicable): E11.9 (Type 2 Diabetes)

Costs and Charges:

* Total Charges for Telemedicine Consultation: $100
* Amount Paid by Patient: $20
* Amount Paid by Insurance (requested): $80

Declaration:

I, John Doe, hereby declare that the information provided in this claim form is true and accurate to the best of my knowledge. I understand that providing false or misleading information may result in the denial of this claim and/or further action.

Signature: John Doe
Date: 03/16/2022",PHONE,,"[149,161)",,555-555-5555,,,0.18748647347092628
test,1099,synthetic-00011157,securelogx_custom_logs,order_reference_ssn_shape_warn_v1,wrong entity class,WARN Order reference 274-90-2200 was replayed after a warehouse timeout. log_sequence=11157,BUSINESS_ID,SSN,"[21,32)","[21,32)",274-90-2200,274-90-2200,0.9941971557480949,
test,1118,synthetic-00014083,securelogx_custom_logs,order_reference_ssn_shape_warn_v1,wrong entity class,WARN Order reference 922-10-2714 was replayed after a warehouse timeout. log_sequence=14083,BUSINESS_ID,SSN,"[21,32)","[21,32)",922-10-2714,922-10-2714,0.5848454918180194,
test,1126,36627,gretel_finance_pii,,wrong entity class,"Operational Plan

1. Introduction

Welcome to the Operational Plan for XYZ Landscaping Ltd. This plan outlines the day-to--day operations of the business, including processes, resources, and responsibilities. The goal is to ensure efficiency and productivity in our business operations.
""XYZ Landscaping Ltd"" is a full-service landscaping company based in Vancouver, Canada. We offer a wide range of services, including landscape design, installation, maintenance, and snow removal.

2. Operational Goals

Our operational goals for the next three years are:

- Achieve a minimum of 20% annual growth in revenue
- Increase customer satisfaction ratings by 15%
- Reduce employee turnover by 10%
- Improve job efficiency by 15%
- Achieve a minimum 25% gross profit margin

3. Operational Strategies

Our operational strategies to achieve the above goals are:

- Implement a customer relationship management (CRM) system to improve customer communication and satisfaction
- Develop and implement a comprehensive employee training program to improve job efficiency and reduce employee turnover
- Invest in new equipment and technology to improve job efficiency
- Develop and implement a sustainable procure-to-pay (P2P) process to improve vendor relationships and reduce costs

4. Operational Processes

Our operational processes are:

- Sales and Marketing: Our sales and marketing team will use a CRM system to manage leads, sales, and customer relationships.
- Design and Estimation: Our design and estimation team will use design software and estimation tools to create detailed designs and accurate estimates for clients.
- Procurement: Our procurement team will use a P2P system to manage vendor relationships and reduce costs.
- Operations: Our operations team will use a job management system to manage job schedules, staff, and equipment.
- Accounting: Our accounting team will use an accounting software to manage financial transactions, payroll, and reporting.

5. Operational Resources

Our operational resources are:

- Equipment: We will invest in new equipment and technology to improve job efficiency.
- Software: We will use a CRM, design software, estimation tools, P2P system, job management system, and accounting software.
- Staff: We will hire qualified staff and provide them with comprehensive",STREET_ADDRESS,CITY,"[356,373)","[356,365)","Vancouver, Canada",Vancouver,0.49487876892089844,
test,1128,49260,gretel_finance_pii,,wrong entity class,"THE COLONIAL LIFE INSURANCE CO.
Life Insurance Policy

Policy Number: CL-2023-009874

This is to certify that The Colonial Life Insurance Co. (hereinafter ""the Company"") agrees to insure the life of:

Franck H. Colin
56121 Angela Rue
59358 West Nathan

for a term of 10 years commencing on the date of issue of this policy.

The Company will pay to the beneficiary, as designated below, the sum of $500,000 in the event of the death of the insured during the term of this policy.

Premiums for this policy are payable annually in advance and are based on the insured's age and health status at the time of issue. The initial premium is $4,200, payable on or before the date of issue of this policy.

The beneficiary of this policy is designated as follows:

Primary Beneficiary:
Name: [To be designated by the insured]
Relationship: [To be designated by the insured]
Address: [To be designated by the insured]

Contingent Beneficiary:
Name: [To be designated by the insured]
Relationship: [To be designated by the insured]
Address: [To be designated by the insured]

The insured may change the beneficiary designation by written notice to the Company.

This policy does not cover death resulting from suicide within the first two years of the policy issue date.

This policy is subject to the laws of the state of Delaware.

The Company reserves the right to request medical evidence of insurability at any time.

This policy is non-transferable and non-assignable.

If any provision of this policy is held to be invalid or unenforceable, the remaining provisions shall continue in full force and effect.

In the event of any dispute arising out of or relating to this policy, the parties agree to submit to binding arbitration in accordance with the rules of the American Arbitration Association.

This policy is issued in consideration of the premium paid and the representations made by the insured in the application for this policy.

The Company shall",PERSON_NAME,STREET_ADDRESS,"[223,239)","[217,233)","Angela Rue
59358",56121 Angela Rue,0.9657269597053528,
test,1128,49260,gretel_finance_pii,,false positive,"THE COLONIAL LIFE INSURANCE CO.
Life Insurance Policy

Policy Number: CL-2023-009874

This is to certify that The Colonial Life Insurance Co. (hereinafter ""the Company"") agrees to insure the life of:

Franck H. Colin
56121 Angela Rue
59358 West Nathan

for a term of 10 years commencing on the date of issue of this policy.

The Company will pay to the beneficiary, as designated below, the sum of $500,000 in the event of the death of the insured during the term of this policy.

Premiums for this policy are payable annually in advance and are based on the insured's age and health status at the time of issue. The initial premium is $4,200, payable on or before the date of issue of this policy.

The beneficiary of this policy is designated as follows:

Primary Beneficiary:
Name: [To be designated by the insured]
Relationship: [To be designated by the insured]
Address: [To be designated by the insured]

Contingent Beneficiary:
Name: [To be designated by the insured]
Relationship: [To be designated by the insured]
Address: [To be designated by the insured]

The insured may change the beneficiary designation by written notice to the Company.

This policy does not cover death resulting from suicide within the first two years of the policy issue date.

This policy is subject to the laws of the state of Delaware.

The Company reserves the right to request medical evidence of insurability at any time.

This policy is non-transferable and non-assignable.

If any provision of this policy is held to be invalid or unenforceable, the remaining provisions shall continue in full force and effect.

In the event of any dispute arising out of or relating to this policy, the parties agree to submit to binding arbitration in accordance with the rules of the American Arbitration Association.

This policy is issued in consideration of the premium paid and the representations made by the insured in the application for this policy.

The Company shall",,STREET_ADDRESS,,"[234,251)",,59358 West Nathan,0.9919184565544128,
test,1132,44216,gretel_finance_pii,,false negative,"Messages:2
8=FIX.4.4|9=128|35=d|34=1|49=SenderID|52=20220222-12:34:56.789|56=TargetID|112=N|1137=Y|554=Galasso Campise|555=211 Jason Estate|556=3456-1451-7822-7769|1200=RegistrationInstructions|1201=AccountType|1202=Individual|1203=New|1204=Yes|1205=Yes|1206=Yes|1207=Yes|1208=Yes|1209=Yes|1210=Yes|1211=Yes|1212=Yes|1213=Yes|1214=Yes|1215=Yes|1216=Yes|1217=Yes|1218=Yes|1219=Yes|1220=Yes|1221=Yes|1222=Yes|1223=Yes|1224=Yes|1225=Yes|1226=Yes|1227=Yes|1228=Yes|1229=Yes|1230=Yes|1231=Yes|1232=Yes|1233=Yes|1234=Yes|1235=Yes|1236=Yes|1237=Yes|1238=Yes|1239=Yes|1240=Yes|1241=Yes|1242=Yes|1243=Yes|1244=Yes|1245=Yes|1246=Yes|1247=Yes|1248=Yes|1249=Yes|1250=Yes|1251=Yes|1252=Yes|1253=Yes|1254=Yes",PERSON_NAME,,"[103,118)",,Galasso Campise,,,0.11908000148832798
test,1132,44216,gretel_finance_pii,,false positive,"Messages:2
8=FIX.4.4|9=128|35=d|34=1|49=SenderID|52=20220222-12:34:56.789|56=TargetID|112=N|1137=Y|554=Galasso Campise|555=211 Jason Estate|556=3456-1451-7822-7769|1200=RegistrationInstructions|1201=AccountType|1202=Individual|1203=New|1204=Yes|1205=Yes|1206=Yes|1207=Yes|1208=Yes|1209=Yes|1210=Yes|1211=Yes|1212=Yes|1213=Yes|1214=Yes|1215=Yes|1216=Yes|1217=Yes|1218=Yes|1219=Yes|1220=Yes|1221=Yes|1222=Yes|1223=Yes|1224=Yes|1225=Yes|1226=Yes|1227=Yes|1228=Yes|1229=Yes|1230=Yes|1231=Yes|1232=Yes|1233=Yes|1234=Yes|1235=Yes|1236=Yes|1237=Yes|1238=Yes|1239=Yes|1240=Yes|1241=Yes|1242=Yes|1243=Yes|1244=Yes|1245=Yes|1246=Yes|1247=Yes|1248=Yes|1249=Yes|1250=Yes|1251=Yes|1252=Yes|1253=Yes|1254=Yes",,CREDIT_CARD_NUMBER,,"[144,163)",,3456-1451-7822-7769,0.9458757390578588,
test,1138,54377,gretel_finance_pii,,boundary-too-long,"-----------------------------------------------------------------------------------------------------
Customer Support Conversational Log
-----------------------------------------------------------------------------------------------------

| Timestamp | Agent | Customer | Message |
| --- | --- | --- | --- |
| 2022-04-01 10:00:00 | Agent Smith | - | Welcome to our Customer Support! How can I help you today? |
| 2022-04-01 10:00:15 | - | Heike Franz-Josef Gierschner | Hi, I would like to return a product. |
| 2022-04-01 10:00:30 | Agent Smith | Heike Franz-Josef Gierschner | Of course, I'm here to assist you with that. May I have your name and address for verification? |
| 2022-04-01 10:00:45 | Heike Franz-Josef Gierschner | - | Sure, my name is Heike Franz-Josef Gierschner and my address is 5793 Thomas Oval. |
| 2022-04-01 10:01:00 | Agent Smith | Heike Franz-Josef Gierschner | Thank you, Ms. Gierschner. I see you've made a purchase with the following API key: `sk_live_iR734rp8nlKhbu7UT9p1EaJ2`. Is that correct? |
| 2022-04-01 10:01:15 | Heike Franz-Josef Gierschner | - | Yes, that's correct. |
| 2022-04-01 10:01:30 | Agent Smith | Heike Franz-Josef Gierschner | Great, I have your order details now. To initiate the return process, could you please provide me with the SSN associated with the order? |
| 2022-04-01 10:01:45 | Heike Franz-Josef Gierschner | - | The SSN associated",API_KEY,API_KEY,"[976,1008)","[976,1009)",sk_live_iR734rp8nlKhbu7UT9p1EaJ2,sk_live_iR734rp8nlKhbu7UT9p1EaJ2`,0.9530028127706968,
test,1138,54377,gretel_finance_pii,,boundary-too-long,"-----------------------------------------------------------------------------------------------------
Customer Support Conversational Log
-----------------------------------------------------------------------------------------------------

| Timestamp | Agent | Customer | Message |
| --- | --- | --- | --- |
| 2022-04-01 10:00:00 | Agent Smith | - | Welcome to our Customer Support! How can I help you today? |
| 2022-04-01 10:00:15 | - | Heike Franz-Josef Gierschner | Hi, I would like to return a product. |
| 2022-04-01 10:00:30 | Agent Smith | Heike Franz-Josef Gierschner | Of course, I'm here to assist you with that. May I have your name and address for verification? |
| 2022-04-01 10:00:45 | Heike Franz-Josef Gierschner | - | Sure, my name is Heike Franz-Josef Gierschner and my address is 5793 Thomas Oval. |
| 2022-04-01 10:01:00 | Agent Smith | Heike Franz-Josef Gierschner | Thank you, Ms. Gierschner. I see you've made a purchase with the following API key: `sk_live_iR734rp8nlKhbu7UT9p1EaJ2`. Is that correct? |
| 2022-04-01 10:01:15 | Heike Franz-Josef Gierschner | - | Yes, that's correct. |
| 2022-04-01 10:01:30 | Agent Smith | Heike Franz-Josef Gierschner | Great, I have your order details now. To initiate the return process, could you please provide me with the SSN associated with the order? |
| 2022-04-01 10:01:45 | Heike Franz-Josef Gierschner | - | The SSN associated",PERSON_NAME,PERSON_NAME,"[1142,1147)","[1136,1147)",Smith,Agent Smith,0.8606902062892914,
test,1138,54377,gretel_finance_pii,,boundary-too-long,"-----------------------------------------------------------------------------------------------------
Customer Support Conversational Log
-----------------------------------------------------------------------------------------------------

| Timestamp | Agent | Customer | Message |
| --- | --- | --- | --- |
| 2022-04-01 10:00:00 | Agent Smith | - | Welcome to our Customer Support! How can I help you today? |
| 2022-04-01 10:00:15 | - | Heike Franz-Josef Gierschner | Hi, I would like to return a product. |
| 2022-04-01 10:00:30 | Agent Smith | Heike Franz-Josef Gierschner | Of course, I'm here to assist you with that. May I have your name and address for verification? |
| 2022-04-01 10:00:45 | Heike Franz-Josef Gierschner | - | Sure, my name is Heike Franz-Josef Gierschner and my address is 5793 Thomas Oval. |
| 2022-04-01 10:01:00 | Agent Smith | Heike Franz-Josef Gierschner | Thank you, Ms. Gierschner. I see you've made a purchase with the following API key: `sk_live_iR734rp8nlKhbu7UT9p1EaJ2`. Is that correct? |
| 2022-04-01 10:01:15 | Heike Franz-Josef Gierschner | - | Yes, that's correct. |
| 2022-04-01 10:01:30 | Agent Smith | Heike Franz-Josef Gierschner | Great, I have your order details now. To initiate the return process, could you please provide me with the SSN associated with the order? |
| 2022-04-01 10:01:45 | Heike Franz-Josef Gierschner | - | The SSN associated",PERSON_NAME,PERSON_NAME,"[852,857)","[846,857)",Smith,Agent Smith,0.8163713812828064,
test,1138,54377,gretel_finance_pii,,boundary-too-long,"-----------------------------------------------------------------------------------------------------
Customer Support Conversational Log
-----------------------------------------------------------------------------------------------------

| Timestamp | Agent | Customer | Message |
| --- | --- | --- | --- |
| 2022-04-01 10:00:00 | Agent Smith | - | Welcome to our Customer Support! How can I help you today? |
| 2022-04-01 10:00:15 | - | Heike Franz-Josef Gierschner | Hi, I would like to return a product. |
| 2022-04-01 10:00:30 | Agent Smith | Heike Franz-Josef Gierschner | Of course, I'm here to assist you with that. May I have your name and address for verification? |
| 2022-04-01 10:00:45 | Heike Franz-Josef Gierschner | - | Sure, my name is Heike Franz-Josef Gierschner and my address is 5793 Thomas Oval. |
| 2022-04-01 10:01:00 | Agent Smith | Heike Franz-Josef Gierschner | Thank you, Ms. Gierschner. I see you've made a purchase with the following API key: `sk_live_iR734rp8nlKhbu7UT9p1EaJ2`. Is that correct? |
| 2022-04-01 10:01:15 | Heike Franz-Josef Gierschner | - | Yes, that's correct. |
| 2022-04-01 10:01:30 | Agent Smith | Heike Franz-Josef Gierschner | Great, I have your order details now. To initiate the return process, could you please provide me with the SSN associated with the order? |
| 2022-04-01 10:01:45 | Heike Franz-Josef Gierschner | - | The SSN associated",PERSON_NAME,PERSON_NAME,"[542,547)","[536,547)",Smith,Agent Smith,0.8779657483100891,
test,1138,54377,gretel_finance_pii,,boundary-too-long,"-----------------------------------------------------------------------------------------------------
Customer Support Conversational Log
-----------------------------------------------------------------------------------------------------

| Timestamp | Agent | Customer | Message |
| --- | --- | --- | --- |
| 2022-04-01 10:00:00 | Agent Smith | - | Welcome to our Customer Support! How can I help you today? |
| 2022-04-01 10:00:15 | - | Heike Franz-Josef Gierschner | Hi, I would like to return a product. |
| 2022-04-01 10:00:30 | Agent Smith | Heike Franz-Josef Gierschner | Of course, I'm here to assist you with that. May I have your name and address for verification? |
| 2022-04-01 10:00:45 | Heike Franz-Josef Gierschner | - | Sure, my name is Heike Franz-Josef Gierschner and my address is 5793 Thomas Oval. |
| 2022-04-01 10:01:00 | Agent Smith | Heike Franz-Josef Gierschner | Thank you, Ms. Gierschner. I see you've made a purchase with the following API key: `sk_live_iR734rp8nlKhbu7UT9p1EaJ2`. Is that correct? |
| 2022-04-01 10:01:15 | Heike Franz-Josef Gierschner | - | Yes, that's correct. |
| 2022-04-01 10:01:30 | Agent Smith | Heike Franz-Josef Gierschner | Great, I have your order details now. To initiate the return process, could you please provide me with the SSN associated with the order? |
| 2022-04-01 10:01:45 | Heike Franz-Josef Gierschner | - | The SSN associated",PERSON_NAME,PERSON_NAME,"[340,345)","[334,345)",Smith,Agent Smith,0.8800784349441528,
test,1160,46116,gretel_finance_pii,,boundary-too-short,"THE KELLER INC. AUTO INSURANCE POLICY

This Auto Insurance Policy (the ""Policy"") is entered into by and between Keller Inc., a duly incorporated company located at 4567 Elm Street, Anytown, USA (hereinafter ""Keller Inc."") and the named insured, Adalbert Pölitz-Christoph, residing at 1169 John Landing, Apt. 96300, Anytown, USA.

I. INSURANCE PROVIDED

This Policy insures the following vehicle(s):

1. 2018 Blue Honda Civic
License Plate: XYZ-123

II. PERIOD OF INSURANCE

This Policy shall take effect on the date and time of 10/11/1990 08:38 PM and shall continue in force for twelve (12) months thereafter, unless otherwise terminated in accordance with the provisions of this Policy.

III. COVERAGE LIMITS

The limits of insurance for this Policy are as follows:

1. Bodily Injury: $100,000 per person / $300,000 per accident
2. Property Damage: $50,000 per accident
3. Uninsured Motorist: $50,000 per person / $100,000 per accident
4. Comprehensive: $500 deductible
5. Collision: $500 deductible

IV. PREMIUM

The premium for this Policy is $1,200, payable in monthly installments of $100.

V. POLICY ENDORSEMENTS

The following endorsements shall be deemed a part of this Policy:

1. Roadside Assistance
2. Rental Reimbursement

VI. TERMINATION

This Policy may be terminated by either party upon providing thirty (30) days written notice to the other party.

VII. GOVERNING LAW

This Policy shall be governed by and construed in accordance with the laws of the State of Anytown, USA.

IN WITNESS",STREET_ADDRESS,STREET_ADDRESS,"[164,193)","[164,180)","4567 Elm Street, Anytown, USA","4567 Elm Street,",0.6972425480683645,
test,1160,46116,gretel_finance_pii,,false positive,"THE KELLER INC. AUTO INSURANCE POLICY

This Auto Insurance Policy (the ""Policy"") is entered into by and between Keller Inc., a duly incorporated company located at 4567 Elm Street, Anytown, USA (hereinafter ""Keller Inc."") and the named insured, Adalbert Pölitz-Christoph, residing at 1169 John Landing, Apt. 96300, Anytown, USA.

I. INSURANCE PROVIDED

This Policy insures the following vehicle(s):

1. 2018 Blue Honda Civic
License Plate: XYZ-123

II. PERIOD OF INSURANCE

This Policy shall take effect on the date and time of 10/11/1990 08:38 PM and shall continue in force for twelve (12) months thereafter, unless otherwise terminated in accordance with the provisions of this Policy.

III. COVERAGE LIMITS

The limits of insurance for this Policy are as follows:

1. Bodily Injury: $100,000 per person / $300,000 per accident
2. Property Damage: $50,000 per accident
3. Uninsured Motorist: $50,000 per person / $100,000 per accident
4. Comprehensive: $500 deductible
5. Collision: $500 deductible

IV. PREMIUM

The premium for this Policy is $1,200, payable in monthly installments of $100.

V. POLICY ENDORSEMENTS

The following endorsements shall be deemed a part of this Policy:

1. Roadside Assistance
2. Rental Reimbursement

VI. TERMINATION

This Policy may be terminated by either party upon providing thirty (30) days written notice to the other party.

VII. GOVERNING LAW

This Policy shall be governed by and construed in accordance with the laws of the State of Anytown, USA.

IN WITNESS",,STREET_ADDRESS,,"[190,193)",,USA,0.6621227264404297,
test,1186,synthetic-00004773,securelogx_custom_logs,order_reference_ssn_shape_warn_v1,wrong entity class,WARN Order reference 684-87-2090 was replayed after a warehouse timeout. log_sequence=4773,BUSINESS_ID,SSN,"[21,32)","[21,32)",684-87-2090,684-87-2090,0.9957237158502851,
test,1188,32841,gretel_finance_pii,,false negative,"[Bank Statement Image: A sample bank statement with MERCURY BANK logo at the top, followed by the account holder's name, address, and account number. The statement covers transactions from 01-DEC-2021 to 31-DEC-2021.]

Transaction Date Description Amount Type Running Balance
01-DEC-2021 Direct Deposit Salary $3,500.00 CR $3,500.00
03-DEC-2021 Debit Card Purchase Gas $45.25 DR $3,454.75
05-DEC-2021 Direct Deposit Bonus $1,000.00 CR $4,454.75
10-DEC-2021 Debit Card Purchase Groceries $123.50 DR $4,331.25
15-DEC-2021 ATM Withdrawal Cash $200.00 DR $4,131.25
20-DEC-2021 Debit Card Purchase Clothing $150.00 DR $4,081.25
25-DEC-2021 Direct Deposit Christmas Bonus $800.00 CR $4,881.25
30-DEC-2021 Debit Card Purchase Restaurant $65.00 DR $4,816.25

[End of Bank Statement Image]",PERSON_NAME,,"[98,112)",,account holder,,,0.0007474656449630857
test,1188,32841,gretel_finance_pii,,false negative,"[Bank Statement Image: A sample bank statement with MERCURY BANK logo at the top, followed by the account holder's name, address, and account number. The statement covers transactions from 01-DEC-2021 to 31-DEC-2021.]

Transaction Date Description Amount Type Running Balance
01-DEC-2021 Direct Deposit Salary $3,500.00 CR $3,500.00
03-DEC-2021 Debit Card Purchase Gas $45.25 DR $3,454.75
05-DEC-2021 Direct Deposit Bonus $1,000.00 CR $4,454.75
10-DEC-2021 Debit Card Purchase Groceries $123.50 DR $4,331.25
15-DEC-2021 ATM Withdrawal Cash $200.00 DR $4,131.25
20-DEC-2021 Debit Card Purchase Clothing $150.00 DR $4,081.25
25-DEC-2021 Direct Deposit Christmas Bonus $800.00 CR $4,881.25
30-DEC-2021 Debit Card Purchase Restaurant $65.00 DR $4,816.25

[End of Bank Statement Image]",STREET_ADDRESS,,"[121,128)",,address,,,0.000427508435677737
test,1194,35637,gretel_finance_pii,,false positive,"STALE BILL OF LADING

Date: September 15, 2021

Vessel: MV Ocean Titan
Voyage: 007-W21
Port of Loading: Vancouver, BC, Canada
Port of Discharge: Southampton, UK

Bill of Lading No.: BOL-007-STL-21

Shipper:
ABC Logistics Inc.
1234 Main Street
Vancouver, BC, V6B 1C3
Canada

Consignee:
Global Traders Ltd.
5678 Park Lane
London, SE1 2RR
United Kingdom

Notations:

* This is a STALE BILL OF LADING, as it has not been presented for payment or negotiation within the stipulated time frame.
* All terms, conditions, and limitations of the original Bill of Lading shall remain in full force and effect.

Description of Goods:

| Commodity Description | Quantity | Marks & Numbers |
| --- | --- | --- |
| Electronic Devices | 500 cartons | EL-001 to EL-500 |
| Clothing Items | 200 cartons | CT-001 to CT-200 |

Carrier:
Oceanus Shipping Lines
P.O. Box 456
New York, NY 10001
USA

Dangerous Goods:
None

Freight & Charges:
Freight: USD 15,000
Insurance: USD 2,000
Total Amount: USD 17,000

This Stale Bill of Lading is issued on the above terms and conditions.

Carrier:
___________________________
Authorized Signatory
Oceanus Shipping Lines

Shipper:
___________________________
Authorized Signatory
ABC Logistics Inc.",,STREET_ADDRESS,,"[305,335)",,"5678 Park Lane
London, SE1 2RR",0.7356471667687098,
test,1194,35637,gretel_finance_pii,,false positive,"STALE BILL OF LADING

Date: September 15, 2021

Vessel: MV Ocean Titan
Voyage: 007-W21
Port of Loading: Vancouver, BC, Canada
Port of Discharge: Southampton, UK

Bill of Lading No.: BOL-007-STL-21

Shipper:
ABC Logistics Inc.
1234 Main Street
Vancouver, BC, V6B 1C3
Canada

Consignee:
Global Traders Ltd.
5678 Park Lane
London, SE1 2RR
United Kingdom

Notations:

* This is a STALE BILL OF LADING, as it has not been presented for payment or negotiation within the stipulated time frame.
* All terms, conditions, and limitations of the original Bill of Lading shall remain in full force and effect.

Description of Goods:

| Commodity Description | Quantity | Marks & Numbers |
| --- | --- | --- |
| Electronic Devices | 500 cartons | EL-001 to EL-500 |
| Clothing Items | 200 cartons | CT-001 to CT-200 |

Carrier:
Oceanus Shipping Lines
P.O. Box 456
New York, NY 10001
USA

Dangerous Goods:
None

Freight & Charges:
Freight: USD 15,000
Insurance: USD 2,000
Total Amount: USD 17,000

This Stale Bill of Lading is issued on the above terms and conditions.

Carrier:
___________________________
Authorized Signatory
Oceanus Shipping Lines

Shipper:
___________________________
Authorized Signatory
ABC Logistics Inc.",,STREET_ADDRESS,,"[343,350)",,Kingdom,0.5669760704040527,
test,1204,52701,gretel_finance_pii,,false negative,"EDI001
UNB+UNOA:1+920135703:1234567890+1234567890:1234567890+123456:1234567890+1234567890+20230322:0935+920135703://20230322093500001
UNH+1+DeliveryConfirmation:D:92a:UN:EAN008
BGM+220+1234567890+12
DTM+137:202303220935:203
RFF+ON:123456
NAD+SU+Encarnacion F. Guerrero::123456::9
NAD+DP+043 Patterson Port::123456::CA
LIN+1++811335890:1234567890
MOA+1+++LBGC10764085199674
UNT+17+1234567890
UNZ+1+1234567890

(Explanation of the EDI document)
The EDI document is a delivery confirmation document, which includes recipient details, delivery date/time, signed acknowledgment, and delivery-related information.

Recipient details:
- Name: Encarnacion F. Guerrero
- Street Address: 043 Patterson Port

Delivery date/time:
- Delivery date: 2023-03-22
- Delivery time: 09:35

Signed acknowledgment:
- Bank Routing Number: 811335890
- BBAN: LBGC10764085199674

Additional delivery-related information:
- Order Number: 12",ROUTING_NUMBER,,"[325,334)",,811335890,,,0.0032292264048010113
test,1207,23204,gretel_finance_pii,,wrong entity class,"8=FIX.4.4|9=127|35=AE|34=2|49=SECURITYFirm|52=20220222-10:30:00.000|56=SECURITYCounterparty|115=USD|207=Villatorget+26|22=4|21=1|55=EURUSD|60=20220222-10:29:59.999|108=30|131=S|146=1|447=O|448=céane+Guillot|452=2|453=2|54=1|448=Guillot|553=Océane|554=230063155528458|555=14.498499,-69.919167|556=1|557=20220222-10:30:00.000|558=0.000000|559=0.000000|541=1|54=2|10=200|",SSN,CREDIT_CARD_NUMBER,"[251,266)","[251,266)",230063155528458,230063155528458,0.6494157777892219,
test,1207,23204,gretel_finance_pii,,false positive,"8=FIX.4.4|9=127|35=AE|34=2|49=SECURITYFirm|52=20220222-10:30:00.000|56=SECURITYCounterparty|115=USD|207=Villatorget+26|22=4|21=1|55=EURUSD|60=20220222-10:29:59.999|108=30|131=S|146=1|447=O|448=céane+Guillot|452=2|453=2|54=1|448=Guillot|553=Océane|554=230063155528458|555=14.498499,-69.919167|556=1|557=20220222-10:30:00.000|558=0.000000|559=0.000000|541=1|54=2|10=200|",,PERSON_NAME,,"[193,198)",,céane,0.7906904816627502,
test,1209,48534,gretel_finance_pii,,boundary-too-short,"COMBINED TRANSPORT BILL OF LADING

B/L No.: ABC12345678

Vessel/Voyage: MV Pacific Eagle/001

Port of Loading: London, UK

Port of Discharge: New York, USA

Carrier: Atlantic Shipping Lines, Inc.

Shipper: XYZ Corporation Ltd.
123 High Street
London, UK

Consignee: DEF Industries Inc.
456 Main Street
New York, NY 10001
USA

Notify Party: GHI Company
789 Market Street
San Francisco, CA 94102
USA

Vessel's ETA at Port of Discharge: 15th June, 2023

Number and Description of Packages: 1000 cartons

Marks and Numbers: As per shipper's instructions

Weight or Measure: 100 metric tons or 1000 cubic meters

Description of Goods: Electronic components

Freight Payable at: New York, USA

Terms of Payment: Cash Against Documents

Special Instructions:
- Shipper's and Consignee's attention is drawn to the terms and conditions on the reverse side hereof which provide for, inter alia, limitations of carrier's liability.
- This Bill of Lading is a non-negotiable document of title.

Carrier's Remarks:
- This Bill of Lading is issued subject to our applicable tariff rates, rules and regulations, and to the Carriage of Goods by Sea Act of the United States, 1936.
- This Bill of Lading is also subject to the International Convention for the Unification of Certain Rules of Law Relating to Bills of Lading (The Hague Rules, 1924), as amended by the Protocol signed at Brussels on 23rd February, 1968 and the Protocol signed at Brussels on 21st December, 1979.

............................................
Authorized Signature
Atlantic Shipping Lines, Inc.

NOTE: This is a synthetic document generated",STREET_ADDRESS,STREET_ADDRESS,"[227,253)","[243,253)","123 High Street
London, UK","London, UK",0.6282689571380615,
test,1209,48534,gretel_finance_pii,,boundary-too-short,"COMBINED TRANSPORT BILL OF LADING

B/L No.: ABC12345678

Vessel/Voyage: MV Pacific Eagle/001

Port of Loading: London, UK

Port of Discharge: New York, USA

Carrier: Atlantic Shipping Lines, Inc.

Shipper: XYZ Corporation Ltd.
123 High Street
London, UK

Consignee: DEF Industries Inc.
456 Main Street
New York, NY 10001
USA

Notify Party: GHI Company
789 Market Street
San Francisco, CA 94102
USA

Vessel's ETA at Port of Discharge: 15th June, 2023

Number and Description of Packages: 1000 cartons

Marks and Numbers: As per shipper's instructions

Weight or Measure: 100 metric tons or 1000 cubic meters

Description of Goods: Electronic components

Freight Payable at: New York, USA

Terms of Payment: Cash Against Documents

Special Instructions:
- Shipper's and Consignee's attention is drawn to the terms and conditions on the reverse side hereof which provide for, inter alia, limitations of carrier's liability.
- This Bill of Lading is a non-negotiable document of title.

Carrier's Remarks:
- This Bill of Lading is issued subject to our applicable tariff rates, rules and regulations, and to the Carriage of Goods by Sea Act of the United States, 1936.
- This Bill of Lading is also subject to the International Convention for the Unification of Certain Rules of Law Relating to Bills of Lading (The Hague Rules, 1924), as amended by the Protocol signed at Brussels on 23rd February, 1968 and the Protocol signed at Brussels on 21st December, 1979.

............................................
Authorized Signature
Atlantic Shipping Lines, Inc.

NOTE: This is a synthetic document generated",STREET_ADDRESS,STREET_ADDRESS,"[352,397)","[352,354)","789 Market Street
San Francisco, CA 94102
USA",78,0.502470850944519,
test,1209,48534,gretel_finance_pii,,false positive,"COMBINED TRANSPORT BILL OF LADING

B/L No.: ABC12345678

Vessel/Voyage: MV Pacific Eagle/001

Port of Loading: London, UK

Port of Discharge: New York, USA

Carrier: Atlantic Shipping Lines, Inc.

Shipper: XYZ Corporation Ltd.
123 High Street
London, UK

Consignee: DEF Industries Inc.
456 Main Street
New York, NY 10001
USA

Notify Party: GHI Company
789 Market Street
San Francisco, CA 94102
USA

Vessel's ETA at Port of Discharge: 15th June, 2023

Number and Description of Packages: 1000 cartons

Marks and Numbers: As per shipper's instructions

Weight or Measure: 100 metric tons or 1000 cubic meters

Description of Goods: Electronic components

Freight Payable at: New York, USA

Terms of Payment: Cash Against Documents

Special Instructions:
- Shipper's and Consignee's attention is drawn to the terms and conditions on the reverse side hereof which provide for, inter alia, limitations of carrier's liability.
- This Bill of Lading is a non-negotiable document of title.

Carrier's Remarks:
- This Bill of Lading is issued subject to our applicable tariff rates, rules and regulations, and to the Carriage of Goods by Sea Act of the United States, 1936.
- This Bill of Lading is also subject to the International Convention for the Unification of Certain Rules of Law Relating to Bills of Lading (The Hague Rules, 1924), as amended by the Protocol signed at Brussels on 23rd February, 1968 and the Protocol signed at Brussels on 21st December, 1979.

............................................
Authorized Signature
Atlantic Shipping Lines, Inc.

NOTE: This is a synthetic document generated",,STREET_ADDRESS,,"[227,230)",,123,0.7341415286064148,
test,1209,48534,gretel_finance_pii,,false positive,"COMBINED TRANSPORT BILL OF LADING

B/L No.: ABC12345678

Vessel/Voyage: MV Pacific Eagle/001

Port of Loading: London, UK

Port of Discharge: New York, USA

Carrier: Atlantic Shipping Lines, Inc.

Shipper: XYZ Corporation Ltd.
123 High Street
London, UK

Consignee: DEF Industries Inc.
456 Main Street
New York, NY 10001
USA

Notify Party: GHI Company
789 Market Street
San Francisco, CA 94102
USA

Vessel's ETA at Port of Discharge: 15th June, 2023

Number and Description of Packages: 1000 cartons

Marks and Numbers: As per shipper's instructions

Weight or Measure: 100 metric tons or 1000 cubic meters

Description of Goods: Electronic components

Freight Payable at: New York, USA

Terms of Payment: Cash Against Documents

Special Instructions:
- Shipper's and Consignee's attention is drawn to the terms and conditions on the reverse side hereof which provide for, inter alia, limitations of carrier's liability.
- This Bill of Lading is a non-negotiable document of title.

Carrier's Remarks:
- This Bill of Lading is issued subject to our applicable tariff rates, rules and regulations, and to the Carriage of Goods by Sea Act of the United States, 1936.
- This Bill of Lading is also subject to the International Convention for the Unification of Certain Rules of Law Relating to Bills of Lading (The Hague Rules, 1924), as amended by the Protocol signed at Brussels on 23rd February, 1968 and the Protocol signed at Brussels on 21st December, 1979.

............................................
Authorized Signature
Atlantic Shipping Lines, Inc.

NOTE: This is a synthetic document generated",,STREET_ADDRESS,,"[286,288)",,45,0.5938235521316528,
test,1209,48534,gretel_finance_pii,,false positive,"COMBINED TRANSPORT BILL OF LADING

B/L No.: ABC12345678

Vessel/Voyage: MV Pacific Eagle/001

Port of Loading: London, UK

Port of Discharge: New York, USA

Carrier: Atlantic Shipping Lines, Inc.

Shipper: XYZ Corporation Ltd.
123 High Street
London, UK

Consignee: DEF Industries Inc.
456 Main Street
New York, NY 10001
USA

Notify Party: GHI Company
789 Market Street
San Francisco, CA 94102
USA

Vessel's ETA at Port of Discharge: 15th June, 2023

Number and Description of Packages: 1000 cartons

Marks and Numbers: As per shipper's instructions

Weight or Measure: 100 metric tons or 1000 cubic meters

Description of Goods: Electronic components

Freight Payable at: New York, USA

Terms of Payment: Cash Against Documents

Special Instructions:
- Shipper's and Consignee's attention is drawn to the terms and conditions on the reverse side hereof which provide for, inter alia, limitations of carrier's liability.
- This Bill of Lading is a non-negotiable document of title.

Carrier's Remarks:
- This Bill of Lading is issued subject to our applicable tariff rates, rules and regulations, and to the Carriage of Goods by Sea Act of the United States, 1936.
- This Bill of Lading is also subject to the International Convention for the Unification of Certain Rules of Law Relating to Bills of Lading (The Hague Rules, 1924), as amended by the Protocol signed at Brussels on 23rd February, 1968 and the Protocol signed at Brussels on 21st December, 1979.

............................................
Authorized Signature
Atlantic Shipping Lines, Inc.

NOTE: This is a synthetic document generated",,STREET_ADDRESS,,"[302,305)",,New,0.5344789028167725,
test,1209,48534,gretel_finance_pii,,false positive,"COMBINED TRANSPORT BILL OF LADING

B/L No.: ABC12345678

Vessel/Voyage: MV Pacific Eagle/001

Port of Loading: London, UK

Port of Discharge: New York, USA

Carrier: Atlantic Shipping Lines, Inc.

Shipper: XYZ Corporation Ltd.
123 High Street
London, UK

Consignee: DEF Industries Inc.
456 Main Street
New York, NY 10001
USA

Notify Party: GHI Company
789 Market Street
San Francisco, CA 94102
USA

Vessel's ETA at Port of Discharge: 15th June, 2023

Number and Description of Packages: 1000 cartons

Marks and Numbers: As per shipper's instructions

Weight or Measure: 100 metric tons or 1000 cubic meters

Description of Goods: Electronic components

Freight Payable at: New York, USA

Terms of Payment: Cash Against Documents

Special Instructions:
- Shipper's and Consignee's attention is drawn to the terms and conditions on the reverse side hereof which provide for, inter alia, limitations of carrier's liability.
- This Bill of Lading is a non-negotiable document of title.

Carrier's Remarks:
- This Bill of Lading is issued subject to our applicable tariff rates, rules and regulations, and to the Carriage of Goods by Sea Act of the United States, 1936.
- This Bill of Lading is also subject to the International Convention for the Unification of Certain Rules of Law Relating to Bills of Lading (The Hague Rules, 1924), as amended by the Protocol signed at Brussels on 23rd February, 1968 and the Protocol signed at Brussels on 21st December, 1979.

............................................
Authorized Signature
Atlantic Shipping Lines, Inc.

NOTE: This is a synthetic document generated",,STREET_ADDRESS,,"[310,324)",,", NY 10001
USA",0.5982916831970215,
test,1210,32518,gretel_finance_pii,,false negative,"Sure, here's an example of a Mortgage Amortization Schedule for a VA Loan tailored to military veterans and service members:

| Payment Number | Payment Date | Principal | Interest | Total Payment | Remaining Balance |
| --- | --- | --- | --- | --- | --- |
| 1 | 01/01/2023 | $0 | $413.46 | $413.46 | $431,600.00 |
| 2 | 02/01/2023 | $521.33 | $411.21 | $932.54 | $431,078.67 |
| 3 | 03/01/2023 | $521.73 | $410.93 | $932.66 | $430,555.94 |
| 4 | 04/01/2023 | $522.11 | $410.61 | $932.72 | $430,033.83 |
| 5 | 05/01/2023 | $522.48 | $410.28 | $932.76 | $429,511.35 |
| ... | ... | ... | ... | ... | ... |
| 360 | 12/01/2052 | $1,442.13 | $12.54 | $1,454.67 | $0.00 |

In this example, the mortgage loan amount is $431,600 with a fixed interest rate of 3.5% per annum for a term of 30 years (360 payments). The borrower is a military veteran who qualified for a VA Loan. The amortization schedule shows the breakdown of each monthly payment into principal and interest, as well as the remaining balance after each payment. The first payment is due on January 1, 2023. The borrower will have paid off the entire loan amount by the last payment on",PERSON_NAME,,"[810,818)",,borrower,,,0.0004910636416752823
test,1210,32518,gretel_finance_pii,,false negative,"Sure, here's an example of a Mortgage Amortization Schedule for a VA Loan tailored to military veterans and service members:

| Payment Number | Payment Date | Principal | Interest | Total Payment | Remaining Balance |
| --- | --- | --- | --- | --- | --- |
| 1 | 01/01/2023 | $0 | $413.46 | $413.46 | $431,600.00 |
| 2 | 02/01/2023 | $521.33 | $411.21 | $932.54 | $431,078.67 |
| 3 | 03/01/2023 | $521.73 | $410.93 | $932.66 | $430,555.94 |
| 4 | 04/01/2023 | $522.11 | $410.61 | $932.72 | $430,033.83 |
| 5 | 05/01/2023 | $522.48 | $410.28 | $932.76 | $429,511.35 |
| ... | ... | ... | ... | ... | ... |
| 360 | 12/01/2052 | $1,442.13 | $12.54 | $1,454.67 | $0.00 |

In this example, the mortgage loan amount is $431,600 with a fixed interest rate of 3.5% per annum for a term of 30 years (360 payments). The borrower is a military veteran who qualified for a VA Loan. The amortization schedule shows the breakdown of each monthly payment into principal and interest, as well as the remaining balance after each payment. The first payment is due on January 1, 2023. The borrower will have paid off the entire loan amount by the last payment on",PERSON_NAME,,"[1071,1079)",,borrower,,,0.000152242439071415
test,1226,36971,gretel_finance_pii,,false negative,"Loan Application

Loan Application ID: 123456
Date: 01/10/2023

Applicant Information:

Name: Caterina Agnolo Magrassi
Street Address: 1013 Silva Port, Apt. 775
City: Vancouver
State: BC
Zip Code: V6B 1C1
Phone Number: (123) 456-7890
Email: [caterina.magrassi@email.com](mailto:caterina.magrassi@email.com)

Employment Information:

Employer Name: Alpha Corp
Employer Address: 2345 Main Street, Vancouver, BC, V7L 1K9
Position: Senior Software Engineer
Monthly Income: $12,000

Loan Information:

Loan Amount: $50,000
Loan Purpose: Home Renovation
Loan Term: 36 months
First Payment Date: 01/15/2024

Supporting Documents:

1. Pay Stub:
   - Employer: Alpha Corp
   - Employee ID: 123456
   - Net Income: $5,000
   - Date: 09/30/2022

2. Bank Statement:
   - Bank Name: Royal Bank of Canada
   - Account Number: 123456789
   - Balance: $85,000
   - Date: 10/01/2022

3. Identification:
   - Type: Passport
   - Number: BH6UbHXv&62Ijd6#\*0
   - Name: Caterina Agnolo Magrassi
   - Date of Birth: 01/01/1985
   - Issue Date: 02/02/2015
   - Expiration Date: 02/02/2025

By submitting this application, I, Caterina Agnolo Magrassi, here",PERSON_NAME,,"[681,687)",,123456,,,0.3659067650636037
test,1226,36971,gretel_finance_pii,,false positive,"Loan Application

Loan Application ID: 123456
Date: 01/10/2023

Applicant Information:

Name: Caterina Agnolo Magrassi
Street Address: 1013 Silva Port, Apt. 775
City: Vancouver
State: BC
Zip Code: V6B 1C1
Phone Number: (123) 456-7890
Email: [caterina.magrassi@email.com](mailto:caterina.magrassi@email.com)

Employment Information:

Employer Name: Alpha Corp
Employer Address: 2345 Main Street, Vancouver, BC, V7L 1K9
Position: Senior Software Engineer
Monthly Income: $12,000

Loan Information:

Loan Amount: $50,000
Loan Purpose: Home Renovation
Loan Term: 36 months
First Payment Date: 01/15/2024

Supporting Documents:

1. Pay Stub:
   - Employer: Alpha Corp
   - Employee ID: 123456
   - Net Income: $5,000
   - Date: 09/30/2022

2. Bank Statement:
   - Bank Name: Royal Bank of Canada
   - Account Number: 123456789
   - Balance: $85,000
   - Date: 10/01/2022

3. Identification:
   - Type: Passport
   - Number: BH6UbHXv&62Ijd6#\*0
   - Name: Caterina Agnolo Magrassi
   - Date of Birth: 01/01/1985
   - Issue Date: 02/02/2015
   - Expiration Date: 02/02/2025

By submitting this application, I, Caterina Agnolo Magrassi, here",,API_KEY,,"[919,926)",,BH6UbHX,0.5553653197629111,
test,1249,40046,gretel_finance_pii,,false negative,"-----------------------------------------------------------------------------------------------------------------

**Musician Card Application**

Thank you for considering the Musician Card! We're excited to support musicians and music enthusiasts with a credit card that caters to your unique needs. Please fill out the following application to help us determine your eligibility.

**Personal Information**

1. Full Name: \_\_\_\_\_\_\_\_\_\_\_\_\_\_\_\_\_\_\_\_\_\_\_\_\_\_\_\_
2. Date of Birth: \_\_\_\_\_\_\_\_\_\_\_\_\_\_\_
3. Email Address: \_\_\_\_\_\_\_\_\_\_\_\_\_\_\_\_\_\_\_\_\_\_\_\_\_
4. Mobile Phone Number: \_\_\_\_\_\_\_\_\_\_\_\_\_\_\_\_
5. Home Address: \_\_\_\_\_\_\_\_\_\_\_\_\_\_\_\_\_\_\_\_\_\_\_\_\_\_\_

**Financial Information**

6. Employment Status: \_\_\_\_\_\_\_\_\_\_\_\_\_\_\_\_\_\_\_
   (If employed, please provide employer name and annual income)

7. Total Annual Income: \_\_\_\_\_\_\_\_\_\_\_\_\_\_\_\_\_\_\_\_
8. Monthly Rent/Mortgage Payment: \_\_\_\_\_\_\_\_\_\_\_\_
9. Other Sources of Income: \_\_\_\_\_\_\_\_\_\_\_\_\_\_\_\_\_\_\_\_\_\_\_

   (e.g., music performances, royalties, endorsements, music lessons)

**Music-Related Information**

10. Preferred Music Genre: \_\_\_\_\_\_\_\_\_\_\_\_\_\_\_\_\_\_\_\_
11. Preferred Music Gear Brands: \_\_\_\_\_\_\_\_\_\_\_\_\_\_
12. Average Monthly Music-Related Expenses: \_\_\_\_\_\_\_\_\_

**Credit History**

13. Have you ever applied for a credit card before? \_\_\_\_\_
    (Yes/No)

1",DOB,,"[483,496)",,Date of Birth,,,0.061602103213469185
test,1262,synthetic-00001315,securelogx_custom_logs,order_reference_ssn_shape_warn_v1,wrong entity class,WARN Order reference 543-97-4818 was replayed after a warehouse timeout. log_sequence=1315,BUSINESS_ID,SSN,"[21,32)","[21,32)",543-97-4818,543-97-4818,0.9974614296640668,
test,1264,synthetic-00017807,securelogx_custom_logs,order_reference_ssn_shape_warn_v1,wrong entity class,WARN Order reference 836-14-8847 was replayed after a warehouse timeout. log_sequence=17807,BUSINESS_ID,SSN,"[21,32)","[21,32)",836-14-8847,836-14-8847,0.9947767342839923,
test,1275,synthetic-00018339,securelogx_custom_logs,order_reference_ssn_shape_warn_v1,wrong entity class,WARN Order reference 465-83-9887 was replayed after a warehouse timeout. log_sequence=18339,BUSINESS_ID,SSN,"[21,32)","[21,32)",465-83-9887,465-83-9887,0.9954729676246643,
test,1291,synthetic-00012221,securelogx_custom_logs,order_reference_ssn_shape_warn_v1,wrong entity class,WARN Order reference 302-35-1477 was replayed after a warehouse timeout. log_sequence=12221,BUSINESS_ID,SSN,"[21,32)","[21,32)",302-35-1477,302-35-1477,0.9974102775255839,
test,1334,40783,gretel_finance_pii,,false positive,"-------------------------------------------------------------------------------------------------------------------
LATE FEE BREAKDOWN
-------------------------------------------------------------------------------------------------------------------

Account Holder: Dafne Roma-Vergara
Account Number: 1234-5678-9012-3456 (last four digits)

Statement Period: 01/01/2023 - 01/31/2023
Due Date: 02/28/2023

-------------------------------------------------------------------------------------------------------------------
TRANSACTION DETAILS
-------------------------------------------------------------------------------------------------------------------

| Date | Description | Amount (USD) | Status |
|------|-------------|--------------|--------|
| 01/15/2023 | Purchase at The Emporium | -50.00 | Pending |
| 01/20/2023 | Purchase at Groceries R Us | -87.95 | Pending |
| 01/25/2023 | Purchase at Online Shopping | -154.85 | Pending |
| 02/03/2023 | LATE PAYMENT | 35.00 | Applied |
| 02/03/2023 | LATE FEES | 35.00 | Applied |

-------------------------------------------------------------------------------------------------------------------
APPLIED LATE FEES
-------------------------------------------------------------------------------------------------------------------

| Type | Amount (USD) | Date |
|------|--------------|------|
| Late Payment | 35.00 | 02/03/2023 |
| Late Fees | 35.00 | 02/03/2023 |

-------------------------------------------------------------------------------------------------------------------
CURRENT AMOUNT DUE
-------------------------------------------------------------------------------------------------------------------

| Total |
|-------|
| 35.00 |

-------------------------------------------------------------------------------------------------------------------
CONTACT INFORMATION
-------------------------------------------------------------------------------------------------------------------

| Service | Address |
|---------|---------|
| Billing | ",,CREDIT_CARD_NUMBER,,"[303,322)",,1234-5678-9012-3456,0.9657117376724879,
test,1343,26759,gretel_finance_pii,,boundary-too-short,"Financial Aid Application

Emergency Fund Request

Applicant Details:

Full Name: Ties Brian Grondel
Date of Birth: DD/MM/YYYY
Customer ID: CUST64585866

Mailing Address:
256 Paseo de Francisco Javier Río, Apt. 15
City: [City Name]
Postcode: [Postcode]

Contact Information:
Email: [Email]
Phone: [Phone Number]

Education Details:
Name of Institution: [Institution Name]
Course of Study: [Course of Study]
Expected Graduation Date: DD/MM/YYYY

Emergency Fund Request Details:

Please describe the unexpected financial challenge you are facing:
I am writing to request financial assistance due to an unexpected financial challenge. Recently, I lost my part-time job due to the company downsizing, which has significantly impacted my ability to cover my living expenses and tuition fees. I have explored various options, including seeking additional part-time work, but due to the current economic climate, it has been challenging to find a suitable position.

Please explain the immediate need for financial assistance to continue education:
I am seeking emergency financial assistance to continue my education without interruption. The funds will be used to cover my tuition fees for the upcoming semester and help with my living expenses. I am committed to completing my education, and I am confident that with the right support, I will be able to overcome this financial setback and achieve my academic goals.

I understand that the provision of false or misleading information may result in the denial of financial aid and possible disciplinary action.

Signature: [Signature]
Date: DD/MM/YYYY",PERSON_NAME,PERSON_NAME,"[82,100)","[87,100)",Ties Brian Grondel,Brian Grondel,0.9963275641202927,
test,1345,synthetic-00008497,securelogx_custom_logs,order_reference_ssn_shape_warn_v1,wrong entity class,WARN Order reference 666-46-8250 was replayed after a warehouse timeout. log_sequence=8497,BUSINESS_ID,SSN,"[21,32)","[21,32)",666-46-8250,666-46-8250,0.9970054881913322,
test,1349,47711,gretel_finance_pii,,false negative,":20:OOFFXU123
:25:20230913
:28C:5244575WALBURGA STAHR-SCHULZ50942 BRYCE SPUR, LAKE MELISSAPORT
:60F:CAD
:61:1234567890/UFCBANXxx
:86:4
:62F:2023-09-13
:63F:2023-09-13
:64F:/
:65F:123456.78
:66F:CAD
:68F:2023-09-13
:69F:2023-09-13
:70:/
:71F:0.00
:72:/
:73F:0.00
:74F:0.00
:75F:0.00
:76T:CC
:77T:/
:86:4
:98A:UFCBANXxx5244575WALBURGA STAHR-SCHULZ50942 BRYCE SPUR, LAKE MELISSAPORTCAD123456.782023-09-132023-09-13
:98A:UFCBANXxx5244575WALBURGA STAHR-SCHULZ50942 BRYCE SPUR, LAKE MELISSAPORTCAD12345.672023-09-122023-09-12
:98A:UFCBANXxx5244575WALBURGA STAHR-SCHULZ50942 BRYCE SPUR, LAKE MELISSAPORTCAD15000.002023-09-102023-09",PERSON_NAME,,"[472,503)",,LAKE MELISSAPORTCAD12345.672023,,,0.022958225311413116
test,1349,47711,gretel_finance_pii,,false positive,":20:OOFFXU123
:25:20230913
:28C:5244575WALBURGA STAHR-SCHULZ50942 BRYCE SPUR, LAKE MELISSAPORT
:60F:CAD
:61:1234567890/UFCBANXxx
:86:4
:62F:2023-09-13
:63F:2023-09-13
:64F:/
:65F:123456.78
:66F:CAD
:68F:2023-09-13
:69F:2023-09-13
:70:/
:71F:0.00
:72:/
:73F:0.00
:74F:0.00
:75F:0.00
:76T:CC
:77T:/
:86:4
:98A:UFCBANXxx5244575WALBURGA STAHR-SCHULZ50942 BRYCE SPUR, LAKE MELISSAPORTCAD123456.782023-09-132023-09-13
:98A:UFCBANXxx5244575WALBURGA STAHR-SCHULZ50942 BRYCE SPUR, LAKE MELISSAPORTCAD12345.672023-09-122023-09-12
:98A:UFCBANXxx5244575WALBURGA STAHR-SCHULZ50942 BRYCE SPUR, LAKE MELISSAPORTCAD15000.002023-09-102023-09",,PERSON_NAME,,"[48,65)",,STAHR-SCHULZ50942,0.6562441358199487,
test,1349,47711,gretel_finance_pii,,false positive,":20:OOFFXU123
:25:20230913
:28C:5244575WALBURGA STAHR-SCHULZ50942 BRYCE SPUR, LAKE MELISSAPORT
:60F:CAD
:61:1234567890/UFCBANXxx
:86:4
:62F:2023-09-13
:63F:2023-09-13
:64F:/
:65F:123456.78
:66F:CAD
:68F:2023-09-13
:69F:2023-09-13
:70:/
:71F:0.00
:72:/
:73F:0.00
:74F:0.00
:75F:0.00
:76T:CC
:77T:/
:86:4
:98A:UFCBANXxx5244575WALBURGA STAHR-SCHULZ50942 BRYCE SPUR, LAKE MELISSAPORTCAD123456.782023-09-132023-09-13
:98A:UFCBANXxx5244575WALBURGA STAHR-SCHULZ50942 BRYCE SPUR, LAKE MELISSAPORTCAD12345.672023-09-122023-09-12
:98A:UFCBANXxx5244575WALBURGA STAHR-SCHULZ50942 BRYCE SPUR, LAKE MELISSAPORTCAD15000.002023-09-102023-09",,PERSON_NAME,,"[335,336)",,A,0.48352646827697754,
test,1349,47711,gretel_finance_pii,,false positive,":20:OOFFXU123
:25:20230913
:28C:5244575WALBURGA STAHR-SCHULZ50942 BRYCE SPUR, LAKE MELISSAPORT
:60F:CAD
:61:1234567890/UFCBANXxx
:86:4
:62F:2023-09-13
:63F:2023-09-13
:64F:/
:65F:123456.78
:66F:CAD
:68F:2023-09-13
:69F:2023-09-13
:70:/
:71F:0.00
:72:/
:73F:0.00
:74F:0.00
:75F:0.00
:76T:CC
:77T:/
:86:4
:98A:UFCBANXxx5244575WALBURGA STAHR-SCHULZ50942 BRYCE SPUR, LAKE MELISSAPORTCAD123456.782023-09-132023-09-13
:98A:UFCBANXxx5244575WALBURGA STAHR-SCHULZ50942 BRYCE SPUR, LAKE MELISSAPORTCAD12345.672023-09-122023-09-12
:98A:UFCBANXxx5244575WALBURGA STAHR-SCHULZ50942 BRYCE SPUR, LAKE MELISSAPORTCAD15000.002023-09-102023-09",,PERSON_NAME,,"[337,338)",,R,0.5738947987556458,
test,1349,47711,gretel_finance_pii,,false positive,":20:OOFFXU123
:25:20230913
:28C:5244575WALBURGA STAHR-SCHULZ50942 BRYCE SPUR, LAKE MELISSAPORT
:60F:CAD
:61:1234567890/UFCBANXxx
:86:4
:62F:2023-09-13
:63F:2023-09-13
:64F:/
:65F:123456.78
:66F:CAD
:68F:2023-09-13
:69F:2023-09-13
:70:/
:71F:0.00
:72:/
:73F:0.00
:74F:0.00
:75F:0.00
:76T:CC
:77T:/
:86:4
:98A:UFCBANXxx5244575WALBURGA STAHR-SCHULZ50942 BRYCE SPUR, LAKE MELISSAPORTCAD123456.782023-09-132023-09-13
:98A:UFCBANXxx5244575WALBURGA STAHR-SCHULZ50942 BRYCE SPUR, LAKE MELISSAPORTCAD12345.672023-09-122023-09-12
:98A:UFCBANXxx5244575WALBURGA STAHR-SCHULZ50942 BRYCE SPUR, LAKE MELISSAPORTCAD15000.002023-09-102023-09",,PERSON_NAME,,"[341,350)",,HULZ50942,0.5502958978925433,
test,1368,synthetic-00011955,securelogx_custom_logs,order_reference_ssn_shape_warn_v1,wrong entity class,WARN Order reference 564-88-1017 was replayed after a warehouse timeout. log_sequence=11955,BUSINESS_ID,SSN,"[21,32)","[21,32)",564-88-1017,564-88-1017,0.9975060990878514,
test,1381,32989,gretel_finance_pii,,boundary-too-short,"Biometric Trade Confirmation

Trade Date: 06/14/2022
Security: ABC Tech Inc. (ABCT)
Quantity: 500 shares
Price: $120.50 per share

Dear Billy Moore,

We are pleased to confirm the successful execution of your recent trade. This confirmation serves as your formal record of the transaction.

Trade Details:
- Trade Date: 06/14/2022
- Security: ABC Tech Inc. (ABCT)
- Quantity: 500 shares
- Price: $120.50 per share

Settlement Instructions:
In accordance with our standard procedures, the securities and funds will be settled as follows:
- Securities Delivery: 75899 Webb Gateway, Apt. 64712, [City], [State], [Zip Code]
- Payment: Credit Card Number **** 4840 1348 4492 9367

Biometric Confirmation:
To further ensure the security and integrity of this transaction, we have utilized biometric authentication technology to validate and confirm the trade details using your unique biological traits. This added layer of security provides enhanced protection for your financial information.

Should you have any questions or require additional information, please do not hesitate to contact us.

Sincerely,

[Your Name]
[Your Title]
[Your Company]
[Your Company's Contact Information]",CREDIT_CARD_NUMBER,CREDIT_CARD_NUMBER,"[650,674)","[655,674)",**** 4840 1348 4492 9367,4840 1348 4492 9367,0.967297500371933,
test,1386,35204,gretel_finance_pii,,boundary-too-short,"Dear Lina Vilanova,

We hope this message finds you well. As a valued policyholder with us, we would like to take a moment to detail the procedure for submitting and receiving reimbursement for covered claims and expenses.

To begin the claims reimbursement procedure, please ensure that you have all necessary documentation and receipts related to the expense. This may include invoices, medical bills, or repair estimates. Once you have gathered all necessary paperwork, you may submit your claim through one of the following methods:

1. Email: You may send scanned or digital copies of your documents to [claims@exampleinsurance.com](mailto:claims@exampleinsurance.com). Please be sure to include your policy number, which can be found in the top right corner of your policy documents, in the subject line of your email.
2. Mail: You may also send physical copies of your documents to the following address:

Example Insurance
Attn: Claims Department
27618 Monique Via
",STREET_ADDRESS,STREET_ADDRESS,"[955,972)","[955,957)",27618 Monique Via,27,0.5091449022293091,
test,1391,9887,gretel_finance_pii,,wrong entity class,"BAI2File
Version=""2.3""
:Record:1:
:Type:2::
:Format:10::
:BankID:123456789::
:FillCode:0001::
:Ref:1::
:DFIAccountNumber:1234567890::
:FIId:123456::
:RDFIID:987654::
:RDFIName:GlobalBank::
:RDFIRef:12345::
:FileDate:20220222::
:Record:2:
:Type:10::
:Format:1::
:DFIAccountNumber:1234567890::
:AcctNumber:555555555::
:AcctName:Michele M. Montalcini::
:Address1:5 Clayton Forge::
:City:London::
:State:LND::
:ZipCode:EC1A 1DD::
:Country:United Kingdom::
:Record:3:
:Type:11::
:Format:1::
:DFIAccountNumber:1234567890::
:AcctNumber:555555555::
:AcctName:Michele M. Montalcini::
:Address1:5 Clayton Forge::
:City:London::
:State:LND::
:ZipCode:EC1A 1DD::
:Country:United Kingdom::
:Record:4:
:Type:20::
:Format:1::
:DFIAccountNumber:1234567890::
:AcctNumber:555555555::
:AcctName:Michele M. Montalcini::
:Address1:5 Clayton Forge::
:City:London::
:State:LND::
:ZipCode:EC1A 1DD::
:Country:United Kingdom::
:Record:99:
:Type:99::
:Format:1::
:DFIAccountNumber:1234",PERSON_NAME,STREET_ADDRESS,"[362,375)","[360,375)",Clayton Forge,5 Clayton Forge,0.8255921602249146,
test,1391,9887,gretel_finance_pii,,false positive,"BAI2File
Version=""2.3""
:Record:1:
:Type:2::
:Format:10::
:BankID:123456789::
:FillCode:0001::
:Ref:1::
:DFIAccountNumber:1234567890::
:FIId:123456::
:RDFIID:987654::
:RDFIName:GlobalBank::
:RDFIRef:12345::
:FileDate:20220222::
:Record:2:
:Type:10::
:Format:1::
:DFIAccountNumber:1234567890::
:AcctNumber:555555555::
:AcctName:Michele M. Montalcini::
:Address1:5 Clayton Forge::
:City:London::
:State:LND::
:ZipCode:EC1A 1DD::
:Country:United Kingdom::
:Record:3:
:Type:11::
:Format:1::
:DFIAccountNumber:1234567890::
:AcctNumber:555555555::
:AcctName:Michele M. Montalcini::
:Address1:5 Clayton Forge::
:City:London::
:State:LND::
:ZipCode:EC1A 1DD::
:Country:United Kingdom::
:Record:4:
:Type:20::
:Format:1::
:DFIAccountNumber:1234567890::
:AcctNumber:555555555::
:AcctName:Michele M. Montalcini::
:Address1:5 Clayton Forge::
:City:London::
:State:LND::
:ZipCode:EC1A 1DD::
:Country:United Kingdom::
:Record:99:
:Type:99::
:Format:1::
:DFIAccountNumber:1234",,STREET_ADDRESS,,"[585,600)",,5 Clayton Forge,0.8377396464347839,
test,1391,9887,gretel_finance_pii,,false positive,"BAI2File
Version=""2.3""
:Record:1:
:Type:2::
:Format:10::
:BankID:123456789::
:FillCode:0001::
:Ref:1::
:DFIAccountNumber:1234567890::
:FIId:123456::
:RDFIID:987654::
:RDFIName:GlobalBank::
:RDFIRef:12345::
:FileDate:20220222::
:Record:2:
:Type:10::
:Format:1::
:DFIAccountNumber:1234567890::
:AcctNumber:555555555::
:AcctName:Michele M. Montalcini::
:Address1:5 Clayton Forge::
:City:London::
:State:LND::
:ZipCode:EC1A 1DD::
:Country:United Kingdom::
:Record:3:
:Type:11::
:Format:1::
:DFIAccountNumber:1234567890::
:AcctNumber:555555555::
:AcctName:Michele M. Montalcini::
:Address1:5 Clayton Forge::
:City:London::
:State:LND::
:ZipCode:EC1A 1DD::
:Country:United Kingdom::
:Record:4:
:Type:20::
:Format:1::
:DFIAccountNumber:1234567890::
:AcctNumber:555555555::
:AcctName:Michele M. Montalcini::
:Address1:5 Clayton Forge::
:City:London::
:State:LND::
:ZipCode:EC1A 1DD::
:Country:United Kingdom::
:Record:99:
:Type:99::
:Format:1::
:DFIAccountNumber:1234",,STREET_ADDRESS,,"[810,825)",,5 Clayton Forge,0.835737869143486,
test,1398,40179,gretel_finance_pii,,boundary-too-short,"CLEARING ADDENDUM

This Clearing Addendum (the ""Addendum"") is entered into as of [Insert Date] (the ""Effective Date"") by and between [Insert Clearing House], a [Insert Jurisdiction] corporation with its head office located at [Insert Address] (the ""Clearing House""), and [Insert Counterparty], a [Insert Jurisdiction] corporation with its head office located at 42805 Melendez Camp, Gregoryside (the ""Counterparty"").

WHEREAS, the Counterparty and the Clearing House have entered into an ISDA Master Agreement, dated as of [Insert Date] (the ""ISDA Master Agreement""); and

WHEREAS, the parties desire to set forth the additional terms and conditions applicable to Cleared Transactions (as defined below) entered into between the parties in accordance with the ISDA Master Agreement;

NOW, THEREFORE, in consideration of the mutual covenants and agreements contained herein and for other good and valuable consideration, the receipt and sufficiency of which is hereby acknowledged, the parties agree as follows:

1. DEFINITIONS

""Cleared Transaction"" means any transaction cleared through the Clearing House in accordance with the rules and procedures of the Clearing House.

2. CREDIT SUPPORT

2.1 The parties agree that the provisions of Section 2 (Credit Support) of the ISDA Master Agreement shall not apply to Cleared Transactions.

2.2 In respect of each Cleared Transaction, the parties shall comply with the credit support provisions set forth in the rules and procedures of the Clearing House.

3. EVENTS OF DEFAULT

3.1 The parties agree that the provisions of Section 5 (Events of Default) of the ISDA Master Agreement shall not apply to Cleared Transactions.

3.2 In respect of each Cleared Transaction, the parties shall comply with the events of default provisions set forth in the rules and procedures of the Clearing House.

4. GOVERNING LAW

This Addendum shall be governed by and construed in accordance with the laws of the jurisdiction in which the Clearing House is located.

5. MISCELLANEOUS

5.1 This Addendum may not be amended or modified except by a writing",STREET_ADDRESS,STREET_ADDRESS,"[226,242)","[229,241)",[Insert Address],sert Address,0.6820668876171112,
test,1398,40179,gretel_finance_pii,,false negative,"CLEARING ADDENDUM

This Clearing Addendum (the ""Addendum"") is entered into as of [Insert Date] (the ""Effective Date"") by and between [Insert Clearing House], a [Insert Jurisdiction] corporation with its head office located at [Insert Address] (the ""Clearing House""), and [Insert Counterparty], a [Insert Jurisdiction] corporation with its head office located at 42805 Melendez Camp, Gregoryside (the ""Counterparty"").

WHEREAS, the Counterparty and the Clearing House have entered into an ISDA Master Agreement, dated as of [Insert Date] (the ""ISDA Master Agreement""); and

WHEREAS, the parties desire to set forth the additional terms and conditions applicable to Cleared Transactions (as defined below) entered into between the parties in accordance with the ISDA Master Agreement;

NOW, THEREFORE, in consideration of the mutual covenants and agreements contained herein and for other good and valuable consideration, the receipt and sufficiency of which is hereby acknowledged, the parties agree as follows:

1. DEFINITIONS

""Cleared Transaction"" means any transaction cleared through the Clearing House in accordance with the rules and procedures of the Clearing House.

2. CREDIT SUPPORT

2.1 The parties agree that the provisions of Section 2 (Credit Support) of the ISDA Master Agreement shall not apply to Cleared Transactions.

2.2 In respect of each Cleared Transaction, the parties shall comply with the credit support provisions set forth in the rules and procedures of the Clearing House.

3. EVENTS OF DEFAULT

3.1 The parties agree that the provisions of Section 5 (Events of Default) of the ISDA Master Agreement shall not apply to Cleared Transactions.

3.2 In respect of each Cleared Transaction, the parties shall comply with the events of default provisions set forth in the rules and procedures of the Clearing House.

4. GOVERNING LAW

This Addendum shall be governed by and construed in accordance with the laws of the jurisdiction in which the Clearing House is located.

5. MISCELLANEOUS

5.1 This Addendum may not be amended or modified except by a writing",PERSON_NAME,,"[271,292)",,[Insert Counterparty],,,0.17045996943488717
test,1401,synthetic-00005571,securelogx_custom_logs,order_reference_ssn_shape_warn_v1,wrong entity class,WARN Order reference 719-48-8331 was replayed after a warehouse timeout. log_sequence=5571,BUSINESS_ID,SSN,"[21,32)","[21,32)",719-48-8331,719-48-8331,0.9972567898886544,
test,1403,54462,gretel_finance_pii,,boundary-too-long,"Ignazio Gianpietro Bertolucci Real Estate Financial Statement
As of 08:06 AM, January 1, 2023

I. Balance Sheet

Assets:
- Property, 79830 Brandy Rest, New Alejandra, Watts: $1,500,000
- Cash and Cash Equivalents: $250,000
- Accounts Receivable: $125,000
- Total Assets: $1,875,000

Liabilities:
- Accounts Payable: $50,000
- Mortgage Payable: $800,000
- Total Liabilities: $850,000

Equity:
- Owner's Equity: $1,025,000

II. Income Statement

Rental Income: $180,000
Operating Expenses:
- Maintenance and Repairs: $15,000
- Property Taxes: $20,000
- Insurance: $10,000
- Total Operating Expenses: $45,000

Operating Income: $135,000

III. Cash Flow

Cash Inflow:
- Rental Income: $180,000
- Proceeds from Sale of Assets: $0
- Total Cash Inflow: $180,000

Cash Outflow:
- Purchase of Assets: $0
- Capital Expenditures: $10,000
- Principal Repayment: $50,000
- Interest Payment: $20,000
- Total Cash Outflow: $80,000

Net Cash Flow: $100,000

This financial statement provides an overview of the real estate holdings and financial performance of Ignazio Gianpietro Bertolucci as of 08:06 AM, January 1, 2023. The statement includes a balance sheet, income statement, and cash flow statement. The property, located at ",STREET_ADDRESS,STREET_ADDRESS,"[133,165)","[133,172)","79830 Brandy Rest, New Alejandra","79830 Brandy Rest, New Alejandra, Watts",0.9804804416803213,
test,1403,54462,gretel_finance_pii,,false negative,"Ignazio Gianpietro Bertolucci Real Estate Financial Statement
As of 08:06 AM, January 1, 2023

I. Balance Sheet

Assets:
- Property, 79830 Brandy Rest, New Alejandra, Watts: $1,500,000
- Cash and Cash Equivalents: $250,000
- Accounts Receivable: $125,000
- Total Assets: $1,875,000

Liabilities:
- Accounts Payable: $50,000
- Mortgage Payable: $800,000
- Total Liabilities: $850,000

Equity:
- Owner's Equity: $1,025,000

II. Income Statement

Rental Income: $180,000
Operating Expenses:
- Maintenance and Repairs: $15,000
- Property Taxes: $20,000
- Insurance: $10,000
- Total Operating Expenses: $45,000

Operating Income: $135,000

III. Cash Flow

Cash Inflow:
- Rental Income: $180,000
- Proceeds from Sale of Assets: $0
- Total Cash Inflow: $180,000

Cash Outflow:
- Purchase of Assets: $0
- Capital Expenditures: $10,000
- Principal Repayment: $50,000
- Interest Payment: $20,000
- Total Cash Outflow: $80,000

Net Cash Flow: $100,000

This financial statement provides an overview of the real estate holdings and financial performance of Ignazio Gianpietro Bertolucci as of 08:06 AM, January 1, 2023. The statement includes a balance sheet, income statement, and cash flow statement. The property, located at ",PERSON_NAME,,"[167,172)",,Watts,,,0.000760622147936374
test,1433,synthetic-00006635,securelogx_custom_logs,order_reference_ssn_shape_warn_v1,wrong entity class,WARN Order reference 499-15-6289 was replayed after a warehouse timeout. log_sequence=6635,BUSINESS_ID,SSN,"[21,32)","[21,32)",499-15-6289,499-15-6289,0.9894102737307549,
test,1435,11538,gretel_finance_pii,,false negative,":20:MT300
:25:DEUTDEFFXXX
:20C:IRVTMTX
:50K:/CDRCDEFFXXXKJAKOBSSON49KLÄRE-WEIMER-ALLEEMEININGEN
:57A:KJAKOBSSON
:52A:350008590
:53A:20220323
:54A:MEUD
:56A:DEEUR
:58A:EUR100000,00
:59A:EUR100000,00
:60F:92403
:61F:123456
:62F:/
:64F:/
:71F:ABCDE1234567890
:72F:DEUTDEFFXXX
:86F:230322
:98A:DEUTDEFFXXX

This is a synthetic SWIFT MT300 message. It represents a foreign exchange transaction involving the currencies EUR and DEU. The exchange rate is 1:1, and the amount involved is 100000.00 EUR. The charges for the transaction are represented as 123456. The message includes a phone number (350008590), a name (Karl Jakobsson), and a street address (49 Kläre-Weimer-Allee, Meiningen) as Personally Identifiable Information (PII).",PHONE,,"[117,126)",,350008590,,,0.0008104394830297679
test,1435,11538,gretel_finance_pii,,false negative,":20:MT300
:25:DEUTDEFFXXX
:20C:IRVTMTX
:50K:/CDRCDEFFXXXKJAKOBSSON49KLÄRE-WEIMER-ALLEEMEININGEN
:57A:KJAKOBSSON
:52A:350008590
:53A:20220323
:54A:MEUD
:56A:DEEUR
:58A:EUR100000,00
:59A:EUR100000,00
:60F:92403
:61F:123456
:62F:/
:64F:/
:71F:ABCDE1234567890
:72F:DEUTDEFFXXX
:86F:230322
:98A:DEUTDEFFXXX

This is a synthetic SWIFT MT300 message. It represents a foreign exchange transaction involving the currencies EUR and DEU. The exchange rate is 1:1, and the amount involved is 100000.00 EUR. The charges for the transaction are represented as 123456. The message includes a phone number (350008590), a name (Karl Jakobsson), and a street address (49 Kläre-Weimer-Allee, Meiningen) as Personally Identifiable Information (PII).",PHONE,,"[591,600)",,350008590,,,0.3565955340862274
test,1442,synthetic-00006369,securelogx_custom_logs,order_reference_ssn_shape_warn_v1,wrong entity class,WARN Order reference 504-10-6476 was replayed after a warehouse timeout. log_sequence=6369,BUSINESS_ID,SSN,"[21,32)","[21,32)",504-10-6476,504-10-6476,0.9841248765587807,
test,1443,35220,gretel_finance_pii,,false positive,"Cryptocurrency Transaction Report

Transaction ID, Timestamp, Wallet Address, Type, Amount, Company

1, 2022-01-01T12:34:56, 0x1234567890abcdef, Deposit, 5000, Yoder, Flores and Trujillo
2, 2022-01-02T10:11:12, 0x2345678901abcdef, Withdrawal, 3000, Yoder, Flores and Trujillo
3, 2022-01-03T09:22:34, 0x3456789012abcdef, Trade, 2500, Yoder, Flores and Trujillo
4, 2022-01-04T08:35:56, 0x4567890123abcdef, Deposit, 7000, Yoder, Flores and Trujillo
5, 2022-01-05T07:47:12, 0x5678901234abcdef, Withdrawal, 4000, Yoder, Flores and Trujillo

Note: The above report details the cryptocurrency transactions made by Thibault A. Couturier with the company Yoder, Flores and Trujillo. The transactions include deposits, withdrawals, and trades, along with the corresponding amounts and timestamps. The wallet addresses have been obfuscated for security reasons.

Address: 274 Steven Rue, South Eric",,PERSON_NAME,,"[179,181)",,ru,0.6453613638877869,
test,1443,35220,gretel_finance_pii,,false positive,"Cryptocurrency Transaction Report

Transaction ID, Timestamp, Wallet Address, Type, Amount, Company

1, 2022-01-01T12:34:56, 0x1234567890abcdef, Deposit, 5000, Yoder, Flores and Trujillo
2, 2022-01-02T10:11:12, 0x2345678901abcdef, Withdrawal, 3000, Yoder, Flores and Trujillo
3, 2022-01-03T09:22:34, 0x3456789012abcdef, Trade, 2500, Yoder, Flores and Trujillo
4, 2022-01-04T08:35:56, 0x4567890123abcdef, Deposit, 7000, Yoder, Flores and Trujillo
5, 2022-01-05T07:47:12, 0x5678901234abcdef, Withdrawal, 4000, Yoder, Flores and Trujillo

Note: The above report details the cryptocurrency transactions made by Thibault A. Couturier with the company Yoder, Flores and Trujillo. The transactions include deposits, withdrawals, and trades, along with the corresponding amounts and timestamps. The wallet addresses have been obfuscated for security reasons.

Address: 274 Steven Rue, South Eric",,PERSON_NAME,,"[183,186)",,llo,0.5277420878410339,
test,1449,synthetic-00010625,securelogx_custom_logs,order_reference_ssn_shape_warn_v1,wrong entity class,WARN Order reference 410-74-8992 was replayed after a warehouse timeout. log_sequence=10625,BUSINESS_ID,SSN,"[21,32)","[21,32)",410-74-8992,410-74-8992,0.998065207685743,
test,1452,synthetic-00022063,securelogx_custom_logs,order_reference_ssn_shape_warn_v1,wrong entity class,WARN Order reference 658-18-6738 was replayed after a warehouse timeout. log_sequence=22063,BUSINESS_ID,SSN,"[21,32)","[21,32)",658-18-6738,658-18-6738,0.996775780405317,
test,1462,synthetic-00005837,securelogx_custom_logs,order_reference_ssn_shape_warn_v1,wrong entity class,WARN Order reference 865-96-2573 was replayed after a warehouse timeout. log_sequence=5837,BUSINESS_ID,SSN,"[21,32)","[21,32)",865-96-2573,865-96-2573,0.9942574160439628,
test,1473,45416,gretel_finance_pii,,false negative,"COLD CHAIN LOGISTICS SERVICE AGREEMENT

This Cold Chain Logistics Service Agreement (the ""Agreement"") is entered into and effective as of [Effective Date] (the ""Effective Date"") by and between [Shipper Name], a company organized and existing under the laws of [Shipper Jurisdiction] with its principal place of business at [Shipper Address] (""Shipper""), and [Service Provider Name], a company organized and existing under the laws of [Service Provider Jurisdiction] with its principal place of business at [Service Provider Address] (""Service Provider""). Shipper and Service Provider may be referred to herein individually as a ""Party"" or collectively as the ""Parties.""

WHEREAS, Shipper desires to engage Service Provider to provide cold chain logistics services in connection with the transportation, handling, and storage of Perishable Goods (as defined below), and Service Provider is willing to provide such services, subject to the terms and conditions set forth herein;

NOW, THEREFORE, in consideration of the mutual covenants, representations, warranties, and conditions contained herein, the Parties agree as follows:

1. DEFINITIONS

""Affiliate"" means, with respect to a Party, any entity that directly or indirectly controls, is controlled by, or is under common control with such Party.

""Confidential Information"" has the meaning set forth in Section 12.

""Perishable Goods"" means any goods or products designated as such by Shipper, which require temperature-controlled transportation, handling, and/or storage to maintain their quality, safety, and/or efficacy, including, without limitation, pharmaceuticals, biological materials, food products, and chemicals.

""Temperature Control Standards"" means the temperature ranges and control requirements for the Perishable Goods as specified by Shipper from time to time.

2. SCOPE OF SERVICES

2.1 Service Provider shall provide cold chain logistics services to Shipper in connection with the transportation, handling, and storage of Perishable Goods, including, without limitation:

(a) arranging for the transportation of Perishable Goods by qualified carriers;

(b) providing temperature-controlled storage facilities for Perishable Goods;
",STREET_ADDRESS,,"[323,340)",,[Shipper Address],,,0.18909436091780663
test,1473,45416,gretel_finance_pii,,false negative,"COLD CHAIN LOGISTICS SERVICE AGREEMENT

This Cold Chain Logistics Service Agreement (the ""Agreement"") is entered into and effective as of [Effective Date] (the ""Effective Date"") by and between [Shipper Name], a company organized and existing under the laws of [Shipper Jurisdiction] with its principal place of business at [Shipper Address] (""Shipper""), and [Service Provider Name], a company organized and existing under the laws of [Service Provider Jurisdiction] with its principal place of business at [Service Provider Address] (""Service Provider""). Shipper and Service Provider may be referred to herein individually as a ""Party"" or collectively as the ""Parties.""

WHEREAS, Shipper desires to engage Service Provider to provide cold chain logistics services in connection with the transportation, handling, and storage of Perishable Goods (as defined below), and Service Provider is willing to provide such services, subject to the terms and conditions set forth herein;

NOW, THEREFORE, in consideration of the mutual covenants, representations, warranties, and conditions contained herein, the Parties agree as follows:

1. DEFINITIONS

""Affiliate"" means, with respect to a Party, any entity that directly or indirectly controls, is controlled by, or is under common control with such Party.

""Confidential Information"" has the meaning set forth in Section 12.

""Perishable Goods"" means any goods or products designated as such by Shipper, which require temperature-controlled transportation, handling, and/or storage to maintain their quality, safety, and/or efficacy, including, without limitation, pharmaceuticals, biological materials, food products, and chemicals.

""Temperature Control Standards"" means the temperature ranges and control requirements for the Perishable Goods as specified by Shipper from time to time.

2. SCOPE OF SERVICES

2.1 Service Provider shall provide cold chain logistics services to Shipper in connection with the transportation, handling, and storage of Perishable Goods, including, without limitation:

(a) arranging for the transportation of Perishable Goods by qualified carriers;

(b) providing temperature-controlled storage facilities for Perishable Goods;
",STREET_ADDRESS,,"[506,532)",,[Service Provider Address],,,0.20214938558638096
test,1473,45416,gretel_finance_pii,,false positive,"COLD CHAIN LOGISTICS SERVICE AGREEMENT

This Cold Chain Logistics Service Agreement (the ""Agreement"") is entered into and effective as of [Effective Date] (the ""Effective Date"") by and between [Shipper Name], a company organized and existing under the laws of [Shipper Jurisdiction] with its principal place of business at [Shipper Address] (""Shipper""), and [Service Provider Name], a company organized and existing under the laws of [Service Provider Jurisdiction] with its principal place of business at [Service Provider Address] (""Service Provider""). Shipper and Service Provider may be referred to herein individually as a ""Party"" or collectively as the ""Parties.""

WHEREAS, Shipper desires to engage Service Provider to provide cold chain logistics services in connection with the transportation, handling, and storage of Perishable Goods (as defined below), and Service Provider is willing to provide such services, subject to the terms and conditions set forth herein;

NOW, THEREFORE, in consideration of the mutual covenants, representations, warranties, and conditions contained herein, the Parties agree as follows:

1. DEFINITIONS

""Affiliate"" means, with respect to a Party, any entity that directly or indirectly controls, is controlled by, or is under common control with such Party.

""Confidential Information"" has the meaning set forth in Section 12.

""Perishable Goods"" means any goods or products designated as such by Shipper, which require temperature-controlled transportation, handling, and/or storage to maintain their quality, safety, and/or efficacy, including, without limitation, pharmaceuticals, biological materials, food products, and chemicals.

""Temperature Control Standards"" means the temperature ranges and control requirements for the Perishable Goods as specified by Shipper from time to time.

2. SCOPE OF SERVICES

2.1 Service Provider shall provide cold chain logistics services to Shipper in connection with the transportation, handling, and storage of Perishable Goods, including, without limitation:

(a) arranging for the transportation of Perishable Goods by qualified carriers;

(b) providing temperature-controlled storage facilities for Perishable Goods;
",,PERSON_NAME,,"[367,381)",,Provider Name],0.6188337683677674,
test,1478,5792,gretel_finance_pii,,wrong entity class,"Financial Aid Application - Grants for Academic Excellence

Full Name: Estrella Llorente
Date: 01/10/2022

Contact Information:
Street Address: 254 Geißlergasse
City: 
Postcode: 
Country: United Kingdom
Phone Number: 
Email Address:

Education Details:
Name of School: 
Address: 
Dates Attended: From - To
Highest Level of Education: 
GPA: 

Financial Details:
Bank Account Number: 91441989613249342245340
Bank Name: 
Branch Name: 
Swift Code: 

Statement of Purpose:
I, Estrella Llorente, am applying for the Grants for Academic Excellence to further my educational and career goals. I have consistently maintained an excellent academic record throughout my academic journey. This grant will provide me with the necessary financial support to continue my education and achieve my dreams. I am confident that the knowledge and skills I acquire from my education will enable me to contribute positively to society and make a difference in my chosen field. I am grateful for the opportunity to apply for this grant, and I look forward to the possibility of being a recipient.

Declaration:
I hereby declare that all the information provided in this application is true and correct to the best of my knowledge. I understand that any false or misleading information may lead to disqualification from the grant program.

Signature: Estrella Llorente
Date: 01/10/2022",BANK_ACCOUNT_NUMBER,CREDIT_CARD_NUMBER,"[382,405)","[382,405)",91441989613249342245340,91441989613249342245340,0.95939987046378,
test,1480,4272,gretel_finance_pii,,false negative,"Derivatives Investment Disclosure Statement

This Derivatives Investment Disclosure Statement provides important information about the features, risks, and costs of the derivative products offered by our firm. It is essential that you read and understand this document before making any investment decisions.

Product Description

Our firm offers a range of derivative products, including options and futures contracts, to help our clients manage their investment risks and achieve their financial goals. Below are some examples of the derivative products we offer:

1. Call Options: A call option is a contract that gives the holder the right, but not the obligation, to buy an underlying asset at a predetermined price (strike price) on or before a specific date (expiration date). For example, Quinten S. Coreth von und zu Coredo und Starkenberg may purchase a call option for 100 shares of XYZ Corporation with a strike price of £50 and an expiration date of March 31, 2023.
2. Put Options: A put option is a contract that gives the holder the right, but not the obligation, to sell an underlying asset at a predetermined price (strike price) on or before a specific date (expiration date). For example, Rowe may purchase a put option for 100 shares of ABC Corporation with a strike price of £80 and an expiration date of June 30, 2023.
3. Futures Contracts: A futures contract is a legal agreement to buy or sell a particular asset at a predetermined price at a specified time in the future. For example, Quinten S. Coreth von und zu Coredo und Starkenberg may enter into a futures contract to buy 100 shares of XYZ Corporation at a price of £50 per share on March 31, 2023.

Risks and Costs

Investing in derivative products involves significant risks, including the risk of loss of the entire amount invested. The following are some of the risks and costs associated with investing in derivative products:

1. Market Risk: The value of a derivative product may fluctuate due to changes in the market price of the underlying asset. This risk is particularly high for options and futures contracts, which are subject to leverage and margin requirements.
2. Counter",PERSON_NAME,,"[1208,1212)",,Rowe,,,0.3104797899723053
test,1486,synthetic-00023393,securelogx_custom_logs,order_reference_ssn_shape_warn_v1,wrong entity class,WARN Order reference 970-62-9813 was replayed after a warehouse timeout. log_sequence=23393,BUSINESS_ID,SSN,"[21,32)","[21,32)",970-62-9813,970-62-9813,0.9558241707938058,
test,1489,18203,gretel_finance_pii,,wrong entity class,"BAISET,C,113,20220615,133334.000
C,50682949522561442201,Ayoub Weijland-van Dillen,9,rue Vincent,GB,London,SW1A 2DX,0000000000,0000000000,CASH_CONCENTRATION,20220615,133334.000,1000000.000,1000000.000,0.000,0.000,0.000,0.000,0.000,0.000,0.000,0.000,0.000,0.000,0.000,0.000,0.000,0.000,0.000,0.000,0.000,0.000,0.000,0.000,0.000,0.000,0.000,0.000,0.000,0.000,0.000,0.000,0.000,0.000,0.000,0.000,0.000,0.000,0.000,0.000,0.000,0.000,0.000,0.000,0.000,0.000,0.000,0.000,0.000,0.000,0.000,0.000,0.000,0.000,0.000,0.000,0.000,0.000,0.000,0.000,0.000,0.000,0.000,",BANK_ACCOUNT_NUMBER,CREDIT_CARD_NUMBER,"[35,55)","[35,55)",50682949522561442201,50682949522561442201,0.7564082869461605,
test,1489,18203,gretel_finance_pii,,false positive,"BAISET,C,113,20220615,133334.000
C,50682949522561442201,Ayoub Weijland-van Dillen,9,rue Vincent,GB,London,SW1A 2DX,0000000000,0000000000,CASH_CONCENTRATION,20220615,133334.000,1000000.000,1000000.000,0.000,0.000,0.000,0.000,0.000,0.000,0.000,0.000,0.000,0.000,0.000,0.000,0.000,0.000,0.000,0.000,0.000,0.000,0.000,0.000,0.000,0.000,0.000,0.000,0.000,0.000,0.000,0.000,0.000,0.000,0.000,0.000,0.000,0.000,0.000,0.000,0.000,0.000,0.000,0.000,0.000,0.000,0.000,0.000,0.000,0.000,0.000,0.000,0.000,0.000,0.000,0.000,0.000,0.000,0.000,0.000,0.000,0.000,0.000,",,STREET_ADDRESS,,"[82,96)",,"9,rue Vincent,",0.8185656189918518,
test,1514,35438,gretel_finance_pii,,false positive,"----------------------------------------------------------------------------------------------------------------------------------
Customer Support Conversational Log
----------------------------------------------------------------------------------------------------------------------------------
| Timestamp | Customer Details | Agent Response |
----------------------------------------------------------------------------------------------------------------------------------
| 10:00:00 | Name: John Doe, Email: johndoe@example.com, Phone: 123-456-7890 | Hello John, welcome to ExamplSupport. I understand you're experiencing network issues. I'll be happy to help you troubleshoot them. Could you please tell me more about the problem? |
| 10:01:00 | | John: Yes, I'm unable to connect to the internet. My laptop shows 'Limited' connection. |
| 10:02:00 | | Agent: I see. Let's try restarting your network device. Please follow these steps:
1. Click the Windows Start button.
2. Type 'Command Prompt' and open it as an administrator.
3. Type 'ipconfig /release' and press Enter.
4. Type 'ipconfig /renew' and press Enter.
5. Close the Command Prompt and restart your network device. |
| 10:05:00 | | John: I've done that, but it didn't help. |
| 10:06:00 | | Agent: I apologize for the inconvenience. Let's try releasing and renewing your IP address manually.
1. Click the network icon in the taskbar.
2. Right-click on your network and select 'Open Network & Internet Settings'.
3. Click 'Change adapter options'.
4. Right-click on your network and select 'Properties'.
5. Double-click 'Internet Protocol Version 4 (TCP/IPv4)'.
6. Select 'Use the following IP address' and enter the following details:
- IP address: 192.168.1.x (x can be any number from 2 to 255, but make sure it's not in use)
- Subnet mask: 255.255.255.0
- Default gateway: 192.168.1.",,PHONE,,"[543,555)",,123-456-7890,0.9396889635494777,
test,1514,35438,gretel_finance_pii,,false positive,"----------------------------------------------------------------------------------------------------------------------------------
Customer Support Conversational Log
----------------------------------------------------------------------------------------------------------------------------------
| Timestamp | Customer Details | Agent Response |
----------------------------------------------------------------------------------------------------------------------------------
| 10:00:00 | Name: John Doe, Email: johndoe@example.com, Phone: 123-456-7890 | Hello John, welcome to ExamplSupport. I understand you're experiencing network issues. I'll be happy to help you troubleshoot them. Could you please tell me more about the problem? |
| 10:01:00 | | John: Yes, I'm unable to connect to the internet. My laptop shows 'Limited' connection. |
| 10:02:00 | | Agent: I see. Let's try restarting your network device. Please follow these steps:
1. Click the Windows Start button.
2. Type 'Command Prompt' and open it as an administrator.
3. Type 'ipconfig /release' and press Enter.
4. Type 'ipconfig /renew' and press Enter.
5. Close the Command Prompt and restart your network device. |
| 10:05:00 | | John: I've done that, but it didn't help. |
| 10:06:00 | | Agent: I apologize for the inconvenience. Let's try releasing and renewing your IP address manually.
1. Click the network icon in the taskbar.
2. Right-click on your network and select 'Open Network & Internet Settings'.
3. Click 'Change adapter options'.
4. Right-click on your network and select 'Properties'.
5. Double-click 'Internet Protocol Version 4 (TCP/IPv4)'.
6. Select 'Use the following IP address' and enter the following details:
- IP address: 192.168.1.x (x can be any number from 2 to 255, but make sure it's not in use)
- Subnet mask: 255.255.255.0
- Default gateway: 192.168.1.",,IP_ADDRESS,,"[1720,1731)",,192.168.1.x,0.8561207481792995,
test,1514,35438,gretel_finance_pii,,false positive,"----------------------------------------------------------------------------------------------------------------------------------
Customer Support Conversational Log
----------------------------------------------------------------------------------------------------------------------------------
| Timestamp | Customer Details | Agent Response |
----------------------------------------------------------------------------------------------------------------------------------
| 10:00:00 | Name: John Doe, Email: johndoe@example.com, Phone: 123-456-7890 | Hello John, welcome to ExamplSupport. I understand you're experiencing network issues. I'll be happy to help you troubleshoot them. Could you please tell me more about the problem? |
| 10:01:00 | | John: Yes, I'm unable to connect to the internet. My laptop shows 'Limited' connection. |
| 10:02:00 | | Agent: I see. Let's try restarting your network device. Please follow these steps:
1. Click the Windows Start button.
2. Type 'Command Prompt' and open it as an administrator.
3. Type 'ipconfig /release' and press Enter.
4. Type 'ipconfig /renew' and press Enter.
5. Close the Command Prompt and restart your network device. |
| 10:05:00 | | John: I've done that, but it didn't help. |
| 10:06:00 | | Agent: I apologize for the inconvenience. Let's try releasing and renewing your IP address manually.
1. Click the network icon in the taskbar.
2. Right-click on your network and select 'Open Network & Internet Settings'.
3. Click 'Change adapter options'.
4. Right-click on your network and select 'Properties'.
5. Double-click 'Internet Protocol Version 4 (TCP/IPv4)'.
6. Select 'Use the following IP address' and enter the following details:
- IP address: 192.168.1.x (x can be any number from 2 to 255, but make sure it's not in use)
- Subnet mask: 255.255.255.0
- Default gateway: 192.168.1.",,IP_ADDRESS,,"[1847,1856)",,192.168.1,0.7362020373344421,
test,1518,synthetic-00000517,securelogx_custom_logs,order_reference_ssn_shape_warn_v1,wrong entity class,WARN Order reference 338-47-4171 was replayed after a warehouse timeout. log_sequence=517,BUSINESS_ID,SSN,"[21,32)","[21,32)",338-47-4171,338-47-4171,0.9968678876757622,
test,1531,48638,gretel_finance_pii,,false negative,"---
Loan Application
Loan Type: Nonprofit

Organization Name: Hope for All

Mission Statement:
Hope for All is dedicated to fighting poverty and homelessness in our local community. We strive to provide emergency shelter, food, and support services to those in need, while working towards long-term solutions to break the cycle of poverty.

Programs:

1. Emergency Shelter: We provide temporary shelter for individuals and families who have nowhere else to turn. Our shelter offers a safe and secure place to stay, along with meals and basic necessities.
2. Food Pantry: Our food pantry provides fresh produce, dairy products, and non-perishable items to those in need. We serve over 500 families each month.
3. Job Training: We offer job training and employment placement services to help individuals gain the skills they need to secure stable employment and achieve self-sufficiency.

Financial Information:

1. Annual Revenue: $1,200,000
2. Annual Expenses: $1,000,000
3. Major Funding Sources:
	* Individual Donations: 40%
	* Foundation Grants: 30%
	* Government Grants: 20%
	* Corporate Sponsorships: 10%
4. Current Debt: $200,000 (Mortgage on our shelter facility)
5. Assets:
	* Cash on Hand: $150,000
	* Property: Emergency Shelter Facility (owned)
6. Loan Amount Requested: $500,000
7. Loan Purpose: To purchase and renovate a building for our food pantry and job training programs.

Organization Leadership:

1. CEO: Jane Doe
2. CFO: John Smith
3. Board Chair: Mary Johnson

Contact Information:

Jane Doe, CEO
Hope for All
123 Main Street
Anytown, USA
(555) 123-4567
[jane.doe@hopeforall.org](mailto:jane.doe@hopeforall.org)

---",STREET_ADDRESS,,"[1533,1561)",,"123 Main Street
Anytown, USA",,,0.002517567030736245
test,1531,48638,gretel_finance_pii,,false positive,"---
Loan Application
Loan Type: Nonprofit

Organization Name: Hope for All

Mission Statement:
Hope for All is dedicated to fighting poverty and homelessness in our local community. We strive to provide emergency shelter, food, and support services to those in need, while working towards long-term solutions to break the cycle of poverty.

Programs:

1. Emergency Shelter: We provide temporary shelter for individuals and families who have nowhere else to turn. Our shelter offers a safe and secure place to stay, along with meals and basic necessities.
2. Food Pantry: Our food pantry provides fresh produce, dairy products, and non-perishable items to those in need. We serve over 500 families each month.
3. Job Training: We offer job training and employment placement services to help individuals gain the skills they need to secure stable employment and achieve self-sufficiency.

Financial Information:

1. Annual Revenue: $1,200,000
2. Annual Expenses: $1,000,000
3. Major Funding Sources:
	* Individual Donations: 40%
	* Foundation Grants: 30%
	* Government Grants: 20%
	* Corporate Sponsorships: 10%
4. Current Debt: $200,000 (Mortgage on our shelter facility)
5. Assets:
	* Cash on Hand: $150,000
	* Property: Emergency Shelter Facility (owned)
6. Loan Amount Requested: $500,000
7. Loan Purpose: To purchase and renovate a building for our food pantry and job training programs.

Organization Leadership:

1. CEO: Jane Doe
2. CFO: John Smith
3. Board Chair: Mary Johnson

Contact Information:

Jane Doe, CEO
Hope for All
123 Main Street
Anytown, USA
(555) 123-4567
[jane.doe@hopeforall.org](mailto:jane.doe@hopeforall.org)

---",,PHONE,,"[1572,1576)",,4567,0.5636187394460043,
test,1539,33963,gretel_finance_pii,,false positive,"35=D|55=20220218-14:32:15.687|54=1|34=123456|49=MERRILL_LYNCH|52=20220218-14:32:15.687|56=MERRILL_LYNCH_EXEC|44=1884_Jackson_Shoal,_Williamborough|40=2|47=M|57=M|43=N|38=100.00|453=3|452=3|53=FI|37=100000.00|32=1|39=0|46=1|552=PHLX|553=100000.00|541=2|543=2|544=2|546=2|547=Y|548=20220218|549=20220218-14:32:15.687|554=PHLX_OPT|555=20220218|556=2|557=2|558=2|559=2|523=8|524=1|525=20220218-14:32:15.687|526=1|527=2|528=1|529=1|530=1|531=1|532=1|533=1|534=1|535=1|536=1|537=1|538=1|539=1|540=1|50=MERRILL_LYNCH_EXEC|10=229|

In this FIX Protocol TradeCaptureReportRequest, the 44 field contains the street address ""1884 Jackson Shoal, Williamborough"" and",,STREET_ADDRESS,,"[112,146)",,"1884_Jackson_Shoal,_Williamborough",0.9234899336641486,
test,1549,25073,gretel_finance_pii,,false positive,"**Privacy Policy - Data Portability**

At [Company Name], we are committed to protecting your privacy and providing you with a secure and transparent experience. This Privacy Policy outlines how we collect, use, and manage your personal data, including privacy protection measures and your rights. Specifically, this policy focuses on our data portability process, which allows you to request and transfer your personal data to another service provider.

**Information We Collect**

When you use our services, we may collect the following personally identifiable information (PII):

- Full name: Vincent D. Wilkins
- Driver's license number: C175-1507-041-1
- Street address: 35 Singh fords, Apt. 95
- Credit card number: 341292894869958

**How We Use Your Information**

We use your information to provide, maintain, protect, and improve our services, as well as to develop new features. We may also use your information to communicate with you, such as to inform you about changes to our services or policies.

**Data Portability - Request and Transfer of Personal Data**

You have the right to request and transfer your personal data to another service provider. To initiate this process, please follow these steps:

1. Send a written request to [Company Name]'s Data Protection Officer at [email address].
2. Include the following details in your request:
   - Your full name
   - Your street address
   - A description of the data you would like to transfer
   - The name and contact information of the receiving service provider
3. [Company Name] will verify your identity and review your request.
4. Upon approval, we will provide you with a secure and standardized format of your requested data.
5. You can then transfer this data to the receiving service provider.

Please note that the data portability process may take up to 30 days from the receipt of your request.

**Data Protection and Security**

At [Company Name], we prioritize the security of your personal data. We have implemented appropriate technical and organizational measures to protect your data against unauthorized or unlawful processing and against accidental loss, destruction, or damage.

**Changes to This Policy**

We may update",,EMAIL,,"[1294,1308)",,email address],0.5019601285457611,
test,1553,synthetic-00005039,securelogx_custom_logs,order_reference_ssn_shape_warn_v1,wrong entity class,WARN Order reference 105-72-2823 was replayed after a warehouse timeout. log_sequence=5039,BUSINESS_ID,SSN,"[21,32)","[21,32)",105-72-2823,105-72-2823,0.9956311583518982,
test,1562,55050,gretel_finance_pii,,false negative,"**RADIATION SAFETY DATA SHEET**

**Substance Name:** Radioactive Isotope - Carbon-14

**Chemical Formula:** ¹⁴C

**Physical Data**

* Appearance: Gas
* Boiling Point: N/A
* Melting Point: N/A
* Molecular Weight: 14.003241 u

**Radiation Data**

* Type of Radiation: Beta Particles
* Maximum Energy: 156 keV
* Average Energy: 50 keV
* Half-Life: 5730 years

**Hazard Classification**

* Radioactive Category 1

**Health Hazards**

Exposure to Carbon-14 may cause harm to the body. Ingestion or inhalation of this substance can lead to internal contamination and radiation exposure. It can cause damage to tissues and organs, and may increase the risk of cancer.

**Personal Protection**

* Wear protective clothing, including gloves and safety glasses.
* Use respiratory protection when necessary.
* Monitor radiation levels regularly.
* In case of accidental exposure, seek immediate medical attention.

**Emergency Procedures**

* In case of a spill, evacuate the area and contact the radiation safety officer.
* In case of ingestion or inhalation, seek immediate medical attention.
* In case of skin or eye contact, rinse thoroughly with water.

**Handling and Storage**

* Handle Carbon-14 with care, using appropriate shielding and protective equipment.
* Store in a secure, well-ventilated area, away from heat sources and combustible materials.
* Keep away from unauthorized personnel.

**Regulatory Information**

* This substance is regulated by the Nuclear Regulatory Commission (NRC) and the Environmental Protection Agency (EPA).
* The radiation safety officer is responsible for ensuring compliance with all applicable regulations.

**Disposal Considerations**

* Disposal of Carbon-14 must be done in accordance with all applicable regulations.
* Consult with the radiation safety officer for proper disposal procedures.

**Transport Information**",PERSON_NAME,,"[986,1010)",,radiation safety officer,,,7.539113115247649e-05
test,1562,55050,gretel_finance_pii,,false negative,"**RADIATION SAFETY DATA SHEET**

**Substance Name:** Radioactive Isotope - Carbon-14

**Chemical Formula:** ¹⁴C

**Physical Data**

* Appearance: Gas
* Boiling Point: N/A
* Melting Point: N/A
* Molecular Weight: 14.003241 u

**Radiation Data**

* Type of Radiation: Beta Particles
* Maximum Energy: 156 keV
* Average Energy: 50 keV
* Half-Life: 5730 years

**Hazard Classification**

* Radioactive Category 1

**Health Hazards**

Exposure to Carbon-14 may cause harm to the body. Ingestion or inhalation of this substance can lead to internal contamination and radiation exposure. It can cause damage to tissues and organs, and may increase the risk of cancer.

**Personal Protection**

* Wear protective clothing, including gloves and safety glasses.
* Use respiratory protection when necessary.
* Monitor radiation levels regularly.
* In case of accidental exposure, seek immediate medical attention.

**Emergency Procedures**

* In case of a spill, evacuate the area and contact the radiation safety officer.
* In case of ingestion or inhalation, seek immediate medical attention.
* In case of skin or eye contact, rinse thoroughly with water.

**Handling and Storage**

* Handle Carbon-14 with care, using appropriate shielding and protective equipment.
* Store in a secure, well-ventilated area, away from heat sources and combustible materials.
* Keep away from unauthorized personnel.

**Regulatory Information**

* This substance is regulated by the Nuclear Regulatory Commission (NRC) and the Environmental Protection Agency (EPA).
* The radiation safety officer is responsible for ensuring compliance with all applicable regulations.

**Disposal Considerations**

* Disposal of Carbon-14 must be done in accordance with all applicable regulations.
* Consult with the radiation safety officer for proper disposal procedures.

**Transport Information**",PERSON_NAME,,"[1547,1571)",,radiation safety officer,,,0.0003060563904000446
test,1562,55050,gretel_finance_pii,,false negative,"**RADIATION SAFETY DATA SHEET**

**Substance Name:** Radioactive Isotope - Carbon-14

**Chemical Formula:** ¹⁴C

**Physical Data**

* Appearance: Gas
* Boiling Point: N/A
* Melting Point: N/A
* Molecular Weight: 14.003241 u

**Radiation Data**

* Type of Radiation: Beta Particles
* Maximum Energy: 156 keV
* Average Energy: 50 keV
* Half-Life: 5730 years

**Hazard Classification**

* Radioactive Category 1

**Health Hazards**

Exposure to Carbon-14 may cause harm to the body. Ingestion or inhalation of this substance can lead to internal contamination and radiation exposure. It can cause damage to tissues and organs, and may increase the risk of cancer.

**Personal Protection**

* Wear protective clothing, including gloves and safety glasses.
* Use respiratory protection when necessary.
* Monitor radiation levels regularly.
* In case of accidental exposure, seek immediate medical attention.

**Emergency Procedures**

* In case of a spill, evacuate the area and contact the radiation safety officer.
* In case of ingestion or inhalation, seek immediate medical attention.
* In case of skin or eye contact, rinse thoroughly with water.

**Handling and Storage**

* Handle Carbon-14 with care, using appropriate shielding and protective equipment.
* Store in a secure, well-ventilated area, away from heat sources and combustible materials.
* Keep away from unauthorized personnel.

**Regulatory Information**

* This substance is regulated by the Nuclear Regulatory Commission (NRC) and the Environmental Protection Agency (EPA).
* The radiation safety officer is responsible for ensuring compliance with all applicable regulations.

**Disposal Considerations**

* Disposal of Carbon-14 must be done in accordance with all applicable regulations.
* Consult with the radiation safety officer for proper disposal procedures.

**Transport Information**",PERSON_NAME,,"[1777,1801)",,radiation safety officer,,,7.609555783953208e-05
test,1577,48087,gretel_finance_pii,,false negative,"COMPLIANCE CERTIFICATE

I, [Certified Compliance Officer's Name], [Certified Compliance Officer's Title], hereby certify that I have conducted a thorough review and evaluation of [Company Name]'s corporate governance structure and practices in accordance with applicable regulations and industry standards.

Based on my review, I am pleased to report that [Company Name] has demonstrated a strong commitment to transparency, accountability, and ethical decision-making. The company's governance structure is robust and effectively supports its operations, strategic objectives, and risk management.

Specifically, [Company Name] has met the following compliance requirements:

1. Board of Directors: The board of directors is composed of a diverse group of individuals with the necessary skills, experience, and perspectives to effectively oversee the company's operations and strategic direction. The board meets regularly and has established clear roles and responsibilities, as well as appropriate committees to address specific areas of oversight.

2. Executive Management: The company's executive management team has established clear policies, procedures, and controls to ensure the effective and efficient management of the company's operations. The team has demonstrated a commitment to ethical decision-making and has established clear channels for reporting and addressing concerns.

3. Risk Management: The company has established a robust risk management framework that is integrated into its operations and decision-making processes. The company has identified and assessed its key risks and has established appropriate controls to manage those risks.

4. Stakeholder Engagement: The company has established clear policies and procedures for engaging with its stakeholders, including shareholders, employees, customers, and regulators. The company has demonstrated a commitment to transparency and has established clear channels for communication and feedback.

5. Compliance Program: The company has established a comprehensive compliance program that is designed to ensure compliance with applicable laws, regulations, and industry standards. The program includes regular training and education, as well as monitoring and reporting processes.

Based on the above, I hereby certify that [Company Name] has met the compliance requirements for a Corporate Governance Review and has demonstrated a strong commitment to transparency, accountability, and ethical decision-making.

Certified Compliance Officer's Signature: \_\_\_\_\_\_\_\_\_\_\_\_\_\_\_\_\_

Certified",PERSON_NAME,,"[27,64)",,[Certified Compliance Officer's Name],,,0.06880907989107073
test,1577,48087,gretel_finance_pii,,false negative,"COMPLIANCE CERTIFICATE

I, [Certified Compliance Officer's Name], [Certified Compliance Officer's Title], hereby certify that I have conducted a thorough review and evaluation of [Company Name]'s corporate governance structure and practices in accordance with applicable regulations and industry standards.

Based on my review, I am pleased to report that [Company Name] has demonstrated a strong commitment to transparency, accountability, and ethical decision-making. The company's governance structure is robust and effectively supports its operations, strategic objectives, and risk management.

Specifically, [Company Name] has met the following compliance requirements:

1. Board of Directors: The board of directors is composed of a diverse group of individuals with the necessary skills, experience, and perspectives to effectively oversee the company's operations and strategic direction. The board meets regularly and has established clear roles and responsibilities, as well as appropriate committees to address specific areas of oversight.

2. Executive Management: The company's executive management team has established clear policies, procedures, and controls to ensure the effective and efficient management of the company's operations. The team has demonstrated a commitment to ethical decision-making and has established clear channels for reporting and addressing concerns.

3. Risk Management: The company has established a robust risk management framework that is integrated into its operations and decision-making processes. The company has identified and assessed its key risks and has established appropriate controls to manage those risks.

4. Stakeholder Engagement: The company has established clear policies and procedures for engaging with its stakeholders, including shareholders, employees, customers, and regulators. The company has demonstrated a commitment to transparency and has established clear channels for communication and feedback.

5. Compliance Program: The company has established a comprehensive compliance program that is designed to ensure compliance with applicable laws, regulations, and industry standards. The program includes regular training and education, as well as monitoring and reporting processes.

Based on the above, I hereby certify that [Company Name] has met the compliance requirements for a Corporate Governance Review and has demonstrated a strong commitment to transparency, accountability, and ethical decision-making.

Certified Compliance Officer's Signature: \_\_\_\_\_\_\_\_\_\_\_\_\_\_\_\_\_

Certified",PERSON_NAME,,"[66,104)",,[Certified Compliance Officer's Title],,,0.025376780633814634
test,1583,47035,gretel_finance_pii,,false negative,"TRIPARTITE AGREEMENT

THIS AGREEMENT is made on this [DATE] between Griffin, Miller and Hill, a company incorporated under the laws of Delaware, with its head office located at 6187 Velazquez Pines, Apt. 692, (hereinafter referred to as the ""First Party""), Gilbert Vidal-Bonnin, a resident of [COUNTRY], (hereinafter referred to as the ""Second Party""), and [THIRD PARTY NAME], a company incorporated under the laws of [JURISDICTION], with its head office located at [ADDRESS], (hereinafter referred to as the ""Third Party"").

WHEREAS, the First Party and the Second Party have entered into an over-the-counter derivatives transaction (the ""Transaction""); and

WHEREAS, the First Party and the Second Party desire to establish the arrangements involving a third-party custodian to hold and manage collateral in connection with the Transaction;

NOW, THEREFORE, in consideration of the mutual covenants and promises contained herein and for other good and valuable consideration, the receipt and sufficiency of which is hereby acknowledged, the parties hereto agree as follows:

1. APPOINTMENT OF THIRD PARTY

The First Party and the Second Party hereby appoint the Third Party as custodian (the ""Custodian"") for the purposes of holding and managing collateral in connection with the Transaction.

2. COLLATERAL

(a) The First Party and the Second Party shall each deliver collateral to the Custodian in accordance with the terms of this Agreement and the terms of the Transaction.

(b) The Custodian shall hold and manage the collateral in accordance with the instructions of the First Party and the Second Party and the provisions of this Agreement.

3. EVENTS OF DEFAULT

(a) In the event of an Event of Default by either the First Party or the Second Party under the Transaction, the non-defaulting party shall have the right to instruct the Custodian to liquidate the collateral and apply the proceeds to satisfy the obligations of the defaulting party.

(b) The Custodian shall have no obligation to determine whether an Event of Default has occurred or to take any action unless instruct",STREET_ADDRESS,,"[466,475)",,[ADDRESS],,,0.0011769173506763764
test,1596,synthetic-00015147,securelogx_custom_logs,order_reference_ssn_shape_warn_v1,wrong entity class,WARN Order reference 513-99-5920 was replayed after a warehouse timeout. log_sequence=15147,BUSINESS_ID,SSN,"[21,32)","[21,32)",513-99-5920,513-99-5920,0.9977540373802185,
test,1611,synthetic-00019137,securelogx_custom_logs,order_reference_ssn_shape_warn_v1,wrong entity class,WARN Order reference 157-29-3502 was replayed after a warehouse timeout. log_sequence=19137,BUSINESS_ID,SSN,"[21,32)","[21,32)",157-29-3502,157-29-3502,0.9962524473667145,
test,1617,32067,gretel_finance_pii,,false positive,"THE SUSTAINABILITY IMPACT ASSESSMENT CERTIFICATE

We are pleased to announce that, following a thorough evaluation, [Company Name] has been awarded the Sustainability Impact Assessment Certificate. This certificate serves as evidence that [Company Name] has met the required regulatory and compliance standards within its industry and jurisdiction, specifically in the areas of environmental and social sustainability.

In the course of our assessment, we have examined various aspects of [Company Name]'s operations, including its energy consumption, waste management, supply chain practices, and community engagement. We are delighted to report that [Company Name] has demonstrated a strong commitment to sustainability and has implemented several best practices in these areas.

In particular, we would like to highlight the following achievements:

* Energy Consumption: [Company Name] has made significant strides in reducing its energy consumption through the use of energy-efficient technologies and practices. This has resulted in a notable decrease in greenhouse gas emissions.

* Waste Management: [Company Name] has implemented a robust waste management system that promotes recycling and the reduction of waste. This has led to a significant reduction in the amount of waste sent to landfill.

* Supply Chain Practices: [Company Name] has taken steps to ensure that its supply chain is socially and environmentally responsible. This includes the use of ethical suppliers and the promotion of fair labor practices.

* Community Engagement: [Company Name] has shown a strong commitment to engaging with its local community. This includes supporting local initiatives and investing in community development projects.

We would like to take this opportunity to commend [Company Name] for its efforts in promoting sustainability. However, we have identified several areas where further improvements can be made. These include:

* Increasing the use of renewable energy sources
* Implementing a comprehensive water conservation strategy
* Developing a more robust diversity and inclusion policy

We are confident that [Company Name] will continue to prioritize sustainability and will work towards addressing these areas for improvement.

We would like to congratulate [Company Name] on its Sustainability Impact Assessment Certificate. This certificate is valid for a period of two years, after which a re-assessment will be required.

Customer ID: K6008714
BBAN: MKJC76278220",,BUSINESS_ID,,"[2471,2472)",,M,0.4897145926952362,
test,1617,32067,gretel_finance_pii,,false positive,"THE SUSTAINABILITY IMPACT ASSESSMENT CERTIFICATE

We are pleased to announce that, following a thorough evaluation, [Company Name] has been awarded the Sustainability Impact Assessment Certificate. This certificate serves as evidence that [Company Name] has met the required regulatory and compliance standards within its industry and jurisdiction, specifically in the areas of environmental and social sustainability.

In the course of our assessment, we have examined various aspects of [Company Name]'s operations, including its energy consumption, waste management, supply chain practices, and community engagement. We are delighted to report that [Company Name] has demonstrated a strong commitment to sustainability and has implemented several best practices in these areas.

In particular, we would like to highlight the following achievements:

* Energy Consumption: [Company Name] has made significant strides in reducing its energy consumption through the use of energy-efficient technologies and practices. This has resulted in a notable decrease in greenhouse gas emissions.

* Waste Management: [Company Name] has implemented a robust waste management system that promotes recycling and the reduction of waste. This has led to a significant reduction in the amount of waste sent to landfill.

* Supply Chain Practices: [Company Name] has taken steps to ensure that its supply chain is socially and environmentally responsible. This includes the use of ethical suppliers and the promotion of fair labor practices.

* Community Engagement: [Company Name] has shown a strong commitment to engaging with its local community. This includes supporting local initiatives and investing in community development projects.

We would like to take this opportunity to commend [Company Name] for its efforts in promoting sustainability. However, we have identified several areas where further improvements can be made. These include:

* Increasing the use of renewable energy sources
* Implementing a comprehensive water conservation strategy
* Developing a more robust diversity and inclusion policy

We are confident that [Company Name] will continue to prioritize sustainability and will work towards addressing these areas for improvement.

We would like to congratulate [Company Name] on its Sustainability Impact Assessment Certificate. This certificate is valid for a period of two years, after which a re-assessment will be required.

Customer ID: K6008714
BBAN: MKJC76278220",,SWIFT_BIC,,"[2473,2474)",,J,0.3894207775592804,
test,1617,32067,gretel_finance_pii,,false positive,"THE SUSTAINABILITY IMPACT ASSESSMENT CERTIFICATE

We are pleased to announce that, following a thorough evaluation, [Company Name] has been awarded the Sustainability Impact Assessment Certificate. This certificate serves as evidence that [Company Name] has met the required regulatory and compliance standards within its industry and jurisdiction, specifically in the areas of environmental and social sustainability.

In the course of our assessment, we have examined various aspects of [Company Name]'s operations, including its energy consumption, waste management, supply chain practices, and community engagement. We are delighted to report that [Company Name] has demonstrated a strong commitment to sustainability and has implemented several best practices in these areas.

In particular, we would like to highlight the following achievements:

* Energy Consumption: [Company Name] has made significant strides in reducing its energy consumption through the use of energy-efficient technologies and practices. This has resulted in a notable decrease in greenhouse gas emissions.

* Waste Management: [Company Name] has implemented a robust waste management system that promotes recycling and the reduction of waste. This has led to a significant reduction in the amount of waste sent to landfill.

* Supply Chain Practices: [Company Name] has taken steps to ensure that its supply chain is socially and environmentally responsible. This includes the use of ethical suppliers and the promotion of fair labor practices.

* Community Engagement: [Company Name] has shown a strong commitment to engaging with its local community. This includes supporting local initiatives and investing in community development projects.

We would like to take this opportunity to commend [Company Name] for its efforts in promoting sustainability. However, we have identified several areas where further improvements can be made. These include:

* Increasing the use of renewable energy sources
* Implementing a comprehensive water conservation strategy
* Developing a more robust diversity and inclusion policy

We are confident that [Company Name] will continue to prioritize sustainability and will work towards addressing these areas for improvement.

We would like to congratulate [Company Name] on its Sustainability Impact Assessment Certificate. This certificate is valid for a period of two years, after which a re-assessment will be required.

Customer ID: K6008714
BBAN: MKJC76278220",,BUSINESS_ID,,"[2474,2482)",,C7627822,0.5025285631418228,
test,1626,55848,gretel_finance_pii,,false positive,"Cryptocurrency Holdings Report

Name: Loreto A. Iborra
Street Address: 55046 Gregory Junction, Apt. 939

As of March 31, 2023, the following is a summary of my cryptocurrency holdings, including wallet addresses, transaction history, and current market values.

1. Bitcoin (BTC)
- Wallet Address: 1BvBMSEYstWetqTFn5Au4m4GFg7xJaNVN2
- Transaction History:
  - Received 5.00 BTC on Jan 10, 2023 (value of $88,250 at the time)
  - Sent 0.50 BTC on Feb 14, 2023 (value of $8,825 at the time)
- Current Market Value: $441,250 (based on a BTC price of $44,125)

2. Ethereum (ETH)
- Wallet Address: 0xDeaDbeefdEAdbeefdEadbEEDbEadbEEf
- Transaction History:
  - Received 100.00 ETH on Feb 5, 2023 (value of $150,000 at the time)
- Current Market Value: $198,000 (based on an ETH price of $1,980)

3. Ripple (XRP)
- Wallet Address: rMK2938KHZK6v938KHZK6v938KHZK6v938
- Transaction History:
  - Received 100,000 XRP on Mar 1, 2023 (value of $20,000 at the time)
- Current Market Value: $32,000 (based on an XRP price of $0.32)

Total Cryptocurrency Holdings: $671,250

Please note that the above wallet addresses and API keys are for illustrative purposes only and should not be used for any",,API_KEY,,"[598,601)",,bee,0.48541903495788574,
test,1626,55848,gretel_finance_pii,,false positive,"Cryptocurrency Holdings Report

Name: Loreto A. Iborra
Street Address: 55046 Gregory Junction, Apt. 939

As of March 31, 2023, the following is a summary of my cryptocurrency holdings, including wallet addresses, transaction history, and current market values.

1. Bitcoin (BTC)
- Wallet Address: 1BvBMSEYstWetqTFn5Au4m4GFg7xJaNVN2
- Transaction History:
  - Received 5.00 BTC on Jan 10, 2023 (value of $88,250 at the time)
  - Sent 0.50 BTC on Feb 14, 2023 (value of $8,825 at the time)
- Current Market Value: $441,250 (based on a BTC price of $44,125)

2. Ethereum (ETH)
- Wallet Address: 0xDeaDbeefdEAdbeefdEadbEEDbEadbEEf
- Transaction History:
  - Received 100.00 ETH on Feb 5, 2023 (value of $150,000 at the time)
- Current Market Value: $198,000 (based on an ETH price of $1,980)

3. Ripple (XRP)
- Wallet Address: rMK2938KHZK6v938KHZK6v938KHZK6v938
- Transaction History:
  - Received 100,000 XRP on Mar 1, 2023 (value of $20,000 at the time)
- Current Market Value: $32,000 (based on an XRP price of $0.32)

Total Cryptocurrency Holdings: $671,250

Please note that the above wallet addresses and API keys are for illustrative purposes only and should not be used for any",,API_KEY,,"[602,605)",,dEA,0.5034376829862595,
test,1626,55848,gretel_finance_pii,,false positive,"Cryptocurrency Holdings Report

Name: Loreto A. Iborra
Street Address: 55046 Gregory Junction, Apt. 939

As of March 31, 2023, the following is a summary of my cryptocurrency holdings, including wallet addresses, transaction history, and current market values.

1. Bitcoin (BTC)
- Wallet Address: 1BvBMSEYstWetqTFn5Au4m4GFg7xJaNVN2
- Transaction History:
  - Received 5.00 BTC on Jan 10, 2023 (value of $88,250 at the time)
  - Sent 0.50 BTC on Feb 14, 2023 (value of $8,825 at the time)
- Current Market Value: $441,250 (based on a BTC price of $44,125)

2. Ethereum (ETH)
- Wallet Address: 0xDeaDbeefdEAdbeefdEadbEEDbEadbEEf
- Transaction History:
  - Received 100.00 ETH on Feb 5, 2023 (value of $150,000 at the time)
- Current Market Value: $198,000 (based on an ETH price of $1,980)

3. Ripple (XRP)
- Wallet Address: rMK2938KHZK6v938KHZK6v938KHZK6v938
- Transaction History:
  - Received 100,000 XRP on Mar 1, 2023 (value of $20,000 at the time)
- Current Market Value: $32,000 (based on an XRP price of $0.32)

Total Cryptocurrency Holdings: $671,250

Please note that the above wallet addresses and API keys are for illustrative purposes only and should not be used for any",,API_KEY,,"[606,626)",,beefdEadbEEDbEadbEEf,0.7011764560426984,
test,1626,55848,gretel_finance_pii,,false positive,"Cryptocurrency Holdings Report

Name: Loreto A. Iborra
Street Address: 55046 Gregory Junction, Apt. 939

As of March 31, 2023, the following is a summary of my cryptocurrency holdings, including wallet addresses, transaction history, and current market values.

1. Bitcoin (BTC)
- Wallet Address: 1BvBMSEYstWetqTFn5Au4m4GFg7xJaNVN2
- Transaction History:
  - Received 5.00 BTC on Jan 10, 2023 (value of $88,250 at the time)
  - Sent 0.50 BTC on Feb 14, 2023 (value of $8,825 at the time)
- Current Market Value: $441,250 (based on a BTC price of $44,125)

2. Ethereum (ETH)
- Wallet Address: 0xDeaDbeefdEAdbeefdEadbEEDbEadbEEf
- Transaction History:
  - Received 100.00 ETH on Feb 5, 2023 (value of $150,000 at the time)
- Current Market Value: $198,000 (based on an ETH price of $1,980)

3. Ripple (XRP)
- Wallet Address: rMK2938KHZK6v938KHZK6v938KHZK6v938
- Transaction History:
  - Received 100,000 XRP on Mar 1, 2023 (value of $20,000 at the time)
- Current Market Value: $32,000 (based on an XRP price of $0.32)

Total Cryptocurrency Holdings: $671,250

Please note that the above wallet addresses and API keys are for illustrative purposes only and should not be used for any",,API_KEY,,"[823,857)",,rMK2938KHZK6v938KHZK6v938KHZK6v938,0.9263845497164233,
test,1631,51726,gretel_finance_pii,,boundary-too-short,"""patient_id"",""diagnosis"",""treatment_plan"",""outcome"",""driver_license_number"",""ssn"",""name"",""street_address""
""1"",""Hypertension"",""Diet and exercise modification, Regular monitoring"",""Controlled"",""T694-0525-466-4"",""623-22-4856"",""Goffredo Travaglio-Vergerio"",""79725 Bright Forges, Apt. 656""
""2"",""Diabetes Mellitus"",""Insulin therapy, Regular blood sugar monitoring"",""Well-controlled"","""",""555-12-3456"",""John Doe"",""456 Oak St""
""3"",""Asthma"",""Inhaler therapy, Allergen avoidance"",""Asymptomatic"","""",""222-55-6666"",""Jane Smith"",""123 Maple Ave""",STREET_ADDRESS,STREET_ADDRESS,"[515,528)","[525,528)",123 Maple Ave,Ave,0.6112661361694336,
test,1631,51726,gretel_finance_pii,,false positive,"""patient_id"",""diagnosis"",""treatment_plan"",""outcome"",""driver_license_number"",""ssn"",""name"",""street_address""
""1"",""Hypertension"",""Diet and exercise modification, Regular monitoring"",""Controlled"",""T694-0525-466-4"",""623-22-4856"",""Goffredo Travaglio-Vergerio"",""79725 Bright Forges, Apt. 656""
""2"",""Diabetes Mellitus"",""Insulin therapy, Regular blood sugar monitoring"",""Well-controlled"","""",""555-12-3456"",""John Doe"",""456 Oak St""
""3"",""Asthma"",""Inhaler therapy, Allergen avoidance"",""Asymptomatic"","""",""222-55-6666"",""Jane Smith"",""123 Maple Ave""",,SSN,,"[381,392)",,555-12-3456,0.9347433873585292,
test,1631,51726,gretel_finance_pii,,false positive,"""patient_id"",""diagnosis"",""treatment_plan"",""outcome"",""driver_license_number"",""ssn"",""name"",""street_address""
""1"",""Hypertension"",""Diet and exercise modification, Regular monitoring"",""Controlled"",""T694-0525-466-4"",""623-22-4856"",""Goffredo Travaglio-Vergerio"",""79725 Bright Forges, Apt. 656""
""2"",""Diabetes Mellitus"",""Insulin therapy, Regular blood sugar monitoring"",""Well-controlled"","""",""555-12-3456"",""John Doe"",""456 Oak St""
""3"",""Asthma"",""Inhaler therapy, Allergen avoidance"",""Asymptomatic"","""",""222-55-6666"",""Jane Smith"",""123 Maple Ave""",,SSN,,"[488,499)",,222-55-6666,0.7847299150058201,
test,1631,51726,gretel_finance_pii,,false positive,"""patient_id"",""diagnosis"",""treatment_plan"",""outcome"",""driver_license_number"",""ssn"",""name"",""street_address""
""1"",""Hypertension"",""Diet and exercise modification, Regular monitoring"",""Controlled"",""T694-0525-466-4"",""623-22-4856"",""Goffredo Travaglio-Vergerio"",""79725 Bright Forges, Apt. 656""
""2"",""Diabetes Mellitus"",""Insulin therapy, Regular blood sugar monitoring"",""Well-controlled"","""",""555-12-3456"",""John Doe"",""456 Oak St""
""3"",""Asthma"",""Inhaler therapy, Allergen avoidance"",""Asymptomatic"","""",""222-55-6666"",""Jane Smith"",""123 Maple Ave""",,STREET_ADDRESS,,"[515,518)",,123,0.5555292963981628,
test,1645,22786,gretel_finance_pii,,wrong entity class,"customer_id,name,street_address
Q9098H165,Margareta Boström-Vikström,44 Schweitzerweg, Apt. 6",BUSINESS_ID,DRIVER_LICENSE,"[32,41)","[32,41)",Q9098H165,Q9098H165,0.7331349750359853,
test,1652,synthetic-00015679,securelogx_custom_logs,order_reference_ssn_shape_warn_v1,wrong entity class,WARN Order reference 495-65-2852 was replayed after a warehouse timeout. log_sequence=15679,BUSINESS_ID,SSN,"[21,32)","[21,32)",495-65-2852,495-65-2852,0.9975387113434928,
test,1665,synthetic-00016477,securelogx_custom_logs,order_reference_ssn_shape_warn_v1,wrong entity class,WARN Order reference 745-51-6202 was replayed after a warehouse timeout. log_sequence=16477,BUSINESS_ID,SSN,"[21,32)","[21,32)",745-51-6202,745-51-6202,0.9975068143435887,
test,1666,synthetic-00003177,securelogx_custom_logs,order_reference_ssn_shape_warn_v1,wrong entity class,WARN Order reference 876-83-5647 was replayed after a warehouse timeout. log_sequence=3177,BUSINESS_ID,SSN,"[21,32)","[21,32)",876-83-5647,876-83-5647,0.9960073743547712,
test,1670,25897,gretel_finance_pii,,false positive,"UNH+1.0
BGM+387::9::EN::IRV
DTM+137:20220211:102
DTM+2:20220215:132
DTM+11:20220218:102
N1+BY+987654321::9::ELLEN NASER-BÖRNER
N3+60 Hans-Adolf-Klotz-Allee
N4+DINKELSBÜHL
RFF+ON:DE:89.9859645:29.647566
RFF+CT:ABC Carriers
N4+1234567890:US:123 Main St:Anytown:CA:12345
N1+ST+My Supplier::2::MY SUPPLIER NAME
ITD+12:ABC Carriers:100
ITD+13:DEF Carriers:50
ITD+14:GHI Carriers:20
ITA+MSCONR::9::60
MOA+2+2:50
MOA+3+3:30
MOA+4+1:20
CTT+20
UNT+22+1
UNZ+1+1

Explanation of the EDI:
- UNH+1.0: The beginning of the EDI message.
- BGM+387::9::EN::IRV: Beginning of a routing request message.
- DTM+137:20220211:102: The date and time the routing guide was issued.
- DTM+2:20220215:132: The date and time the carrier should acknowledge receipt.
- DTM+11:20220218:102: The date and time the carrier should deliver the goods.
- N1+BY+987654321::9::ELLEN NASER-BÖRNER: The name and ID of the consignee",,STREET_ADDRESS,,"[130,155)",,60 Hans-Adolf-Klotz-Allee,0.8927442810752175,
test,1670,25897,gretel_finance_pii,,false positive,"UNH+1.0
BGM+387::9::EN::IRV
DTM+137:20220211:102
DTM+2:20220215:132
DTM+11:20220218:102
N1+BY+987654321::9::ELLEN NASER-BÖRNER
N3+60 Hans-Adolf-Klotz-Allee
N4+DINKELSBÜHL
RFF+ON:DE:89.9859645:29.647566
RFF+CT:ABC Carriers
N4+1234567890:US:123 Main St:Anytown:CA:12345
N1+ST+My Supplier::2::MY SUPPLIER NAME
ITD+12:ABC Carriers:100
ITD+13:DEF Carriers:50
ITD+14:GHI Carriers:20
ITA+MSCONR::9::60
MOA+2+2:50
MOA+3+3:30
MOA+4+1:20
CTT+20
UNT+22+1
UNZ+1+1

Explanation of the EDI:
- UNH+1.0: The beginning of the EDI message.
- BGM+387::9::EN::IRV: Beginning of a routing request message.
- DTM+137:20220211:102: The date and time the routing guide was issued.
- DTM+2:20220215:132: The date and time the carrier should acknowledge receipt.
- DTM+11:20220218:102: The date and time the carrier should deliver the goods.
- N1+BY+987654321::9::ELLEN NASER-BÖRNER: The name and ID of the consignee",,ROUTING_NUMBER,,"[826,833)",,7654321,0.5592539831995964,
test,1675,47750,gretel_finance_pii,,false negative,"———————————————————————————
**Clydesdale Bank PLC**
**Branch: Glasgow, UK**
**Date: 01 March, 2023**

**Deposit Slip**

**Customer Name:** John Doe
**Account Number:** 12345678

**Date of Deposit:** 01 March, 2023

**Cash Deposit:** GBP 2,500.00
**Cheque Deposit:** GBP 1,500.00

**Total Deposit:** GBP 4,000.00

**Running Balance:** GBP 12,400.00

**Bank Staff Signature:**
**Branch Manager**
———————————————————————————

**Please note: This is a synthetic deposit slip generated for illustrative purposes only. It is not a valid bank document.**",STREET_ADDRESS,,"[62,73)",,"Glasgow, UK",,,0.06980001429716746
test,1680,41016,gretel_finance_pii,,false negative,"---------------------------------------------------------------------------------------------------
Credit Card Application - Frequent Flyer Card
---------------------------------------------------------------------------------------------------

Thank you for choosing us for your travel rewards credit card. To help us process your application quickly and accurately, please provide the following information.

Personal Information
-------------------

1. Full Name:
2. Date of Birth:
3. Address (Street, City, State/Province, Postal/Zip Code):
4. Email Address:
5. Primary Phone Number:
6. Employment Status:
    - Employed
    - Self-employed
    - Retired
    - Unemployed
    - Other
7. If employed, what is the name of your employer?
8. What is your job title/position?
9. How long have you been with your current employer?

Financial Information
---------------------

1. Are you a current homeowner? (Yes/No)
2. If yes, how long have you owned your home?
3. Gross Annual Income:
4. Monthly Mortgage/Rent Payment:
5. Other Sources of Income:
6. Credit Card History
    - Have you ever declared bankruptcy? (Yes/No)
    - Have you ever had a credit card account sent to collections? (Yes/No)
    - Have you ever defaulted on a loan or credit card? (Yes/No)

Frequent Flyer Information
---------------------------

1. Preferred Airline(s):
2. Average Annual Air Travel Spend:
3. Average Number of Flights per Year:
4. Preferred Seating Preference (Economy/Premium Economy/Business/First Class):

Card Preferences
----------------

1. Would you like to add an authorized user? (Yes/No)
2. Would you like to set up automatic payments? (Yes/No)
3. Would you like to receive electronic or paper statements? (Electronic/Paper)

By submitting this application, you certify that the information provided is true and accurate. We may use the information provided to verify your identity and creditworthiness.

Thank you for choosing us for your Frequent Flyer Credit Card. We look forward to serving your travel needs.",STREET_ADDRESS,,"[499,544)",,"Street, City, State/Province, Postal/Zip Code",,,0.2643241359350773
test,1686,28717,gretel_finance_pii,,false positive,"The Chemical Safety Company
Safety Data Sheet - Industrial Hygiene

1. Product and Company Identification
Product Name: Hydrochloric Acid
Product Code: HY001
Emergency Telephone: +44 1234 56789
For further information, including Material Safety Data Sheets, please contact:
The Chemical Safety Company
101 Chemical Drive
Manchester
M1 2CD
United Kingdom

2. Hazards Identification
Classification of the substance: Corrosive, Harmful
Risk Phrases: R22 - Harmful if swallowed, R34 - Causes burns, R50 - Very toxic to aquatic organisms
Safety Phrases: S2 - Keep out of reach of children, S16 - Keep container tightly closed, S26 - In case of contact with eyes, rinse immediately with plenty of water and seek medical advice, S36 - Wear suitable protective clothing, S45 - In case of accident or if you feel unwell, seek medical advice immediately (show the label where possible)
",,STREET_ADDRESS,,"[302,338)",,"101 Chemical Drive
Manchester
M1 2CD",0.7049140334129333,
test,1715,synthetic-00010359,securelogx_custom_logs,order_reference_ssn_shape_warn_v1,wrong entity class,WARN Order reference 398-11-6177 was replayed after a warehouse timeout. log_sequence=10359,BUSINESS_ID,SSN,"[21,32)","[21,32)",398-11-6177,398-11-6177,0.9932103157043457,
test,1726,synthetic-00000783,securelogx_custom_logs,order_reference_ssn_shape_warn_v1,wrong entity class,WARN Order reference 527-36-8187 was replayed after a warehouse timeout. log_sequence=783,BUSINESS_ID,SSN,"[21,32)","[21,32)",527-36-8187,527-36-8187,0.9969673901796341,
test,1729,39920,gretel_finance_pii,,false negative,"======================================================
IT Support Ticket: Printer Jam
======================================================
Ticket ID: PRNT-0027
Date Created: 2022-03-14
Priority: Medium
Status: Resolved

User: John Doe
Department: Marketing
Location: 4th Floor, Main Building

Problem Description:
------------------
User reported a printer jam in the marketing department's shared printer (HP LaserJet Pro MFP M426fdw). The printer displayed an error message indicating a paper jam.

Steps Taken for Resolution:
-----------------------------
1. Opened the printer access door and located the jammed paper.
2. Carefully removed the jammed paper, ensuring not to damage the printer or the paper.
3. Checked for any remaining debris and cleaned the printer area.
4. Tested the printer by printing a test page, which printed successfully.

Resolution Details:
------------------
The printer jam has been successfully resolved. The printer is now operational, and users can resume printing.

Preventive Measures:
--------------------
To prevent future printer jams:
1. Ensure proper paper alignment in the paper tray.
2. Use only recommended paper types and weights.
3. Regularly clean the printer and remove any debris or dust.

======================================================
Support Agent: Alex Johnson
Date Resolved: 2022-03-14
======================================================",STREET_ADDRESS,,"[269,293)",,"4th Floor, Main Building",,,0.40183483958244326
test,1740,54955,gretel_finance_pii,,false negative,"—-----------------------------------
| **Clydesdale Bank UK**            |
| 123 High Street, Edinburgh EH1 1BA  |
| (44) 0131 555 1212                  |
------------------------------------

**DEPOSIT SLIP**

Date: 01/15/2023

Account Number: 12345678
Customer Name: Jane Doe

| Item Description | Amount (GBP) |
|-----------------|---------------|
| Cash Deposit    | 2,500.00      |
| Cheque 1        | 1,000.00      |
| Cheque 2        | 500.00        |
------------------------------------

**Subtotal:** 4,000.00
**Service Charge:** 0.00
------------------------------------

**Total Deposit:** 4,000.00

**Running Balance:** 12,345.00
------------------------------------

Cashier's Signature:
------------------------------------",PERSON_NAME,,"[245,253)",,12345678,,,0.32001435160636904
test,1740,54955,gretel_finance_pii,,false positive,"—-----------------------------------
| **Clydesdale Bank UK**            |
| 123 High Street, Edinburgh EH1 1BA  |
| (44) 0131 555 1212                  |
------------------------------------

**DEPOSIT SLIP**

Date: 01/15/2023

Account Number: 12345678
Customer Name: Jane Doe

| Item Description | Amount (GBP) |
|-----------------|---------------|
| Cash Deposit    | 2,500.00      |
| Cheque 1        | 1,000.00      |
| Cheque 2        | 500.00        |
------------------------------------

**Subtotal:** 4,000.00
**Service Charge:** 0.00
------------------------------------

**Total Deposit:** 4,000.00

**Running Balance:** 12,345.00
------------------------------------

Cashier's Signature:
------------------------------------",,PHONE,,"[117,135)",,(44) 0131 555 1212,0.9751954409811232,
test,1742,synthetic-00008763,securelogx_custom_logs,order_reference_ssn_shape_warn_v1,wrong entity class,WARN Order reference 442-58-3493 was replayed after a warehouse timeout. log_sequence=8763,BUSINESS_ID,SSN,"[21,32)","[21,32)",442-58-3493,442-58-3493,0.9960539564490318,
test,1752,40713,gretel_finance_pii,,boundary-too-short,":20:OTXUS3L:MT940:19B:230
:25:GB04ORWM32129166601436
:28C:037/000001822GB83
:60F:Credit
:61:20220523123456GBK.010.99GBP
Narrative text : Credit of GBP 0.10 to account of Sophie Nathalie Gomez, due to investment profit.
:61:20220522103545GBK.050.00GBP
Narrative text : Credit of GBP 50.00 to account of Sophie Nathalie Gomez, due to investment profit.
:61:20220520092534GBK.125.00GBP
Narrative text : Credit of GBP 125.00 to account of Sophie Nathalie Gomez, due to investment profit.
:62F:Debit
:63:20220518230012GBK.015.00GBP
Narrative text : Debit of GBP 15.00 to account of Sophie Nathalie Gomez, due to investment withdrawal.
:64:Credit
:65:20220516114509GBK.200.00GBP
Narrative text : Credit of GBP 200.00 to account of Sophie Nathalie Gomez, due to investment profit.
:86:PRIORITY
:86:/REFERENCEGB04ORWM32129166601436Sophie Nathalie Gomez7360 Thomas Villages

This MT940 message shows the account activity for Sophie Nathalie Gomez with the IBAN GB04ORWM32129166601436. The account has had various credits and debits related to",PERSON_NAME,PERSON_NAME,"[823,844)","[824,844)",Sophie Nathalie Gomez,ophie Nathalie Gomez,0.967747185911451,
test,1752,40713,gretel_finance_pii,,boundary-too-short,":20:OTXUS3L:MT940:19B:230
:25:GB04ORWM32129166601436
:28C:037/000001822GB83
:60F:Credit
:61:20220523123456GBK.010.99GBP
Narrative text : Credit of GBP 0.10 to account of Sophie Nathalie Gomez, due to investment profit.
:61:20220522103545GBK.050.00GBP
Narrative text : Credit of GBP 50.00 to account of Sophie Nathalie Gomez, due to investment profit.
:61:20220520092534GBK.125.00GBP
Narrative text : Credit of GBP 125.00 to account of Sophie Nathalie Gomez, due to investment profit.
:62F:Debit
:63:20220518230012GBK.015.00GBP
Narrative text : Debit of GBP 15.00 to account of Sophie Nathalie Gomez, due to investment withdrawal.
:64:Credit
:65:20220516114509GBK.200.00GBP
Narrative text : Credit of GBP 200.00 to account of Sophie Nathalie Gomez, due to investment profit.
:86:PRIORITY
:86:/REFERENCEGB04ORWM32129166601436Sophie Nathalie Gomez7360 Thomas Villages

This MT940 message shows the account activity for Sophie Nathalie Gomez with the IBAN GB04ORWM32129166601436. The account has had various credits and debits related to",STREET_ADDRESS,STREET_ADDRESS,"[844,864)","[845,864)",7360 Thomas Villages,360 Thomas Villages,0.8641424953937531,
test,1752,40713,gretel_finance_pii,,boundary-too-short,":20:OTXUS3L:MT940:19B:230
:25:GB04ORWM32129166601436
:28C:037/000001822GB83
:60F:Credit
:61:20220523123456GBK.010.99GBP
Narrative text : Credit of GBP 0.10 to account of Sophie Nathalie Gomez, due to investment profit.
:61:20220522103545GBK.050.00GBP
Narrative text : Credit of GBP 50.00 to account of Sophie Nathalie Gomez, due to investment profit.
:61:20220520092534GBK.125.00GBP
Narrative text : Credit of GBP 125.00 to account of Sophie Nathalie Gomez, due to investment profit.
:62F:Debit
:63:20220518230012GBK.015.00GBP
Narrative text : Debit of GBP 15.00 to account of Sophie Nathalie Gomez, due to investment withdrawal.
:64:Credit
:65:20220516114509GBK.200.00GBP
Narrative text : Credit of GBP 200.00 to account of Sophie Nathalie Gomez, due to investment profit.
:86:PRIORITY
:86:/REFERENCEGB04ORWM32129166601436Sophie Nathalie Gomez7360 Thomas Villages

This MT940 message shows the account activity for Sophie Nathalie Gomez with the IBAN GB04ORWM32129166601436. The account has had various credits and debits related to",IBAN,IBAN,"[801,823)","[808,821)",GB04ORWM32129166601436,M321291666014,0.5629188902676105,
test,1752,40713,gretel_finance_pii,,false positive,":20:OTXUS3L:MT940:19B:230
:25:GB04ORWM32129166601436
:28C:037/000001822GB83
:60F:Credit
:61:20220523123456GBK.010.99GBP
Narrative text : Credit of GBP 0.10 to account of Sophie Nathalie Gomez, due to investment profit.
:61:20220522103545GBK.050.00GBP
Narrative text : Credit of GBP 50.00 to account of Sophie Nathalie Gomez, due to investment profit.
:61:20220520092534GBK.125.00GBP
Narrative text : Credit of GBP 125.00 to account of Sophie Nathalie Gomez, due to investment profit.
:62F:Debit
:63:20220518230012GBK.015.00GBP
Narrative text : Debit of GBP 15.00 to account of Sophie Nathalie Gomez, due to investment withdrawal.
:64:Credit
:65:20220516114509GBK.200.00GBP
Narrative text : Credit of GBP 200.00 to account of Sophie Nathalie Gomez, due to investment profit.
:86:PRIORITY
:86:/REFERENCEGB04ORWM32129166601436Sophie Nathalie Gomez7360 Thomas Villages

This MT940 message shows the account activity for Sophie Nathalie Gomez with the IBAN GB04ORWM32129166601436. The account has had various credits and debits related to",,PERSON_NAME,,"[823,824)",,S,0.9479535818099976,
test,1752,40713,gretel_finance_pii,,false positive,":20:OTXUS3L:MT940:19B:230
:25:GB04ORWM32129166601436
:28C:037/000001822GB83
:60F:Credit
:61:20220523123456GBK.010.99GBP
Narrative text : Credit of GBP 0.10 to account of Sophie Nathalie Gomez, due to investment profit.
:61:20220522103545GBK.050.00GBP
Narrative text : Credit of GBP 50.00 to account of Sophie Nathalie Gomez, due to investment profit.
:61:20220520092534GBK.125.00GBP
Narrative text : Credit of GBP 125.00 to account of Sophie Nathalie Gomez, due to investment profit.
:62F:Debit
:63:20220518230012GBK.015.00GBP
Narrative text : Debit of GBP 15.00 to account of Sophie Nathalie Gomez, due to investment withdrawal.
:64:Credit
:65:20220516114509GBK.200.00GBP
Narrative text : Credit of GBP 200.00 to account of Sophie Nathalie Gomez, due to investment profit.
:86:PRIORITY
:86:/REFERENCEGB04ORWM32129166601436Sophie Nathalie Gomez7360 Thomas Villages

This MT940 message shows the account activity for Sophie Nathalie Gomez with the IBAN GB04ORWM32129166601436. The account has had various credits and debits related to",,STREET_ADDRESS,,"[844,845)",,7,0.670943558216095,
test,1769,synthetic-00002911,securelogx_custom_logs,order_reference_ssn_shape_warn_v1,wrong entity class,WARN Order reference 369-96-7734 was replayed after a warehouse timeout. log_sequence=2911,BUSINESS_ID,SSN,"[21,32)","[21,32)",369-96-7734,369-96-7734,0.9968654768807548,
test,1771,48967,gretel_finance_pii,,wrong entity class,"**Data Access Rights Privacy Policy**

At [Company Name], we are committed to protecting the privacy and security of our customers' personal data. This Privacy Policy outlines how we collect, use, and manage customer data, as well as the privacy protection measures and rights available to our customers.

**Collection and Use of Personal Data**

We collect personal data from our customers in order to provide them with the products and services they have requested. This data may include name, address, email, phone number, and other identifying information. We use this data solely for the purpose of providing and improving our products and services, and we do not share or sell this information to third parties except as required by law.

**Data Access Rights**

Customers have the right to request access to their personal data and to request that their data be corrected, updated, or deleted. To make such a request, customers can follow these steps:

1. Submit a request via email to [company email address], with the subject line ""Data Access Request.""
2. Include the following information in the request:
	* Full name
	* Mailing address
	* Email address
	* Description of the request (e.g., request for access, correction, update, or deletion)
3. We will respond to the request within 30 days of receipt.

**Data Protection Measures**

We take the security of our customers' personal data seriously and have implemented appropriate measures to protect against unauthorized access, alteration, disclosure, or destruction. These measures include:

* Encryption of personal data
* Regular security updates and testing
* Access controls and monitoring
* Employee training on data protection and privacy

**Changes to this Privacy Policy**

We reserve the right to make changes to this Privacy Policy at any time. If we make material changes to this policy, we will notify customers by email or through a notice on our website.

**Contact Us**

If you have any questions or concerns about this Privacy Policy or our data protection practices, please contact us at [company email address].

Effective Date: [Date]

Version: [Version Number]",STREET_ADDRESS,EMAIL,"[1008,1015)","[1002,1015)",address,email address,0.5033881366252899,
test,1771,48967,gretel_finance_pii,,false negative,"**Data Access Rights Privacy Policy**

At [Company Name], we are committed to protecting the privacy and security of our customers' personal data. This Privacy Policy outlines how we collect, use, and manage customer data, as well as the privacy protection measures and rights available to our customers.

**Collection and Use of Personal Data**

We collect personal data from our customers in order to provide them with the products and services they have requested. This data may include name, address, email, phone number, and other identifying information. We use this data solely for the purpose of providing and improving our products and services, and we do not share or sell this information to third parties except as required by law.

**Data Access Rights**

Customers have the right to request access to their personal data and to request that their data be corrected, updated, or deleted. To make such a request, customers can follow these steps:

1. Submit a request via email to [company email address], with the subject line ""Data Access Request.""
2. Include the following information in the request:
	* Full name
	* Mailing address
	* Email address
	* Description of the request (e.g., request for access, correction, update, or deletion)
3. We will respond to the request within 30 days of receipt.

**Data Protection Measures**

We take the security of our customers' personal data seriously and have implemented appropriate measures to protect against unauthorized access, alteration, disclosure, or destruction. These measures include:

* Encryption of personal data
* Regular security updates and testing
* Access controls and monitoring
* Employee training on data protection and privacy

**Changes to this Privacy Policy**

We reserve the right to make changes to this Privacy Policy at any time. If we make material changes to this policy, we will notify customers by email or through a notice on our website.

**Contact Us**

If you have any questions or concerns about this Privacy Policy or our data protection practices, please contact us at [company email address].

Effective Date: [Date]

Version: [Version Number]",STREET_ADDRESS,,"[496,503)",,address,,,0.01315084844827652
test,1771,48967,gretel_finance_pii,,false negative,"**Data Access Rights Privacy Policy**

At [Company Name], we are committed to protecting the privacy and security of our customers' personal data. This Privacy Policy outlines how we collect, use, and manage customer data, as well as the privacy protection measures and rights available to our customers.

**Collection and Use of Personal Data**

We collect personal data from our customers in order to provide them with the products and services they have requested. This data may include name, address, email, phone number, and other identifying information. We use this data solely for the purpose of providing and improving our products and services, and we do not share or sell this information to third parties except as required by law.

**Data Access Rights**

Customers have the right to request access to their personal data and to request that their data be corrected, updated, or deleted. To make such a request, customers can follow these steps:

1. Submit a request via email to [company email address], with the subject line ""Data Access Request.""
2. Include the following information in the request:
	* Full name
	* Mailing address
	* Email address
	* Description of the request (e.g., request for access, correction, update, or deletion)
3. We will respond to the request within 30 days of receipt.

**Data Protection Measures**

We take the security of our customers' personal data seriously and have implemented appropriate measures to protect against unauthorized access, alteration, disclosure, or destruction. These measures include:

* Encryption of personal data
* Regular security updates and testing
* Access controls and monitoring
* Employee training on data protection and privacy

**Changes to this Privacy Policy**

We reserve the right to make changes to this Privacy Policy at any time. If we make material changes to this policy, we will notify customers by email or through a notice on our website.

**Contact Us**

If you have any questions or concerns about this Privacy Policy or our data protection practices, please contact us at [company email address].

Effective Date: [Date]

Version: [Version Number]",PHONE,,"[512,524)",,phone number,,,0.1681976318359375
test,1771,48967,gretel_finance_pii,,false negative,"**Data Access Rights Privacy Policy**

At [Company Name], we are committed to protecting the privacy and security of our customers' personal data. This Privacy Policy outlines how we collect, use, and manage customer data, as well as the privacy protection measures and rights available to our customers.

**Collection and Use of Personal Data**

We collect personal data from our customers in order to provide them with the products and services they have requested. This data may include name, address, email, phone number, and other identifying information. We use this data solely for the purpose of providing and improving our products and services, and we do not share or sell this information to third parties except as required by law.

**Data Access Rights**

Customers have the right to request access to their personal data and to request that their data be corrected, updated, or deleted. To make such a request, customers can follow these steps:

1. Submit a request via email to [company email address], with the subject line ""Data Access Request.""
2. Include the following information in the request:
	* Full name
	* Mailing address
	* Email address
	* Description of the request (e.g., request for access, correction, update, or deletion)
3. We will respond to the request within 30 days of receipt.

**Data Protection Measures**

We take the security of our customers' personal data seriously and have implemented appropriate measures to protect against unauthorized access, alteration, disclosure, or destruction. These measures include:

* Encryption of personal data
* Regular security updates and testing
* Access controls and monitoring
* Employee training on data protection and privacy

**Changes to this Privacy Policy**

We reserve the right to make changes to this Privacy Policy at any time. If we make material changes to this policy, we will notify customers by email or through a notice on our website.

**Contact Us**

If you have any questions or concerns about this Privacy Policy or our data protection practices, please contact us at [company email address].

Effective Date: [Date]

Version: [Version Number]",STREET_ADDRESS,,"[1140,1147)",,address,,,0.0001390087272739038
test,1771,48967,gretel_finance_pii,,false negative,"**Data Access Rights Privacy Policy**

At [Company Name], we are committed to protecting the privacy and security of our customers' personal data. This Privacy Policy outlines how we collect, use, and manage customer data, as well as the privacy protection measures and rights available to our customers.

**Collection and Use of Personal Data**

We collect personal data from our customers in order to provide them with the products and services they have requested. This data may include name, address, email, phone number, and other identifying information. We use this data solely for the purpose of providing and improving our products and services, and we do not share or sell this information to third parties except as required by law.

**Data Access Rights**

Customers have the right to request access to their personal data and to request that their data be corrected, updated, or deleted. To make such a request, customers can follow these steps:

1. Submit a request via email to [company email address], with the subject line ""Data Access Request.""
2. Include the following information in the request:
	* Full name
	* Mailing address
	* Email address
	* Description of the request (e.g., request for access, correction, update, or deletion)
3. We will respond to the request within 30 days of receipt.

**Data Protection Measures**

We take the security of our customers' personal data seriously and have implemented appropriate measures to protect against unauthorized access, alteration, disclosure, or destruction. These measures include:

* Encryption of personal data
* Regular security updates and testing
* Access controls and monitoring
* Employee training on data protection and privacy

**Changes to this Privacy Policy**

We reserve the right to make changes to this Privacy Policy at any time. If we make material changes to this policy, we will notify customers by email or through a notice on our website.

**Contact Us**

If you have any questions or concerns about this Privacy Policy or our data protection practices, please contact us at [company email address].

Effective Date: [Date]

Version: [Version Number]",STREET_ADDRESS,,"[1157,1164)",,address,,,0.00013986637350171804
test,1771,48967,gretel_finance_pii,,false negative,"**Data Access Rights Privacy Policy**

At [Company Name], we are committed to protecting the privacy and security of our customers' personal data. This Privacy Policy outlines how we collect, use, and manage customer data, as well as the privacy protection measures and rights available to our customers.

**Collection and Use of Personal Data**

We collect personal data from our customers in order to provide them with the products and services they have requested. This data may include name, address, email, phone number, and other identifying information. We use this data solely for the purpose of providing and improving our products and services, and we do not share or sell this information to third parties except as required by law.

**Data Access Rights**

Customers have the right to request access to their personal data and to request that their data be corrected, updated, or deleted. To make such a request, customers can follow these steps:

1. Submit a request via email to [company email address], with the subject line ""Data Access Request.""
2. Include the following information in the request:
	* Full name
	* Mailing address
	* Email address
	* Description of the request (e.g., request for access, correction, update, or deletion)
3. We will respond to the request within 30 days of receipt.

**Data Protection Measures**

We take the security of our customers' personal data seriously and have implemented appropriate measures to protect against unauthorized access, alteration, disclosure, or destruction. These measures include:

* Encryption of personal data
* Regular security updates and testing
* Access controls and monitoring
* Employee training on data protection and privacy

**Changes to this Privacy Policy**

We reserve the right to make changes to this Privacy Policy at any time. If we make material changes to this policy, we will notify customers by email or through a notice on our website.

**Contact Us**

If you have any questions or concerns about this Privacy Policy or our data protection practices, please contact us at [company email address].

Effective Date: [Date]

Version: [Version Number]",STREET_ADDRESS,,"[2085,2092)",,address,,,0.0007389101083390415
test,1776,52532,gretel_finance_pii,,boundary-too-short,"SPONSORSHIP AGREEMENT

This Sponsorship Agreement (the ""Agreement"") is made and entered into as of the date of acceptance, by and between XYZ Corporation, a company organized and existing under the laws of the State of Delaware, with its principal place of business at 123 Main Street, Anytown, DE 19999 (hereinafter referred to as ""Sponsor""), and [Sponsored Party], an individual or entity organized and existing under the laws of [Sponsored Party's Jurisdiction], with its principal place of business at [Sponsored Party's Address] (hereinafter referred to as ""Sponsored Party"").

WHEREAS, Sponsor desires to sponsor certain events or activities of Sponsored Party, and Sponsored Party desires to accept such sponsorship, all upon the terms and conditions set forth herein.

NOW, THEREFORE, in consideration of the mutual covenants, representations, warranties, and conditions contained herein, the receipt and sufficiency of which is hereby acknowledged, the parties agree as follows:

1. SPONSORSHIP BENEFITS

1.1. Sponsor shall have the right to use Sponsored Party's name, trademarks, service marks, logos, and other identifying material (the ""Sponsored Marks"") for the purpose of promoting Sponsor's products and services in connection with the sponsored events or activities.

1.2. Sponsor shall have the right to display banners, signs, and other promotional materials at the sponsored events or activities.

1.3. Sponsor shall receive a designated number of tickets to the sponsored events or activities, as agreed upon by the parties.

1.4. Sponsor shall receive recognition as a sponsor in all promotional materials for the sponsored events or activities, including but not limited to press releases, social media, and email marketing campaigns.

1.5. Sponsor shall have the right to distribute promotional materials at the sponsored events or activities, subject to the approval of Sponsored Party.

2. SPONSOR OBLIGATIONS

2.1. Sponsor shall pay to Sponsored Party a sponsorship fee of $[Sponsorship Fee] for",PERSON_NAME,PERSON_NAME,"[348,365)","[349,364)",[Sponsored Party],Sponsored Party,0.6576679110527038,
test,1793,33618,gretel_finance_pii,,false negative,"Loan Application

Full Legal Name: Josette S. Grondin
First Name: Josette
Middle Initial: S.
Street Address: 394 Martha Ramp

Loan Information
Loan Amount: $25,000
Loan Purpose: Home Improvement

Employment History

1. Company Name: ABC Construction
Job Title: Site Supervisor
Tenure: 5 years
Roles and Responsibilities:
- Managing and coordinating construction projects
- Ensuring adherence to safety and quality standards
- Supervising and leading a team of construction workers

2. Company Name: XYZ Builders
Job Title: Project Coordinator
Tenure: 3 years
Roles and Responsibilities:
- Planning and organizing construction projects
- Coordinating with architects, engineers, and other stakeholders
- Ensuring projects are completed on time and within budget

Supporting Documents:
- Resume
- Last two pay stubs
- Last two years' W-2s
- Bank statements for the past three months
- Proof of home ownership
- Contractor's estimate for home improvement project",PERSON_NAME,,"[90,92)",,S.,,,0.00024269088316941634
test,1805,synthetic-00024989,securelogx_custom_logs,order_reference_ssn_shape_warn_v1,wrong entity class,WARN Order reference 573-21-1707 was replayed after a warehouse timeout. log_sequence=24989,BUSINESS_ID,SSN,"[21,32)","[21,32)",573-21-1707,573-21-1707,0.9960373980658395,
test,1816,54388,gretel_finance_pii,,false positive,"Title: Software Installation - Adobe Creative Cloud for Patricia Delannoy

Ticket ID: #123456
Submitted By: IT Support Team
Date/Time: 2022-03-01 10:30:00
Priority: Medium
Category: Software Installation
Status: In Progress

Problem Description:
Patricia Delannoy from 1995 Andrea Ranch, Apt. 9700 reported that she is unable to install Adobe Creative Cloud on her computer. She needs this software for her graphic design projects.

Steps to Reproduce:
1. Navigate to the Adobe Creative Cloud download page.
2. Enter the swift_bic_code GMTKGBOQ301 as the payment method.
3. Download the setup file for Windows operating system.
4. Launch the installer and follow the on-screen instructions.
5. During the installation process, select 'Creative Cloud' as the desired application.

Expected Result:
Adobe Creative Cloud should be successfully installed on the user's computer.

Actual Result:
The installation process encounters an error and fails to complete.

Resolution Details:
1. Confirm that the system meets the minimum requirements for Adobe Creative Cloud installation.
2. Temporarily disable any antivirus or firewall software that may interfere with the installation process.
3. Clear the browser cache and cookies, then attempt to download the setup file again.
4. Run the installer as an administrator.
5. If the issue persists, contact the IT Support Team for further assistance.

Next Steps:
1. Follow the resolution steps provided above.
2. If the issue is resolved, update the ticket status to 'Resolved'.
3. If the issue remains unresolved, escalate the ticket to the next level of support.",,PERSON_NAME,,"[90,93)",,456,0.5652239918708801,
test,1834,45573,gretel_finance_pii,,false negative,"Dispute Resolution Policy: Peer Review

1. Purpose

This Dispute Resolution Policy outlines the procedures and processes for resolving disputes between parties within the company or with external entities, utilizing a peer review system. The goal of this policy is to ensure that disputes are handled in a fair, efficient, and timely manner, while maintaining the highest professional standards and expertise.

2. Scope

This policy applies to all employees, contractors, partners, customers, and any other parties involved in disputes related to the company's products, services, or operations.

3. Definitions

a. Dispute: A disagreement or conflict between parties regarding the interpretation, application, or performance of any aspect related to the company's products, services, or operations.

b. Peer Review: An evaluation and resolution process involving professionals with similar expertise and experience to those involved in the dispute.

c. Panel: A group of peers selected to review and resolve a dispute.

d. Complainant: The party who initiates the dispute resolution process.

e. Respondent: The party against whom the dispute is brought.

4. Dispute Resolution Process

4.1. Initiation

A dispute may be initiated by either the complainant or the respondent by submitting a written request to the Dispute Resolution Committee (DRC), outlining the nature of the dispute, the parties involved, and the requested remedy.

4.2. DRC Review

Upon receiving a dispute request, the DRC will review the request to ensure it meets the criteria for dispute resolution as outlined in this policy. If the request is deemed valid, the DRC will proceed to form a panel.

4.3. Panel Selection

The DRC will select a panel of peers with relevant expertise and experience to the dispute. The panel will consist of an odd number of members, typically three to five, to ensure a majority decision can be reached.

4.4. Communication

The DRC will notify the complainant and the respondent of the panel selection and provide them with the panel members' contact information. The complainant and the respondent will have the opportunity to object to any panel member, providing a valid reason for their objection. The DRC will review the objections and make the final decision regarding panel membership.

",PERSON_NAME,,"[1024,1035)",,Complainant,,,0.00012496765702962875
test,1834,45573,gretel_finance_pii,,false negative,"Dispute Resolution Policy: Peer Review

1. Purpose

This Dispute Resolution Policy outlines the procedures and processes for resolving disputes between parties within the company or with external entities, utilizing a peer review system. The goal of this policy is to ensure that disputes are handled in a fair, efficient, and timely manner, while maintaining the highest professional standards and expertise.

2. Scope

This policy applies to all employees, contractors, partners, customers, and any other parties involved in disputes related to the company's products, services, or operations.

3. Definitions

a. Dispute: A disagreement or conflict between parties regarding the interpretation, application, or performance of any aspect related to the company's products, services, or operations.

b. Peer Review: An evaluation and resolution process involving professionals with similar expertise and experience to those involved in the dispute.

c. Panel: A group of peers selected to review and resolve a dispute.

d. Complainant: The party who initiates the dispute resolution process.

e. Respondent: The party against whom the dispute is brought.

4. Dispute Resolution Process

4.1. Initiation

A dispute may be initiated by either the complainant or the respondent by submitting a written request to the Dispute Resolution Committee (DRC), outlining the nature of the dispute, the parties involved, and the requested remedy.

4.2. DRC Review

Upon receiving a dispute request, the DRC will review the request to ensure it meets the criteria for dispute resolution as outlined in this policy. If the request is deemed valid, the DRC will proceed to form a panel.

4.3. Panel Selection

The DRC will select a panel of peers with relevant expertise and experience to the dispute. The panel will consist of an odd number of members, typically three to five, to ensure a majority decision can be reached.

4.4. Communication

The DRC will notify the complainant and the respondent of the panel selection and provide them with the panel members' contact information. The complainant and the respondent will have the opportunity to object to any panel member, providing a valid reason for their objection. The DRC will review the objections and make the final decision regarding panel membership.

",PERSON_NAME,,"[1097,1107)",,Respondent,,,0.0002125637784047285
test,1834,45573,gretel_finance_pii,,false negative,"Dispute Resolution Policy: Peer Review

1. Purpose

This Dispute Resolution Policy outlines the procedures and processes for resolving disputes between parties within the company or with external entities, utilizing a peer review system. The goal of this policy is to ensure that disputes are handled in a fair, efficient, and timely manner, while maintaining the highest professional standards and expertise.

2. Scope

This policy applies to all employees, contractors, partners, customers, and any other parties involved in disputes related to the company's products, services, or operations.

3. Definitions

a. Dispute: A disagreement or conflict between parties regarding the interpretation, application, or performance of any aspect related to the company's products, services, or operations.

b. Peer Review: An evaluation and resolution process involving professionals with similar expertise and experience to those involved in the dispute.

c. Panel: A group of peers selected to review and resolve a dispute.

d. Complainant: The party who initiates the dispute resolution process.

e. Respondent: The party against whom the dispute is brought.

4. Dispute Resolution Process

4.1. Initiation

A dispute may be initiated by either the complainant or the respondent by submitting a written request to the Dispute Resolution Committee (DRC), outlining the nature of the dispute, the parties involved, and the requested remedy.

4.2. DRC Review

Upon receiving a dispute request, the DRC will review the request to ensure it meets the criteria for dispute resolution as outlined in this policy. If the request is deemed valid, the DRC will proceed to form a panel.

4.3. Panel Selection

The DRC will select a panel of peers with relevant expertise and experience to the dispute. The panel will consist of an odd number of members, typically three to five, to ensure a majority decision can be reached.

4.4. Communication

The DRC will notify the complainant and the respondent of the panel selection and provide them with the panel members' contact information. The complainant and the respondent will have the opportunity to object to any panel member, providing a valid reason for their objection. The DRC will review the objections and make the final decision regarding panel membership.

",PERSON_NAME,,"[1246,1257)",,complainant,,,0.002010185708058998
test,1834,45573,gretel_finance_pii,,false negative,"Dispute Resolution Policy: Peer Review

1. Purpose

This Dispute Resolution Policy outlines the procedures and processes for resolving disputes between parties within the company or with external entities, utilizing a peer review system. The goal of this policy is to ensure that disputes are handled in a fair, efficient, and timely manner, while maintaining the highest professional standards and expertise.

2. Scope

This policy applies to all employees, contractors, partners, customers, and any other parties involved in disputes related to the company's products, services, or operations.

3. Definitions

a. Dispute: A disagreement or conflict between parties regarding the interpretation, application, or performance of any aspect related to the company's products, services, or operations.

b. Peer Review: An evaluation and resolution process involving professionals with similar expertise and experience to those involved in the dispute.

c. Panel: A group of peers selected to review and resolve a dispute.

d. Complainant: The party who initiates the dispute resolution process.

e. Respondent: The party against whom the dispute is brought.

4. Dispute Resolution Process

4.1. Initiation

A dispute may be initiated by either the complainant or the respondent by submitting a written request to the Dispute Resolution Committee (DRC), outlining the nature of the dispute, the parties involved, and the requested remedy.

4.2. DRC Review

Upon receiving a dispute request, the DRC will review the request to ensure it meets the criteria for dispute resolution as outlined in this policy. If the request is deemed valid, the DRC will proceed to form a panel.

4.3. Panel Selection

The DRC will select a panel of peers with relevant expertise and experience to the dispute. The panel will consist of an odd number of members, typically three to five, to ensure a majority decision can be reached.

4.4. Communication

The DRC will notify the complainant and the respondent of the panel selection and provide them with the panel members' contact information. The complainant and the respondent will have the opportunity to object to any panel member, providing a valid reason for their objection. The DRC will review the objections and make the final decision regarding panel membership.

",PERSON_NAME,,"[1265,1275)",,respondent,,,0.0026657339185476303
test,1834,45573,gretel_finance_pii,,false negative,"Dispute Resolution Policy: Peer Review

1. Purpose

This Dispute Resolution Policy outlines the procedures and processes for resolving disputes between parties within the company or with external entities, utilizing a peer review system. The goal of this policy is to ensure that disputes are handled in a fair, efficient, and timely manner, while maintaining the highest professional standards and expertise.

2. Scope

This policy applies to all employees, contractors, partners, customers, and any other parties involved in disputes related to the company's products, services, or operations.

3. Definitions

a. Dispute: A disagreement or conflict between parties regarding the interpretation, application, or performance of any aspect related to the company's products, services, or operations.

b. Peer Review: An evaluation and resolution process involving professionals with similar expertise and experience to those involved in the dispute.

c. Panel: A group of peers selected to review and resolve a dispute.

d. Complainant: The party who initiates the dispute resolution process.

e. Respondent: The party against whom the dispute is brought.

4. Dispute Resolution Process

4.1. Initiation

A dispute may be initiated by either the complainant or the respondent by submitting a written request to the Dispute Resolution Committee (DRC), outlining the nature of the dispute, the parties involved, and the requested remedy.

4.2. DRC Review

Upon receiving a dispute request, the DRC will review the request to ensure it meets the criteria for dispute resolution as outlined in this policy. If the request is deemed valid, the DRC will proceed to form a panel.

4.3. Panel Selection

The DRC will select a panel of peers with relevant expertise and experience to the dispute. The panel will consist of an odd number of members, typically three to five, to ensure a majority decision can be reached.

4.4. Communication

The DRC will notify the complainant and the respondent of the panel selection and provide them with the panel members' contact information. The complainant and the respondent will have the opportunity to object to any panel member, providing a valid reason for their objection. The DRC will review the objections and make the final decision regarding panel membership.

",PERSON_NAME,,"[1956,1967)",,complainant,,,0.0068479839246720076
test,1834,45573,gretel_finance_pii,,false negative,"Dispute Resolution Policy: Peer Review

1. Purpose

This Dispute Resolution Policy outlines the procedures and processes for resolving disputes between parties within the company or with external entities, utilizing a peer review system. The goal of this policy is to ensure that disputes are handled in a fair, efficient, and timely manner, while maintaining the highest professional standards and expertise.

2. Scope

This policy applies to all employees, contractors, partners, customers, and any other parties involved in disputes related to the company's products, services, or operations.

3. Definitions

a. Dispute: A disagreement or conflict between parties regarding the interpretation, application, or performance of any aspect related to the company's products, services, or operations.

b. Peer Review: An evaluation and resolution process involving professionals with similar expertise and experience to those involved in the dispute.

c. Panel: A group of peers selected to review and resolve a dispute.

d. Complainant: The party who initiates the dispute resolution process.

e. Respondent: The party against whom the dispute is brought.

4. Dispute Resolution Process

4.1. Initiation

A dispute may be initiated by either the complainant or the respondent by submitting a written request to the Dispute Resolution Committee (DRC), outlining the nature of the dispute, the parties involved, and the requested remedy.

4.2. DRC Review

Upon receiving a dispute request, the DRC will review the request to ensure it meets the criteria for dispute resolution as outlined in this policy. If the request is deemed valid, the DRC will proceed to form a panel.

4.3. Panel Selection

The DRC will select a panel of peers with relevant expertise and experience to the dispute. The panel will consist of an odd number of members, typically three to five, to ensure a majority decision can be reached.

4.4. Communication

The DRC will notify the complainant and the respondent of the panel selection and provide them with the panel members' contact information. The complainant and the respondent will have the opportunity to object to any panel member, providing a valid reason for their objection. The DRC will review the objections and make the final decision regarding panel membership.

",PERSON_NAME,,"[1976,1986)",,respondent,,,0.0017124057631008327
test,1834,45573,gretel_finance_pii,,false negative,"Dispute Resolution Policy: Peer Review

1. Purpose

This Dispute Resolution Policy outlines the procedures and processes for resolving disputes between parties within the company or with external entities, utilizing a peer review system. The goal of this policy is to ensure that disputes are handled in a fair, efficient, and timely manner, while maintaining the highest professional standards and expertise.

2. Scope

This policy applies to all employees, contractors, partners, customers, and any other parties involved in disputes related to the company's products, services, or operations.

3. Definitions

a. Dispute: A disagreement or conflict between parties regarding the interpretation, application, or performance of any aspect related to the company's products, services, or operations.

b. Peer Review: An evaluation and resolution process involving professionals with similar expertise and experience to those involved in the dispute.

c. Panel: A group of peers selected to review and resolve a dispute.

d. Complainant: The party who initiates the dispute resolution process.

e. Respondent: The party against whom the dispute is brought.

4. Dispute Resolution Process

4.1. Initiation

A dispute may be initiated by either the complainant or the respondent by submitting a written request to the Dispute Resolution Committee (DRC), outlining the nature of the dispute, the parties involved, and the requested remedy.

4.2. DRC Review

Upon receiving a dispute request, the DRC will review the request to ensure it meets the criteria for dispute resolution as outlined in this policy. If the request is deemed valid, the DRC will proceed to form a panel.

4.3. Panel Selection

The DRC will select a panel of peers with relevant expertise and experience to the dispute. The panel will consist of an odd number of members, typically three to five, to ensure a majority decision can be reached.

4.4. Communication

The DRC will notify the complainant and the respondent of the panel selection and provide them with the panel members' contact information. The complainant and the respondent will have the opportunity to object to any panel member, providing a valid reason for their objection. The DRC will review the objections and make the final decision regarding panel membership.

",PERSON_NAME,,"[2076,2087)",,complainant,,,0.025487694889307022
test,1834,45573,gretel_finance_pii,,false negative,"Dispute Resolution Policy: Peer Review

1. Purpose

This Dispute Resolution Policy outlines the procedures and processes for resolving disputes between parties within the company or with external entities, utilizing a peer review system. The goal of this policy is to ensure that disputes are handled in a fair, efficient, and timely manner, while maintaining the highest professional standards and expertise.

2. Scope

This policy applies to all employees, contractors, partners, customers, and any other parties involved in disputes related to the company's products, services, or operations.

3. Definitions

a. Dispute: A disagreement or conflict between parties regarding the interpretation, application, or performance of any aspect related to the company's products, services, or operations.

b. Peer Review: An evaluation and resolution process involving professionals with similar expertise and experience to those involved in the dispute.

c. Panel: A group of peers selected to review and resolve a dispute.

d. Complainant: The party who initiates the dispute resolution process.

e. Respondent: The party against whom the dispute is brought.

4. Dispute Resolution Process

4.1. Initiation

A dispute may be initiated by either the complainant or the respondent by submitting a written request to the Dispute Resolution Committee (DRC), outlining the nature of the dispute, the parties involved, and the requested remedy.

4.2. DRC Review

Upon receiving a dispute request, the DRC will review the request to ensure it meets the criteria for dispute resolution as outlined in this policy. If the request is deemed valid, the DRC will proceed to form a panel.

4.3. Panel Selection

The DRC will select a panel of peers with relevant expertise and experience to the dispute. The panel will consist of an odd number of members, typically three to five, to ensure a majority decision can be reached.

4.4. Communication

The DRC will notify the complainant and the respondent of the panel selection and provide them with the panel members' contact information. The complainant and the respondent will have the opportunity to object to any panel member, providing a valid reason for their objection. The DRC will review the objections and make the final decision regarding panel membership.

",PERSON_NAME,,"[2096,2106)",,respondent,,,0.02006517769768834
test,1870,48430,gretel_finance_pii,,boundary-too-short,"{
  ""timestamp"": ""2022-03-22T14:30:00Z"",
  ""algoTrades"": [
    {
      ""tradeId"": 123456,
      ""instrument"": ""EURUSD"",
      ""direction"": ""buy"",
      ""quantity"": 1000000,
      ""price"": 1.1965,
      ""tradeTime"": ""2022-03-22T14:29:52Z"",
      ""apiKey"": ""ghp_QdcEwJQOcz150QKXfN6i2abbBPNV4Vpll7Zy"",
      ""trader"": {
        ""name"": ""Elli Niko Gotthard"",
        ""contact"": {
          ""phone"": ""(997)266-1018x06535""
        }
      },
      ""orderType"": ""market"",
      ""status"": ""filled"",
      ""notes"": ""Auto-executed trade based on 50-day moving average crossover strategy""
    },
    {
      ""tradeId"": 123457,
      ""instrument"": ""GBPJPY"",
      ""direction"": ""sell"",
      ""quantity"": 5000000,
      ""price"": 148.25,
      ""tradeTime"": ""2022-03-22T14:29:48Z"",
      ""apiKey"": ""ghp_QdcEwJQOcz150QKXfN6i2abbBPNV4Vpll7Zy"",
      ""trader"": {
        ""name"": ""Elli Niko Gotthard"",
        ""contact"": {
          ""phone"": ""(997)266-1018x06535""
        }
      },
      ""orderType"": ""limit"",
      ""status"": ""filled"",
      ""notes"": ""Auto-executed trade based on RSI(14) oversold condition""
",API_KEY,API_KEY,"[783,823)","[783,822)",ghp_QdcEwJQOcz150QKXfN6i2abbBPNV4Vpll7Zy,ghp_QdcEwJQOcz150QKXfN6i2abbBPNV4Vpll7Z,0.7502225041389465,
test,1870,48430,gretel_finance_pii,,false negative,"{
  ""timestamp"": ""2022-03-22T14:30:00Z"",
  ""algoTrades"": [
    {
      ""tradeId"": 123456,
      ""instrument"": ""EURUSD"",
      ""direction"": ""buy"",
      ""quantity"": 1000000,
      ""price"": 1.1965,
      ""tradeTime"": ""2022-03-22T14:29:52Z"",
      ""apiKey"": ""ghp_QdcEwJQOcz150QKXfN6i2abbBPNV4Vpll7Zy"",
      ""trader"": {
        ""name"": ""Elli Niko Gotthard"",
        ""contact"": {
          ""phone"": ""(997)266-1018x06535""
        }
      },
      ""orderType"": ""market"",
      ""status"": ""filled"",
      ""notes"": ""Auto-executed trade based on 50-day moving average crossover strategy""
    },
    {
      ""tradeId"": 123457,
      ""instrument"": ""GBPJPY"",
      ""direction"": ""sell"",
      ""quantity"": 5000000,
      ""price"": 148.25,
      ""tradeTime"": ""2022-03-22T14:29:48Z"",
      ""apiKey"": ""ghp_QdcEwJQOcz150QKXfN6i2abbBPNV4Vpll7Zy"",
      ""trader"": {
        ""name"": ""Elli Niko Gotthard"",
        ""contact"": {
          ""phone"": ""(997)266-1018x06535""
        }
      },
      ""orderType"": ""limit"",
      ""status"": ""filled"",
      ""notes"": ""Auto-executed trade based on RSI(14) oversold condition""
",API_KEY,,"[256,296)",,ghp_QdcEwJQOcz150QKXfN6i2abbBPNV4Vpll7Zy,,,0.1059449885572706
test,1879,38154,gretel_finance_pii,,false negative,"Subject: Exclusive Renewal Incentive for Sergio Zenta Cichorius - Don't Miss Out!

Dear Sergio Zenta Cichorius,

We hope this message finds you well. As your policy renewal date (06/01/2023) approaches, we are excited to offer you an exclusive renewal incentive to express our gratitude for your continued trust in our services.

By renewing your policy before the deadline, you will receive a 10% discount on your premium amount of $850. This limited-time offer is our way of saying thank you for your loyalty.

Here's a quick summary of your coverage details:
- Coverage Period: June 1, 2023 - May 31, 2024
- Premium Amount: $850 (with the 10% discount, you'll pay only $765)
- Coverage Type: [Insert Coverage Type]
- Coverage Limits: [Insert Coverage Limits]

To take advantage of this exclusive offer and renew your policy early, simply visit our policy renewal portal at [Insert Portal URL] or call our customer support team at [Insert Customer Support Number] by May 31, 2023.

Terms and Conditions:
1. Offer valid until May 31, 2023.
2. Discount applicable only to policies due for renewal on June 1, 2023.
3. Cannot be combined with any other offers or promotions.
4. Offer subject to change or withdrawal at any time.

Should you have any questions or need assistance, please do not hesitate to contact our customer support team at [Insert Customer Support Number] or via email at [Insert Customer Support Email]. We are here to help.

Thank you for choosing us for your insurance needs. We look forward to continuing to serve you.

Warm regards,

[Your Name]
[Your Title]
[Company Name]
[Company Address]
[Company Website]
[Company Email]
[Company Phone Number]",EMAIL,,"[1390,1421)",,[Insert Customer Support Email],,,0.10685978960245848
test,1879,38154,gretel_finance_pii,,false positive,"Subject: Exclusive Renewal Incentive for Sergio Zenta Cichorius - Don't Miss Out!

Dear Sergio Zenta Cichorius,

We hope this message finds you well. As your policy renewal date (06/01/2023) approaches, we are excited to offer you an exclusive renewal incentive to express our gratitude for your continued trust in our services.

By renewing your policy before the deadline, you will receive a 10% discount on your premium amount of $850. This limited-time offer is our way of saying thank you for your loyalty.

Here's a quick summary of your coverage details:
- Coverage Period: June 1, 2023 - May 31, 2024
- Premium Amount: $850 (with the 10% discount, you'll pay only $765)
- Coverage Type: [Insert Coverage Type]
- Coverage Limits: [Insert Coverage Limits]

To take advantage of this exclusive offer and renew your policy early, simply visit our policy renewal portal at [Insert Portal URL] or call our customer support team at [Insert Customer Support Number] by May 31, 2023.

Terms and Conditions:
1. Offer valid until May 31, 2023.
2. Discount applicable only to policies due for renewal on June 1, 2023.
3. Cannot be combined with any other offers or promotions.
4. Offer subject to change or withdrawal at any time.

Should you have any questions or need assistance, please do not hesitate to contact our customer support team at [Insert Customer Support Number] or via email at [Insert Customer Support Email]. We are here to help.

Thank you for choosing us for your insurance needs. We look forward to continuing to serve you.

Warm regards,

[Your Name]
[Your Title]
[Company Name]
[Company Address]
[Company Website]
[Company Email]
[Company Phone Number]",,PERSON_NAME,,"[1342,1344)",,In,0.5177540183067322,
test,1888,42128,gretel_finance_pii,,false negative,"**Product Disclosure Statement**

**Investment Opportunity:** The Grosvenor Square Residential Development Fund

**Investment Type:** Real Estate Investment

**Property Types:** Residential Apartments

**Location:** Grosvenor Square, London, United Kingdom

**Investment Amount:** Minimum investment of £50,000

**Projected Returns:**

* Rental Income: 4% p.a.
* Capital Appreciation: 3% p.a. over 5 years

**Risks:**

* Real estate markets are subject to cyclical fluctuations.
* The value of investments may go down as well as up.
* There is a risk that rental income may not cover the costs of the development.
* The development may not be completed on time or on budget.
* The development may not achieve the projected rental income or capital appreciation.
* There is a risk that the development may not be fully occupied.

**Costs:**

* Management Fees: 1% p.a.
* Maintenance and Repairs: 1% p.a.
* Property Taxes: 2% p.a.

**Property Listings:**

* 1 Bedroom Apartment: £500,000
* 2 Bedroom Apartment: £750,000
* 3 Bedroom Apartment: £1,000,000

**Rental Income Projections:**

* 1 Bedroom Apartment: £2,000 p.m.
* 2 Bedroom Apartment: £3,000 p.m.
* 3 Bedroom Apartment: £4,000 p.m.

**Property Management:**

* Property management will be provided by Grosvenor Square Property Management Ltd.
* Property management fees will be 1% p.a.

**Property Value Appreciation:**

* Over the past 5 years, property values in Grosvenor Square have appreciated by an average of 3% p.a.

**Important Information:**

* This investment is not covered by the Financial Services Compensation Scheme (FSCS).
* This investment is not regulated by",STREET_ADDRESS,,"[216,256)",,"Grosvenor Square, London, United Kingdom",,,0.2843435287475586
test,1903,synthetic-00022329,securelogx_custom_logs,order_reference_ssn_shape_warn_v1,wrong entity class,WARN Order reference 662-14-2774 was replayed after a warehouse timeout. log_sequence=22329,BUSINESS_ID,SSN,"[21,32)","[21,32)",662-14-2774,662-14-2774,0.9966172501444817,
test,1919,42097,gretel_finance_pii,,boundary-too-short,"Financial Aid Application - Emergency Fund Request

Full Name: Jane Doe
Date: March 15, 2023

Mailing Address:
456 Oak Street
Apt. 3
Toronto, ON
M4Y 1Z9
Canada

Phone Number: (123) 456-7890
Email Address: [jane.doe@email.com](mailto:jane.doe@email.com)

Educational Institution: University of Toronto
Program of Study: Bachelor of Science in Psychology
Expected Graduation Date: May 2024

Emergency Fund Request Details:

I am writing to request emergency financial assistance to help me continue my education due to unforeseen circumstances. Recently, my only source of income, my part-time job at a local bookstore, was impacted by the COVID-19 pandemic, and I was laid off. As a result, I am currently facing significant financial challenges in covering my living expenses and educational costs.

I have explored various options for financial assistance, such as government aid, scholarships, and loans, but unfortunately, these options have been exhausted or are not available to me in a timely manner. I am reaching out to the emergency fund as a last resort to ensure that I can continue my education without interruption.

I am committed to my studies and have maintained a strong academic record throughout my time at the University of Toronto. I am confident that, with the necessary financial support, I will be able to overcome this temporary setback and complete my degree.

I have attached all necessary documentation, including proof of my financial situation, a detailed budget, and a letter of recommendation from a faculty member. I would greatly appreciate your consideration of my request for emergency financial assistance.

Thank you for your time and attention.

Sincerely,
Jane Doe",STREET_ADDRESS,STREET_ADDRESS,"[111,159)","[111,132)","456 Oak Street
Apt. 3
Toronto, ON
M4Y 1Z9
Canada","456 Oak Street
Apt. 3",0.9101315513253212,
test,1935,54429,gretel_finance_pii,,false negative,"DISPUTE RESOLUTION POLICY – EXPERT DETERMINATION

1. INTRODUCTION

This Dispute Resolution Policy (the ""Policy"") sets out the procedures and processes for resolving disputes between parties under the Expert Determination method. This Policy applies to all contractual relationships between SmartLogic Solutions Ltd. (""SmartLogic"") and its clients, vendors, partners, or any other parties with which SmartLogic has a business relationship (the ""Parties"").

2. DEFINITIONS

2.1 ""Expert"" means an independent and impartial individual appointed in accordance with the provisions of this Policy to determine the Dispute.

2.2 ""Dispute"" means any disagreement, difference, or question between the Parties, arising out of or in connection with a contract or any other legal relationship between them.

3. APPLICATION OF THIS POLICY

3.1 This Policy shall apply if the Parties have agreed in writing to submit a Dispute to Expert Determination.

3.2 This Policy shall not prevent the Parties from seeking interim or conservatory relief from a competent court having jurisdiction.

4. APPOINTMENT OF THE EXPERT

4.1 The Expert shall be appointed by agreement between the Parties.

4.2 If the Parties cannot agree on the appointment of the Expert within 14 days of the written notice of the Dispute, either Party may request the President of the London Court of International Arbitration (the ""LCIA"") to appoint an Expert.

5. PROCEDURE

5.1 The Expert shall determine the Dispute in accordance with the provisions of this Policy and any applicable law.

5.2 The Expert may conduct such investigations as the Expert considers necessary and may request the Parties to provide any information or documentation that the Expert considers relevant.

5.3 The Parties shall cooperate fully with the Expert and shall provide all reasonable assistance in connection with the Expert's determination of the Dispute.

5.4 The Parties shall be entitled to make submissions to the Expert in writing, and the Expert may give the Parties an opportunity to comment on each other's submissions.

5.5 The Expert",PERSON_NAME,,"[28,34)",,EXPERT,,,0.00011890262612723745
test,1935,54429,gretel_finance_pii,,false negative,"DISPUTE RESOLUTION POLICY – EXPERT DETERMINATION

1. INTRODUCTION

This Dispute Resolution Policy (the ""Policy"") sets out the procedures and processes for resolving disputes between parties under the Expert Determination method. This Policy applies to all contractual relationships between SmartLogic Solutions Ltd. (""SmartLogic"") and its clients, vendors, partners, or any other parties with which SmartLogic has a business relationship (the ""Parties"").

2. DEFINITIONS

2.1 ""Expert"" means an independent and impartial individual appointed in accordance with the provisions of this Policy to determine the Dispute.

2.2 ""Dispute"" means any disagreement, difference, or question between the Parties, arising out of or in connection with a contract or any other legal relationship between them.

3. APPLICATION OF THIS POLICY

3.1 This Policy shall apply if the Parties have agreed in writing to submit a Dispute to Expert Determination.

3.2 This Policy shall not prevent the Parties from seeking interim or conservatory relief from a competent court having jurisdiction.

4. APPOINTMENT OF THE EXPERT

4.1 The Expert shall be appointed by agreement between the Parties.

4.2 If the Parties cannot agree on the appointment of the Expert within 14 days of the written notice of the Dispute, either Party may request the President of the London Court of International Arbitration (the ""LCIA"") to appoint an Expert.

5. PROCEDURE

5.1 The Expert shall determine the Dispute in accordance with the provisions of this Policy and any applicable law.

5.2 The Expert may conduct such investigations as the Expert considers necessary and may request the Parties to provide any information or documentation that the Expert considers relevant.

5.3 The Parties shall cooperate fully with the Expert and shall provide all reasonable assistance in connection with the Expert's determination of the Dispute.

5.4 The Parties shall be entitled to make submissions to the Expert in writing, and the Expert may give the Parties an opportunity to comment on each other's submissions.

5.5 The Expert",PERSON_NAME,,"[1095,1101)",,EXPERT,,,0.00018328489531995728
test,1982,synthetic-00022595,securelogx_custom_logs,order_reference_ssn_shape_warn_v1,wrong entity class,WARN Order reference 171-76-3494 was replayed after a warehouse timeout. log_sequence=22595,BUSINESS_ID,SSN,"[21,32)","[21,32)",171-76-3494,171-76-3494,0.9979977692876544,
test,1987,43812,gretel_finance_pii,,false positive,"TERMINATION AGREEMENT

This Termination Agreement (the ""Agreement"") is made and entered into as of the date of acceptance by both parties, being November 26, 1985, by and between Bárbara Zoraida Marqués, residing at 8055 Tanya Estates (hereinafter referred to as the ""Buyer"") and the counterparty (hereinafter referred to as the ""Seller"").

WHEREAS, the Buyer and the Seller have entered into one or more over-the-counter derivative transactions (the ""Transactions""); and

WHEREAS, the Buyer and the Seller desire to provide for the termination of the Transactions and the settlement of all outstanding obligations in accordance with the terms and conditions set forth herein;

NOW, THEREFORE, in consideration of the mutual covenants and agreements contained herein and for other good and valuable consideration, the receipt and sufficiency of which is hereby acknowledged, the parties agree as follows:

1. TERMINATION

The Buyer shall have the right to terminate any or all of the Transactions upon providing written notice to the Seller. Upon termination of the Transactions, the parties shall settle all outstanding obligations in accordance with the provisions set forth in this Agreement.

2. SETTLEMENT

Upon termination of the Transactions, the parties shall settle all outstanding obligations in accordance with the provisions set forth in the relevant Confirmation(s) and the ISDA Master Agreement, as amended by this Agreement.

3. GOVERNING LAW

This Agreement shall be governed by and construed in accordance with the laws of the jurisdiction in which the Buyer resides, being the United Kingdom.

4. MISCELLANEOUS

(a) This Agreement shall be binding upon and inure to the benefit of the parties hereto and their respective successors and permitted assigns.

(b) This Agreement may be executed in counterparts, each of which shall be deemed an original, but all of which together shall constitute one and the same instrument.

(c) The headings contained in this Agreement are for convenience of reference only and shall not affect in any way the meaning or interpretation of this Agreement.

IN WITNESS WHEREOF, the parties have executed this",,DOB,,"[145,153)",,November,0.6728786826133728,
test,1987,43812,gretel_finance_pii,,false positive,"TERMINATION AGREEMENT

This Termination Agreement (the ""Agreement"") is made and entered into as of the date of acceptance by both parties, being November 26, 1985, by and between Bárbara Zoraida Marqués, residing at 8055 Tanya Estates (hereinafter referred to as the ""Buyer"") and the counterparty (hereinafter referred to as the ""Seller"").

WHEREAS, the Buyer and the Seller have entered into one or more over-the-counter derivative transactions (the ""Transactions""); and

WHEREAS, the Buyer and the Seller desire to provide for the termination of the Transactions and the settlement of all outstanding obligations in accordance with the terms and conditions set forth herein;

NOW, THEREFORE, in consideration of the mutual covenants and agreements contained herein and for other good and valuable consideration, the receipt and sufficiency of which is hereby acknowledged, the parties agree as follows:

1. TERMINATION

The Buyer shall have the right to terminate any or all of the Transactions upon providing written notice to the Seller. Upon termination of the Transactions, the parties shall settle all outstanding obligations in accordance with the provisions set forth in this Agreement.

2. SETTLEMENT

Upon termination of the Transactions, the parties shall settle all outstanding obligations in accordance with the provisions set forth in the relevant Confirmation(s) and the ISDA Master Agreement, as amended by this Agreement.

3. GOVERNING LAW

This Agreement shall be governed by and construed in accordance with the laws of the jurisdiction in which the Buyer resides, being the United Kingdom.

4. MISCELLANEOUS

(a) This Agreement shall be binding upon and inure to the benefit of the parties hereto and their respective successors and permitted assigns.

(b) This Agreement may be executed in counterparts, each of which shall be deemed an original, but all of which together shall constitute one and the same instrument.

(c) The headings contained in this Agreement are for convenience of reference only and shall not affect in any way the meaning or interpretation of this Agreement.

IN WITNESS WHEREOF, the parties have executed this",,DOB,,"[158,162)",,1985,0.5980237126350403,
test,1990,synthetic-00005305,securelogx_custom_logs,order_reference_ssn_shape_warn_v1,wrong entity class,WARN Order reference 197-70-3304 was replayed after a warehouse timeout. log_sequence=5305,BUSINESS_ID,SSN,"[21,32)","[21,32)",197-70-3304,197-70-3304,0.9982951482137045,
test,1994,synthetic-00023925,securelogx_custom_logs,order_reference_ssn_shape_warn_v1,wrong entity class,WARN Order reference 217-75-5999 was replayed after a warehouse timeout. log_sequence=23925,BUSINESS_ID,SSN,"[21,32)","[21,32)",217-75-5999,217-75-5999,0.997670156615121,
test,2028,synthetic-00009561,securelogx_custom_logs,order_reference_ssn_shape_warn_v1,wrong entity class,WARN Order reference 466-18-5698 was replayed after a warehouse timeout. log_sequence=9561,BUSINESS_ID,SSN,"[21,32)","[21,32)",466-18-5698,466-18-5698,0.9915972054004669,
test,2036,synthetic-00024191,securelogx_custom_logs,order_reference_ssn_shape_warn_v1,wrong entity class,WARN Order reference 180-69-8744 was replayed after a warehouse timeout. log_sequence=24191,BUSINESS_ID,SSN,"[21,32)","[21,32)",180-69-8744,180-69-8744,0.9979223608970642,
test,2039,48576,gretel_finance_pii,,false negative,"THE PACIFIC COAST TITLE INSURANCE COMPANY
Title Insurance Policy

This policy is issued by The Pacific Coast Title Insurance Company, hereinafter ""the Company,"" to the insured, hereinafter ""the Insured,"" for the property described herein.

I. INSURANCE COVERAGE

The Company insures the Insured against loss or damage, not to exceed the amount of insurance stated in the Declarations, resulting from:

A. Any defect in or lien or encumbrance on the title to the estate or interest described in the Declarations;

B. Unmarketability of the title;

C. Any claim that is first made and reported to the Company during the policy term and that arises out of:

1. Any defect in or lien or encumbrance on the title;
2. The invalidity or unenforceability of any lien or encumbrance resulting from any fraud, forgery, or duress;
3. The invalidity or unenforceability of any lien or encumbrance that is a result of any mechanic's, materialman's, or laborer's lien, or any other lien or encumbrance that is created by the Insured's actions;
4. Any final court order or judgment that is adverse to the Insured's title or interest in the property;
5. The existence of any easement, or any right of way, that is not excepted in the policy and that interferes with the use or enjoyment of the property;
6. Any misdescription of the property in the policy or in any prior policy or policy endorsement;
7. Any right of a third party to physical occupation of the property that is adverse to the Insured's title or interest in the property;
8. Any claim that is based on a violation of any restrictive covenant that runs with the land, except for any restrictive covenant that is contained in the policy or in any prior policy or policy endorsement;
9. Any claim that is based on a violation of any building or zoning law, except for any violation that is contained in the policy or in any prior policy or policy endorsement;
10. Any claim that is based on a violation of any environmental law or regulation, except",PERSON_NAME,,"[164,175)",,the insured,,,0.0001982858169261211
test,2052,47405,gretel_finance_pii,,boundary-too-short,"MASTER BILL OF LADING

Vessel: MV Northern Light
Voyage: NL-2023-0510
Port of Loading: New York, NY, USA
Port of Discharge: Southampton, UK
Date of Shipment: Mon, 10 May 2004 18:38:36

Bill of Lading No.: BL-NL2023-001836

Shipper:
Raffaellino D. Orsini
46766 Rivers Stravenue
Davisfort, NY 12345
USA

Consignee:
Grand Emporium Ltd.
27 Old Street
London EC1V 9LN
UK

Carrier:
Northern Lines Shipping Co.
1200 Atlantic Avenue
New York, NY 10022
USA

Notes:

1. This is a combined transport document of carriage by sea and inland waterway.
2. The goods are received in apparent good order and condition, subject to inspection at destination.
3. This Bill of Lading is a non-negotiable document of title.

Description of Goods:

Commodity: Antique Furniture
Marks and Numbers: 123-45-678-9
Packages: 10
Gross Weight: 5,000 kg

Carrier's Remarks:

The carrier shall not be liable for any loss or damage unless notice of loss or damage be given in writing within three days after delivery of the goods.

Issued by:

Name: John A. Smith
Title: Master
Date: 10/05/2004

---

This is a synthetic Master Bill of Lading generated for training purposes. It contains realistic information, including PII values, for named entity recognition.",STREET_ADDRESS,STREET_ADDRESS,"[254,300)","[254,286)","46766 Rivers Stravenue
Davisfort, NY 12345
USA","46766 Rivers Stravenue
Davisfort",0.7509847283363342,
test,2052,47405,gretel_finance_pii,,false negative,"MASTER BILL OF LADING

Vessel: MV Northern Light
Voyage: NL-2023-0510
Port of Loading: New York, NY, USA
Port of Discharge: Southampton, UK
Date of Shipment: Mon, 10 May 2004 18:38:36

Bill of Lading No.: BL-NL2023-001836

Shipper:
Raffaellino D. Orsini
46766 Rivers Stravenue
Davisfort, NY 12345
USA

Consignee:
Grand Emporium Ltd.
27 Old Street
London EC1V 9LN
UK

Carrier:
Northern Lines Shipping Co.
1200 Atlantic Avenue
New York, NY 10022
USA

Notes:

1. This is a combined transport document of carriage by sea and inland waterway.
2. The goods are received in apparent good order and condition, subject to inspection at destination.
3. This Bill of Lading is a non-negotiable document of title.

Description of Goods:

Commodity: Antique Furniture
Marks and Numbers: 123-45-678-9
Packages: 10
Gross Weight: 5,000 kg

Carrier's Remarks:

The carrier shall not be liable for any loss or damage unless notice of loss or damage be given in writing within three days after delivery of the goods.

Issued by:

Name: John A. Smith
Title: Master
Date: 10/05/2004

---

This is a synthetic Master Bill of Lading generated for training purposes. It contains realistic information, including PII values, for named entity recognition.",STREET_ADDRESS,,"[333,365)",,"27 Old Street
London EC1V 9LN
UK",,,0.19401756064458328
test,2052,47405,gretel_finance_pii,,false positive,"MASTER BILL OF LADING

Vessel: MV Northern Light
Voyage: NL-2023-0510
Port of Loading: New York, NY, USA
Port of Discharge: Southampton, UK
Date of Shipment: Mon, 10 May 2004 18:38:36

Bill of Lading No.: BL-NL2023-001836

Shipper:
Raffaellino D. Orsini
46766 Rivers Stravenue
Davisfort, NY 12345
USA

Consignee:
Grand Emporium Ltd.
27 Old Street
London EC1V 9LN
UK

Carrier:
Northern Lines Shipping Co.
1200 Atlantic Avenue
New York, NY 10022
USA

Notes:

1. This is a combined transport document of carriage by sea and inland waterway.
2. The goods are received in apparent good order and condition, subject to inspection at destination.
3. This Bill of Lading is a non-negotiable document of title.

Description of Goods:

Commodity: Antique Furniture
Marks and Numbers: 123-45-678-9
Packages: 10
Gross Weight: 5,000 kg

Carrier's Remarks:

The carrier shall not be liable for any loss or damage unless notice of loss or damage be given in writing within three days after delivery of the goods.

Issued by:

Name: John A. Smith
Title: Master
Date: 10/05/2004

---

This is a synthetic Master Bill of Lading generated for training purposes. It contains realistic information, including PII values, for named entity recognition.",,SSN,,"[778,786)",,45-678-9,0.5558335383733114,
test,2053,synthetic-00022861,securelogx_custom_logs,order_reference_ssn_shape_warn_v1,wrong entity class,WARN Order reference 645-46-3992 was replayed after a warehouse timeout. log_sequence=22861,BUSINESS_ID,SSN,"[21,32)","[21,32)",645-46-3992,645-46-3992,0.9968699589371681,
test,2063,synthetic-00003709,securelogx_custom_logs,order_reference_ssn_shape_warn_v1,wrong entity class,WARN Order reference 520-15-3441 was replayed after a warehouse timeout. log_sequence=3709,BUSINESS_ID,SSN,"[21,32)","[21,32)",520-15-3441,520-15-3441,0.9888028303782145,
test,2069,32278,gretel_finance_pii,,false negative,"**BESPOKE ARRANGEMENT ISDA DEFINITION**

**1. Interpretation and General Provisions**

1.1 Definitions. In this Definition, the following terms shall have the meanings set forth below:

""Affiliate"" means, with respect to any Person, any other Person that directly or indirectly controls, is controlled by, or is under common control with, such Person.

""Business Day"" means any day, other than a Saturday or a Sunday, on which banks are open for business in New York, London, and Toronto.

""Control"" means the possession, directly or indirectly, of the power to direct or cause the direction of the management or policies of a Person, whether through ownership of voting securities, by contract or otherwise.

""Derivatives Transaction"" means any transaction or series of transactions entered into between the parties to this Definition, which is subject to the terms and conditions set forth herein.

""Event of Default"" means any event or circumstance specified in Section 5 of this Definition.

""Governing Law"" means the laws of the State of New York.

""Person"" means any individual, corporation, partnership, joint venture, limited liability company, trust, unincorporated organization or government or any department, agency or political subdivision thereof.

""Termination Event"" means any event or circumstance specified in Section 6 of this Definition.

1.2 Construction. The headings and subheadings in this Definition are for convenience of reference only and shall not affect its construction or interpretation.

**2. Credit Support**

2.1 Credit Support. The parties may agree upon the provision of credit support in connection with any Derivatives Transaction.

**3. Events of Default**

3.1 Events of Default. Each of the following shall constitute an ""Event of Default"":

(a) Failure to Pay. Failure by a party to make any payment when due under this Definition or any other agreement between the parties relating to a Derivatives Transaction.

(b) Breach. Breach by a party of any of its material obligations under this Definition or any other agreement between the parties relating to a Derivatives Transaction, which breach is not cured within three Business Days after receipt of notice from the non-breaching party specifying",PERSON_NAME,,"[187,196)",,Affiliate,,,0.3004510626196861
test,2100,43022,gretel_finance_pii,,false negative,":20:OOFFFXXXQBBBCA, Request for details of account QKRR45295237444265 of Cipriano G. Pareto, 9578 Flores Brooks
:25:19870101144442.345678
:28C:QKRR4529523744426",BANK_ACCOUNT_NUMBER,,"[51,69)",,QKRR45295237444265,,,0.15945672740538916
test,2113,43838,gretel_finance_pii,,boundary-too-long,"Patient Information

* Full Name: John Doe
* Date of Birth: 01/01/1980
* Address: 123 Main Street, Anytown, UK
* Phone Number: 44-123-456-7890
* Email: johndoe@example.com
* Policy Number: HIC-123456
* Employer: XYZ Corp.

Specialist Consultation Details

* Specialist Name: Dr. Sarah Smith
* Specialty: Cardiology
* Date of Consultation: 10/10/2022
* Time of Consultation: 10:00 AM
* Reason for Consultation: Chest pain and shortness of breath
* Diagnosis: Possible angina

Treatment Details

* Prescribed Medication: Aspirin 100mg daily, Atorvastatin 40mg daily
* Follow-up Appointment: Scheduled for 11/10/2022
* Referral to Other Specialist: Not required at this time

Healthcare Provider Details

* Provider Name: Dr. Sarah Smith
* Provider Address: 456 Park Lane, Anytown, UK
* Provider Phone Number: 44-123-456-7891
* Provider Fax Number: 44-123-456-7892
* Provider Email: [drsarahsmith@example.com](mailto:drsarahsmith@example.com)

Additional Information

* Patient Authorization: I, John Doe, authorize the release of my medical information to XYZ Corp. for the purpose of processing this health insurance claim.
* Patient Signature: John Doe
* Date of Signature: 11/10/2022",PERSON_NAME,PERSON_NAME,"[723,734)","[719,734)",Sarah Smith,Dr. Sarah Smith,0.9740591645240784,
test,2113,43838,gretel_finance_pii,,boundary-too-long,"Patient Information

* Full Name: John Doe
* Date of Birth: 01/01/1980
* Address: 123 Main Street, Anytown, UK
* Phone Number: 44-123-456-7890
* Email: johndoe@example.com
* Policy Number: HIC-123456
* Employer: XYZ Corp.

Specialist Consultation Details

* Specialist Name: Dr. Sarah Smith
* Specialty: Cardiology
* Date of Consultation: 10/10/2022
* Time of Consultation: 10:00 AM
* Reason for Consultation: Chest pain and shortness of breath
* Diagnosis: Possible angina

Treatment Details

* Prescribed Medication: Aspirin 100mg daily, Atorvastatin 40mg daily
* Follow-up Appointment: Scheduled for 11/10/2022
* Referral to Other Specialist: Not required at this time

Healthcare Provider Details

* Provider Name: Dr. Sarah Smith
* Provider Address: 456 Park Lane, Anytown, UK
* Provider Phone Number: 44-123-456-7891
* Provider Fax Number: 44-123-456-7892
* Provider Email: [drsarahsmith@example.com](mailto:drsarahsmith@example.com)

Additional Information

* Patient Authorization: I, John Doe, authorize the release of my medical information to XYZ Corp. for the purpose of processing this health insurance claim.
* Patient Signature: John Doe
* Date of Signature: 11/10/2022",PERSON_NAME,PERSON_NAME,"[279,290)","[275,290)",Sarah Smith,Dr. Sarah Smith,0.9922841042280197,
test,2113,43838,gretel_finance_pii,,false positive,"Patient Information

* Full Name: John Doe
* Date of Birth: 01/01/1980
* Address: 123 Main Street, Anytown, UK
* Phone Number: 44-123-456-7890
* Email: johndoe@example.com
* Policy Number: HIC-123456
* Employer: XYZ Corp.

Specialist Consultation Details

* Specialist Name: Dr. Sarah Smith
* Specialty: Cardiology
* Date of Consultation: 10/10/2022
* Time of Consultation: 10:00 AM
* Reason for Consultation: Chest pain and shortness of breath
* Diagnosis: Possible angina

Treatment Details

* Prescribed Medication: Aspirin 100mg daily, Atorvastatin 40mg daily
* Follow-up Appointment: Scheduled for 11/10/2022
* Referral to Other Specialist: Not required at this time

Healthcare Provider Details

* Provider Name: Dr. Sarah Smith
* Provider Address: 456 Park Lane, Anytown, UK
* Provider Phone Number: 44-123-456-7891
* Provider Fax Number: 44-123-456-7892
* Provider Email: [drsarahsmith@example.com](mailto:drsarahsmith@example.com)

Additional Information

* Patient Authorization: I, John Doe, authorize the release of my medical information to XYZ Corp. for the purpose of processing this health insurance claim.
* Patient Signature: John Doe
* Date of Signature: 11/10/2022",,PHONE,,"[846,861)",,44-123-456-7892,0.7975307106971741,
test,2132,42826,gretel_finance_pii,,false positive,"Here's a sample EDI Shipment Notice in X12 format:

ISA*00*          *00*          *ZZ*PARTNER1*ZZ*PARTNER2*220222*123456*U*00401*000001563*0*P*:~
GS*HP*PARTNER1*PARTNER2*202222*123456*X*004010~
ST*856*0001~
BIG*123*10*EA~
DTM*232*202222123456~
N1*IL*1*SMITH*JOHN~
N3*123 MAIN ST~
N4*CITY1*STATE1*ZIP1~
PER*TE*1234567890~
DTM*237*202222123456~
N1*BI*2*XYZ CORP*~
N3*456 SECOND ST~
N4*CITY2*STATE2*ZIP2~
REF*SH*123456789012~
DTM*237*202222123456~
LIN*1*1*EA*10*12.50*EA*125.00*PK*10*1250.00~
DTM*237*202222123456~
SCC*1*123456789012~
DTM*237*202222123456~
SE*17*123456789012~
GE*1*123456789012~
IEA*1*123456789012~

Explanation:

* ISA: Interface Segment - begins the EDI document
* GS: Functional Group Segment - identifies",,PERSON_NAME,,"[253,259)",,SMITH*,0.7034985423088074,
test,2132,42826,gretel_finance_pii,,false positive,"Here's a sample EDI Shipment Notice in X12 format:

ISA*00*          *00*          *ZZ*PARTNER1*ZZ*PARTNER2*220222*123456*U*00401*000001563*0*P*:~
GS*HP*PARTNER1*PARTNER2*202222*123456*X*004010~
ST*856*0001~
BIG*123*10*EA~
DTM*232*202222123456~
N1*IL*1*SMITH*JOHN~
N3*123 MAIN ST~
N4*CITY1*STATE1*ZIP1~
PER*TE*1234567890~
DTM*237*202222123456~
N1*BI*2*XYZ CORP*~
N3*456 SECOND ST~
N4*CITY2*STATE2*ZIP2~
REF*SH*123456789012~
DTM*237*202222123456~
LIN*1*1*EA*10*12.50*EA*125.00*PK*10*1250.00~
DTM*237*202222123456~
SCC*1*123456789012~
DTM*237*202222123456~
SE*17*123456789012~
GE*1*123456789012~
IEA*1*123456789012~

Explanation:

* ISA: Interface Segment - begins the EDI document
* GS: Functional Group Segment - identifies",,PERSON_NAME,,"[259,263)",,JOHN,0.7916383345921835,
test,2158,55677,gretel_finance_pii,,false positive,"BAI Format

Version: 2.3
Date: 2022-12-14

<bank_fee_analysis>
<record>
<transaction_id>123456789</transaction_id>
<fee_amount>50.00</fee_amount>
<fee_category>Service Fee</fee_category>
<assessment_date>2022-11-05</assessment_date>
<description>Regular monthly service fee for Benoît Ferrand-Rocher's account.</description>
<account_number>123456789</account_number>
<api_key>SKqfeKkBZYMEzO3e2UCAB8MqS0oPu6XZM3</api_key>
</record>
<record>
<transaction_id>987654321</transaction_id>
<fee_amount>35.00</fee_amount>
<fee_category>Overdraft Fee</fee_category>
<assessment_date>2022-10-18</assessment_date>
<description>Overdraft fee for Benoît Ferrand-Rocher's account.</description>
<account_number>123456789</account_number>
<api_key>SKqfeKkBZYMEzO3e2UCAB8MqS0oPu6XZM3</api_key>
</record>
<record>
<transaction_id>456123789</transaction_id>
<fee_amount>25.00</fee_amount>
<fee_category>Wire Transfer Fee</fee_category>
<assessment_date>2022-12-01</assessment_date>
<description>Wire transfer fee for Benoît Ferrand-Rocher's account.</description>
<account_number>123456789</account_number>
<api_key>SKqfeKkBZYMEzO3e2UCAB8M",,API_KEY,,"[1099,1101)",,SK,0.48612990975379944,
test,2158,55677,gretel_finance_pii,,false positive,"BAI Format

Version: 2.3
Date: 2022-12-14

<bank_fee_analysis>
<record>
<transaction_id>123456789</transaction_id>
<fee_amount>50.00</fee_amount>
<fee_category>Service Fee</fee_category>
<assessment_date>2022-11-05</assessment_date>
<description>Regular monthly service fee for Benoît Ferrand-Rocher's account.</description>
<account_number>123456789</account_number>
<api_key>SKqfeKkBZYMEzO3e2UCAB8MqS0oPu6XZM3</api_key>
</record>
<record>
<transaction_id>987654321</transaction_id>
<fee_amount>35.00</fee_amount>
<fee_category>Overdraft Fee</fee_category>
<assessment_date>2022-10-18</assessment_date>
<description>Overdraft fee for Benoît Ferrand-Rocher's account.</description>
<account_number>123456789</account_number>
<api_key>SKqfeKkBZYMEzO3e2UCAB8MqS0oPu6XZM3</api_key>
</record>
<record>
<transaction_id>456123789</transaction_id>
<fee_amount>25.00</fee_amount>
<fee_category>Wire Transfer Fee</fee_category>
<assessment_date>2022-12-01</assessment_date>
<description>Wire transfer fee for Benoît Ferrand-Rocher's account.</description>
<account_number>123456789</account_number>
<api_key>SKqfeKkBZYMEzO3e2UCAB8M",,API_KEY,,"[1104,1113)",,KkBZYMEzO,0.6121853515505791,
test,2189,40986,gretel_finance_pii,,boundary-too-short,":20:FTHBUS67XXX:MT940:20230217:222345567
:25:PACIFICABANK:BRANCH:123456789
:28G:/A/N:PACIFICA BORJA ARNAU:87654321/FTHBUS67XXXUSD:37147 HENRY MEADOW, APT. 8984, ANYTOWN, CA, 99999-1234, US
:61:20230215:122145.15:USD:P4732P867
:60F:C122145.15:USD:P4732P867
:86:USA/122145.15/USD/283746/NE/34529
:39:/A/N:PACIFICA BORJA ARNAU:87654321/FTHBUS67XXXUSD:37147 HENRY MEADOQ, APT. 8984, ANYTOWN, CA, 99999-1234, US
:62F:20230215:122145.15:USD:P4732P867:/A/N:PACIFICA BORJA ARNAU:87654321/FTHBUS67XXXUSD:37147 HENRY MEADOW, APT. 8984, ANYTOWN, CA, 99999-1234, US
:62:20230215:122145.15:USD:P4732P867:/A/N:PACIFICA BORJA ARNAU:87654",PERSON_NAME,PERSON_NAME,"[596,616)","[605,616)",PACIFICA BORJA ARNAU,BORJA ARNAU,0.686403146811894,
test,2189,40986,gretel_finance_pii,,boundary-too-short,":20:FTHBUS67XXX:MT940:20230217:222345567
:25:PACIFICABANK:BRANCH:123456789
:28G:/A/N:PACIFICA BORJA ARNAU:87654321/FTHBUS67XXXUSD:37147 HENRY MEADOW, APT. 8984, ANYTOWN, CA, 99999-1234, US
:61:20230215:122145.15:USD:P4732P867
:60F:C122145.15:USD:P4732P867
:86:USA/122145.15/USD/283746/NE/34529
:39:/A/N:PACIFICA BORJA ARNAU:87654321/FTHBUS67XXXUSD:37147 HENRY MEADOQ, APT. 8984, ANYTOWN, CA, 99999-1234, US
:62F:20230215:122145.15:USD:P4732P867:/A/N:PACIFICA BORJA ARNAU:87654321/FTHBUS67XXXUSD:37147 HENRY MEADOW, APT. 8984, ANYTOWN, CA, 99999-1234, US
:62:20230215:122145.15:USD:P4732P867:/A/N:PACIFICA BORJA ARNAU:87654",BUSINESS_ID,BUSINESS_ID,"[581,590)","[581,582)",P4732P867,P,0.4453887641429901,
test,2189,40986,gretel_finance_pii,,boundary-too-short,":20:FTHBUS67XXX:MT940:20230217:222345567
:25:PACIFICABANK:BRANCH:123456789
:28G:/A/N:PACIFICA BORJA ARNAU:87654321/FTHBUS67XXXUSD:37147 HENRY MEADOW, APT. 8984, ANYTOWN, CA, 99999-1234, US
:61:20230215:122145.15:USD:P4732P867
:60F:C122145.15:USD:P4732P867
:86:USA/122145.15/USD/283746/NE/34529
:39:/A/N:PACIFICA BORJA ARNAU:87654321/FTHBUS67XXXUSD:37147 HENRY MEADOQ, APT. 8984, ANYTOWN, CA, 99999-1234, US
:62F:20230215:122145.15:USD:P4732P867:/A/N:PACIFICA BORJA ARNAU:87654321/FTHBUS67XXXUSD:37147 HENRY MEADOW, APT. 8984, ANYTOWN, CA, 99999-1234, US
:62:20230215:122145.15:USD:P4732P867:/A/N:PACIFICA BORJA ARNAU:87654",BUSINESS_ID,BUSINESS_ID,"[435,444)","[435,436)",P4732P867,P,0.3712656497955322,
test,2189,40986,gretel_finance_pii,,boundary-too-short,":20:FTHBUS67XXX:MT940:20230217:222345567
:25:PACIFICABANK:BRANCH:123456789
:28G:/A/N:PACIFICA BORJA ARNAU:87654321/FTHBUS67XXXUSD:37147 HENRY MEADOW, APT. 8984, ANYTOWN, CA, 99999-1234, US
:61:20230215:122145.15:USD:P4732P867
:60F:C122145.15:USD:P4732P867
:86:USA/122145.15/USD/283746/NE/34529
:39:/A/N:PACIFICA BORJA ARNAU:87654321/FTHBUS67XXXUSD:37147 HENRY MEADOQ, APT. 8984, ANYTOWN, CA, 99999-1234, US
:62F:20230215:122145.15:USD:P4732P867:/A/N:PACIFICA BORJA ARNAU:87654321/FTHBUS67XXXUSD:37147 HENRY MEADOW, APT. 8984, ANYTOWN, CA, 99999-1234, US
:62:20230215:122145.15:USD:P4732P867:/A/N:PACIFICA BORJA ARNAU:87654",BUSINESS_ID,BUSINESS_ID,"[246,255)","[246,247)",P4732P867,P,0.39343270659446716,
test,2189,40986,gretel_finance_pii,,false negative,":20:FTHBUS67XXX:MT940:20230217:222345567
:25:PACIFICABANK:BRANCH:123456789
:28G:/A/N:PACIFICA BORJA ARNAU:87654321/FTHBUS67XXXUSD:37147 HENRY MEADOW, APT. 8984, ANYTOWN, CA, 99999-1234, US
:61:20230215:122145.15:USD:P4732P867
:60F:C122145.15:USD:P4732P867
:86:USA/122145.15/USD/283746/NE/34529
:39:/A/N:PACIFICA BORJA ARNAU:87654321/FTHBUS67XXXUSD:37147 HENRY MEADOQ, APT. 8984, ANYTOWN, CA, 99999-1234, US
:62F:20230215:122145.15:USD:P4732P867:/A/N:PACIFICA BORJA ARNAU:87654321/FTHBUS67XXXUSD:37147 HENRY MEADOW, APT. 8984, ANYTOWN, CA, 99999-1234, US
:62:20230215:122145.15:USD:P4732P867:/A/N:PACIFICA BORJA ARNAU:87654",BUSINESS_ID,,"[216,225)",,P4732P867,,,0.07965461350977421
test,2189,40986,gretel_finance_pii,,false positive,":20:FTHBUS67XXX:MT940:20230217:222345567
:25:PACIFICABANK:BRANCH:123456789
:28G:/A/N:PACIFICA BORJA ARNAU:87654321/FTHBUS67XXXUSD:37147 HENRY MEADOW, APT. 8984, ANYTOWN, CA, 99999-1234, US
:61:20230215:122145.15:USD:P4732P867
:60F:C122145.15:USD:P4732P867
:86:USA/122145.15/USD/283746/NE/34529
:39:/A/N:PACIFICA BORJA ARNAU:87654321/FTHBUS67XXXUSD:37147 HENRY MEADOQ, APT. 8984, ANYTOWN, CA, 99999-1234, US
:62F:20230215:122145.15:USD:P4732P867:/A/N:PACIFICA BORJA ARNAU:87654321/FTHBUS67XXXUSD:37147 HENRY MEADOW, APT. 8984, ANYTOWN, CA, 99999-1234, US
:62:20230215:122145.15:USD:P4732P867:/A/N:PACIFICA BORJA ARNAU:87654",,PERSON_NAME,,"[137,148)",,ENRY MEADOW,0.752518226703008,
test,2201,synthetic-00001049,securelogx_custom_logs,order_reference_ssn_shape_warn_v1,wrong entity class,WARN Order reference 394-78-8594 was replayed after a warehouse timeout. log_sequence=1049,BUSINESS_ID,SSN,"[21,32)","[21,32)",394-78-8594,394-78-8594,0.9974534660577774,
test,2242,50965,gretel_finance_pii,,false positive,"Safety Data Sheet

SECTION 1: IDENTIFICATION

Product Identifier: Bacillus anthracis

Supplying Company: National Institute of Allergy and Infectious Diseases (NIAID)

Address: 5601 Fishers Lane, Rockville, MD 20852, USA

Emergency Telephone Number: +1 301 496 5717

SECTION 2: HAZARD IDENTIFICATION

Product Type: Pathogen

Risk Phrases: May cause disease. Infectious if inhaled, ingested or comes into contact with skin.

Safety Phrases: Use personal protective equipment. In case of accident, seek medical advice promptly and show label to medical personnel.

SECTION 3: COMPOSITION/INFORMATION ON INGREDIENTS

Component Name: Bacillus anthracis

Chemical Abstracts Service (CAS) Registry Number: 73212-53-1

SECTION 4: FIRST-AID MEASURES

Inhalation: Move the victim to fresh air. Seek medical attention immediately.

Skin Contact: Wash the affected area with soap and water. Remove contaminated clothing and shoes. Seek medical attention if irritation persists.

Eye Contact: Rinse thoroughly with plenty of water for at least 15 minutes. Seek medical attention immediately.

Ingestion: Rinse mouth with water. Do not induce vomiting. Seek medical attention immediately.

SECTION 5: FIRE-FIGHTING MEASURES

Not applicable.

SECTION 6: ACCIDENTAL RELEASE MEASURES

Wear appropriate personal protective equipment. Ventilate the area. Use absorbent materials to clean up the spill. Dispose of the material as biohazardous waste.

SECTION 7: HANDLING AND STORAGE

Handling: Use appropriate personal protective equipment, including gloves, lab coat, and eye protection. Perform all procedures in a biosafety cabinet.

Storage: Store in a secure, temperature-controlled environment. Limit access to authorized personnel",,PERSON_NAME,,"[78,81)",,hra,0.5339755415916443,
test,2242,50965,gretel_finance_pii,,false positive,"Safety Data Sheet

SECTION 1: IDENTIFICATION

Product Identifier: Bacillus anthracis

Supplying Company: National Institute of Allergy and Infectious Diseases (NIAID)

Address: 5601 Fishers Lane, Rockville, MD 20852, USA

Emergency Telephone Number: +1 301 496 5717

SECTION 2: HAZARD IDENTIFICATION

Product Type: Pathogen

Risk Phrases: May cause disease. Infectious if inhaled, ingested or comes into contact with skin.

Safety Phrases: Use personal protective equipment. In case of accident, seek medical advice promptly and show label to medical personnel.

SECTION 3: COMPOSITION/INFORMATION ON INGREDIENTS

Component Name: Bacillus anthracis

Chemical Abstracts Service (CAS) Registry Number: 73212-53-1

SECTION 4: FIRST-AID MEASURES

Inhalation: Move the victim to fresh air. Seek medical attention immediately.

Skin Contact: Wash the affected area with soap and water. Remove contaminated clothing and shoes. Seek medical attention if irritation persists.

Eye Contact: Rinse thoroughly with plenty of water for at least 15 minutes. Seek medical attention immediately.

Ingestion: Rinse mouth with water. Do not induce vomiting. Seek medical attention immediately.

SECTION 5: FIRE-FIGHTING MEASURES

Not applicable.

SECTION 6: ACCIDENTAL RELEASE MEASURES

Wear appropriate personal protective equipment. Ventilate the area. Use absorbent materials to clean up the spill. Dispose of the material as biohazardous waste.

SECTION 7: HANDLING AND STORAGE

Handling: Use appropriate personal protective equipment, including gloves, lab coat, and eye protection. Perform all procedures in a biosafety cabinet.

Storage: Store in a secure, temperature-controlled environment. Limit access to authorized personnel",,PERSON_NAME,,"[642,648)",,hracis,0.610310822725296,
test,2243,55794,gretel_finance_pii,,boundary-too-short,"------------------------------------------------------------------------------------------------------------------

**Electronic Statement of Account**

Account Holder: Joe J. Coates
Account Number: 123456789 (For verification purposes only. Never shared externally.)

Account Activity Summary:
-------------------------

| Account Activity | Amount (GBP) |
| --- | --- |
| Beginning Balance | 2,500.00 |
| Deposits | 1,250.00 |
| Withdrawals | 850.00 |
| Ending Balance | 3,100.00 |

Transaction Details:
-------------------

| Date | Description | Type | Amount (GBP) | Running Balance (GBP) |
| --- | --- | --- | --- | --- |
| 01-Mar-2023 | Starting balance | Balance | 2,500.00 | 2,500.00 |
| 03-Mar-2023 | Salary deposit | Deposit | 1,250.00 | 3,750.00 |
| 05-Mar-2023 | Groceries | Withdrawal | -150.00 | 3,600.00 |
| 10-Mar-2023 | Rent payment | Withdrawal | -700.00 | 2,900.00 |
| 15-Mar-2023 | Online purchase | Withdrawal | -100.00 | 2,800.00 |
| 20-Mar-2023 | Interest credit | Deposit | 50.00 | 2,850.00 |
| 25-Mar-2023 | Cash withdrawal | Withdrawal | -300.00 | 2,550.00 |
| 31-Mar-2023 | Ending balance | Balance | 0.00 | 3,100.00 |

Digital Signature:
------------------

[Dig",PERSON_NAME,PERSON_NAME,"[199,208)","[205,208)",123456789,789,0.5168858269850413,
test,2243,55794,gretel_finance_pii,,false positive,"------------------------------------------------------------------------------------------------------------------

**Electronic Statement of Account**

Account Holder: Joe J. Coates
Account Number: 123456789 (For verification purposes only. Never shared externally.)

Account Activity Summary:
-------------------------

| Account Activity | Amount (GBP) |
| --- | --- |
| Beginning Balance | 2,500.00 |
| Deposits | 1,250.00 |
| Withdrawals | 850.00 |
| Ending Balance | 3,100.00 |

Transaction Details:
-------------------

| Date | Description | Type | Amount (GBP) | Running Balance (GBP) |
| --- | --- | --- | --- | --- |
| 01-Mar-2023 | Starting balance | Balance | 2,500.00 | 2,500.00 |
| 03-Mar-2023 | Salary deposit | Deposit | 1,250.00 | 3,750.00 |
| 05-Mar-2023 | Groceries | Withdrawal | -150.00 | 3,600.00 |
| 10-Mar-2023 | Rent payment | Withdrawal | -700.00 | 2,900.00 |
| 15-Mar-2023 | Online purchase | Withdrawal | -100.00 | 2,800.00 |
| 20-Mar-2023 | Interest credit | Deposit | 50.00 | 2,850.00 |
| 25-Mar-2023 | Cash withdrawal | Withdrawal | -300.00 | 2,550.00 |
| 31-Mar-2023 | Ending balance | Balance | 0.00 | 3,100.00 |

Digital Signature:
------------------

[Dig",,PERSON_NAME,,"[199,202)",,123,0.49989405274391174,
test,2251,41369,gretel_finance_pii,,false positive,":20:OOFFXXXPLUTOXXXGB22XXX0000123456
:25:210925GB22PLUTXXXX0000123456
:28C:0000123456PLUTOXXX0000000000
:60F:CARROL-CUMMINGS
:61:20210925123456USD34567.89
:86:123456PLUTOXXXGB22
:62F:/CARROL-CUMMINGS/MRSA/EMILY SMITH/21864 GRAHAM HARBOR, APT. 9288
:63F:/2021-08-31/2021-09-25
:64F:CRED/DEBIT
:65F:/10.00/-250.00/-125.00
:66F:/2021-08-31/2021-09-25/USD/USD
:86:123456PLUTOXXXGB22
:62A:/2021-09-25/CARROL-CUMMINGS/MRSA/EMILY SMITH/21864 GRAHAM HARBOR, APT. 9288
:63A:/2021-09-25/2021-09-25
:64A:DEBIT
:65A:-250.00
:66A:USD
:86:123456PLUTOXXXGB22
:62A:/2021-09-25/CARROL-CUMMINGS/MRSA/EMILY SMITH/21864 GRAHAM HARBOR, APT. 9288
:63A:/20",,PERSON_NAME,,"[205,216)",,EMILY SMITH,0.6459354956944784,
test,2251,41369,gretel_finance_pii,,false positive,":20:OOFFXXXPLUTOXXXGB22XXX0000123456
:25:210925GB22PLUTXXXX0000123456
:28C:0000123456PLUTOXXX0000000000
:60F:CARROL-CUMMINGS
:61:20210925123456USD34567.89
:86:123456PLUTOXXXGB22
:62F:/CARROL-CUMMINGS/MRSA/EMILY SMITH/21864 GRAHAM HARBOR, APT. 9288
:63F:/2021-08-31/2021-09-25
:64F:CRED/DEBIT
:65F:/10.00/-250.00/-125.00
:66F:/2021-08-31/2021-09-25/USD/USD
:86:123456PLUTOXXXGB22
:62A:/2021-09-25/CARROL-CUMMINGS/MRSA/EMILY SMITH/21864 GRAHAM HARBOR, APT. 9288
:63A:/2021-09-25/2021-09-25
:64A:DEBIT
:65A:-250.00
:66A:USD
:86:123456PLUTOXXXGB22
:62A:/2021-09-25/CARROL-CUMMINGS/MRSA/EMILY SMITH/21864 GRAHAM HARBOR, APT. 9288
:63A:/20",,PERSON_NAME,,"[417,428)",,EMILY SMITH,0.6564889897902807,
test,2251,41369,gretel_finance_pii,,false positive,":20:OOFFXXXPLUTOXXXGB22XXX0000123456
:25:210925GB22PLUTXXXX0000123456
:28C:0000123456PLUTOXXX0000000000
:60F:CARROL-CUMMINGS
:61:20210925123456USD34567.89
:86:123456PLUTOXXXGB22
:62F:/CARROL-CUMMINGS/MRSA/EMILY SMITH/21864 GRAHAM HARBOR, APT. 9288
:63F:/2021-08-31/2021-09-25
:64F:CRED/DEBIT
:65F:/10.00/-250.00/-125.00
:66F:/2021-08-31/2021-09-25/USD/USD
:86:123456PLUTOXXXGB22
:62A:/2021-09-25/CARROL-CUMMINGS/MRSA/EMILY SMITH/21864 GRAHAM HARBOR, APT. 9288
:63A:/2021-09-25/2021-09-25
:64A:DEBIT
:65A:-250.00
:66A:USD
:86:123456PLUTOXXXGB22
:62A:/2021-09-25/CARROL-CUMMINGS/MRSA/EMILY SMITH/21864 GRAHAM HARBOR, APT. 9288
:63A:/20",,PERSON_NAME,,"[436,448)",,RAHAM HARBOR,0.6175060612814767,
test,2251,41369,gretel_finance_pii,,false positive,":20:OOFFXXXPLUTOXXXGB22XXX0000123456
:25:210925GB22PLUTXXXX0000123456
:28C:0000123456PLUTOXXX0000000000
:60F:CARROL-CUMMINGS
:61:20210925123456USD34567.89
:86:123456PLUTOXXXGB22
:62F:/CARROL-CUMMINGS/MRSA/EMILY SMITH/21864 GRAHAM HARBOR, APT. 9288
:63F:/2021-08-31/2021-09-25
:64F:CRED/DEBIT
:65F:/10.00/-250.00/-125.00
:66F:/2021-08-31/2021-09-25/USD/USD
:86:123456PLUTOXXXGB22
:62A:/2021-09-25/CARROL-CUMMINGS/MRSA/EMILY SMITH/21864 GRAHAM HARBOR, APT. 9288
:63A:/2021-09-25/2021-09-25
:64A:DEBIT
:65A:-250.00
:66A:USD
:86:123456PLUTOXXXGB22
:62A:/2021-09-25/CARROL-CUMMINGS/MRSA/EMILY SMITH/21864 GRAHAM HARBOR, APT. 9288
:63A:/20",,PERSON_NAME,,"[582,586)",,EMIL,0.5419363379478455,
test,2251,41369,gretel_finance_pii,,false positive,":20:OOFFXXXPLUTOXXXGB22XXX0000123456
:25:210925GB22PLUTXXXX0000123456
:28C:0000123456PLUTOXXX0000000000
:60F:CARROL-CUMMINGS
:61:20210925123456USD34567.89
:86:123456PLUTOXXXGB22
:62F:/CARROL-CUMMINGS/MRSA/EMILY SMITH/21864 GRAHAM HARBOR, APT. 9288
:63F:/2021-08-31/2021-09-25
:64F:CRED/DEBIT
:65F:/10.00/-250.00/-125.00
:66F:/2021-08-31/2021-09-25/USD/USD
:86:123456PLUTOXXXGB22
:62A:/2021-09-25/CARROL-CUMMINGS/MRSA/EMILY SMITH/21864 GRAHAM HARBOR, APT. 9288
:63A:/2021-09-25/2021-09-25
:64A:DEBIT
:65A:-250.00
:66A:USD
:86:123456PLUTOXXXGB22
:62A:/2021-09-25/CARROL-CUMMINGS/MRSA/EMILY SMITH/21864 GRAHAM HARBOR, APT. 9288
:63A:/20",,PERSON_NAME,,"[590,593)",,ITH,0.7356501221656799,
test,2251,41369,gretel_finance_pii,,false positive,":20:OOFFXXXPLUTOXXXGB22XXX0000123456
:25:210925GB22PLUTXXXX0000123456
:28C:0000123456PLUTOXXX0000000000
:60F:CARROL-CUMMINGS
:61:20210925123456USD34567.89
:86:123456PLUTOXXXGB22
:62F:/CARROL-CUMMINGS/MRSA/EMILY SMITH/21864 GRAHAM HARBOR, APT. 9288
:63F:/2021-08-31/2021-09-25
:64F:CRED/DEBIT
:65F:/10.00/-250.00/-125.00
:66F:/2021-08-31/2021-09-25/USD/USD
:86:123456PLUTOXXXGB22
:62A:/2021-09-25/CARROL-CUMMINGS/MRSA/EMILY SMITH/21864 GRAHAM HARBOR, APT. 9288
:63A:/2021-09-25/2021-09-25
:64A:DEBIT
:65A:-250.00
:66A:USD
:86:123456PLUTOXXXGB22
:62A:/2021-09-25/CARROL-CUMMINGS/MRSA/EMILY SMITH/21864 GRAHAM HARBOR, APT. 9288
:63A:/20",,PERSON_NAME,,"[601,613)",,RAHAM HARBOR,0.5640127062797546,
test,2293,41554,gretel_finance_pii,,false negative,"DISPUTE RESOLUTION POLICY

1. Purpose
This Dispute Resolution Policy (the ""Policy"") outlines the procedures and processes for resolving disputes between parties within TechFront Solutions Ltd. (""TechFront"") and its clients, vendors, or other external entities.

2. Scope
This Policy applies to any dispute arising from or related to the business activities of TechFront, its products, or services.

3. Informal Dispute Resolution
In the event of a dispute, the parties are encouraged to attempt an informal resolution by contacting the other party and negotiating in good faith to reach a mutually satisfactory resolution.

4. Adjudication
If the dispute cannot be resolved informally, either party may initiate an adjudication by providing written notice to the other party. The written notice must include:
a. A clear statement of the issue or issues in dispute.
b. A brief description of the efforts made to resolve the dispute informally.
c. The relief sought.

5. Appointment of Adjudicator
Within 14 days of receipt of the written notice, the parties will jointly appoint a mutually acceptable adjudicator. If the parties cannot agree on an adjudicator within 14 days, either party may request the President of the Chartered Institute of Arbitrators to appoint an adjudicator.

6. Conduct of Adjudication
The adjudicator will:
a. Provide a timetable for the adjudication process.
b. Give each party an opportunity to present its case.
c. Review the evidence and make a decision based on the evidence and the applicable law.

7. Decision
The adjudicator will provide a written decision within 28 days of the adjudication. The decision will be final and binding on the parties.

8. Confidentiality
The parties and the adjudicator will keep confidential all information disclosed during the adjudication, except where disclosure is required by law or to enforce the decision.

9. Governing Law
This Policy will be governed by and construed in accordance with the laws of England and Wales.

10. Amendment
TechFront may amend this Policy at any time. The amended Policy will be effective upon posting on TechFront's website",PERSON_NAME,,"[1204,1255)",,President of the Chartered Institute of Arbitrators,,,0.0005361855801311322
test,2301,synthetic-00017275,securelogx_custom_logs,order_reference_ssn_shape_warn_v1,wrong entity class,WARN Order reference 979-53-7213 was replayed after a warehouse timeout. log_sequence=17275,BUSINESS_ID,SSN,"[21,32)","[21,32)",979-53-7213,979-53-7213,0.9873680812971932,
test,2306,36900,gretel_finance_pii,,false positive,"---BEGINNING OF CORPOTATE TAX RETURN---

Equity Financing Corporation
123 Main Street, Suite 500
Anytown, USA 12345

April 15, 3022

Internal Revenue Service
P.O. Equity Financing Corporation
Hollywood, CA 90210

Re: Corportate Tax Return for the Tax Year 2021

Dear Sir/Madam,

I am pleased to submit the enclosed tax return for Equity Financing Corporation for the tax year ended December 31, 202 gross income, deductions, and tax liability for the year.

1. Gross Income

The Corporation had a total gross income of $5,000,000 for the tax year 2021, which was derived from the following sources:

a. Sales of goods and services: $4,000,000
b. Interest income: $250,00
c. Dividend income: $750,250

2. Deductions

The Corporation is entitled to the following deductions for the tax year 2021:

a. Salaries and wages: $1,000,000
b. Rent expense: $200,00
c. Depreciation expense: $350,00
d. Amortization expense: $125,00
e. Interest expense: $150,00
f. Charitable contributions: $50,00
g. Other deductions: $50,00

3. Tax Computation

The taxable income for the Corporation for the tax year 2021 is computed as follows:

Gross income: $5,000,00
Less: Deductions $2,875,000
Taxable income $2,125,00

The tax liability for the Corporation for the tax year 2021 is computed as follows:

Taxable income: $2,125,00
Tax liability: $637,500 (30",,STREET_ADDRESS,,"[70,96)",,"123 Main Street, Suite 500",0.7171503305435181,
test,2316,43613,gretel_finance_pii,,false negative,"BAI02100001
BANK: Acme Bank
:80: USA
:19A: Corporate Customer
:61: Yb-81241
:62: Tullio S. Cerutti
:82: Checking Account
:83: 1234567890
:86: 10000.00
:120: 533 Mark Estates, Apt. 6617
:121: Anytown, CA 12345
:130: 20220315
:131: 20220317
:175: 0001
:176:
:177:
:220: 10000.00
:230: 10000.00
:250: 0.00
:251: 0.00
:252: 0.00
:253: 0.00
:254: 0.00
:255: 0.00
:256: 0.00
:257: 0.00
:258: 0.00
:259: 0.00
:863: N
:864:
:865:
:866:
:867:
:868:
:869:
:870:
:871:
:872:
:873:
:874:
:875:
:876:
:877:
:878:
:879:
:880:
:881:
:882:
:883:
:884:
:885:
:886:
:887:
:888:
:889:
:890:
:891:
:892:
:8",STREET_ADDRESS,,"[191,208)",,"Anytown, CA 12345",,,0.0003464800562748375
test,2322,43718,gretel_finance_pii,,boundary-too-short,"BAI·002·000·03
Transaction Reconciliation

Bank Name: Acme Bank
Company Name: XYZ Corporation
Company ID: 123456789

Reconciliation Date: 2023-03-31
Reconciliation Status: Reconciled

Matched Transactions:

| Date | Type | Description | Debit ($) | Credit ($) |
|---|---|---|---|---|
| 2023-03-02 | Payment | Rent |  | 5,000.00 |
| 2023-03-05 | Deposit | Salary | 25,000.00 | |
| 2023-03-15 | Payment | Utilities |  | 800.00 |
| 2023-03-20 | Deposit | Client Payment | 3,500.00 | |

Unmatched Transactions:

| Date | Type | Description | Debit ($) | Credit ($) | Bank Balance ($) | Company Balance ($) |
|---|---|---|---|---|---|---|
| 2023-03-12 | Deposit | Unknown | 1,200.00 | | 28,592.00 | 27,392.00 |
| 2023-03-16 | Payment | Unknown | | 650.00 | 27,942.00 | 28,592.00 |

Notes:
- The unmatched deposit on 2023-03-12 is likely an error or unidentified deposit.
- The unmatched payment on 2023-03-16 may be a bank error or a delayed transaction.

Reconciling Difference: $0.00

---

BAI Version: 2
Block Number: 002
Record Number: 000
Record Type: Transaction Reconciliation (03)

This document is a synthetic data sample and does not represent actual transactions or",PERSON_NAME,PERSON_NAME,"[106,115)","[109,115)",123456789,456789,0.6031512975692749,
test,2353,synthetic-00016743,securelogx_custom_logs,order_reference_ssn_shape_warn_v1,wrong entity class,WARN Order reference 736-89-1354 was replayed after a warehouse timeout. log_sequence=16743,BUSINESS_ID,SSN,"[21,32)","[21,32)",736-89-1354,736-89-1354,0.9972040142331805,
test,2385,36853,gretel_finance_pii,,wrong entity class,"-----------------------------------------------------------------------------------------------------
Customer Support Conversational Log
-----------------------------------------------------------------------------------------------------

Timestamp: 2022-03-22 14:35:19 UTC-0400
Customer Details:
Email: travis84@rojas.com
User Name: lawrencejennings
Name: Leonid Franz Josef Geißler
Street Address: 52320 Ellis Light, Apt. 76170

Agent: Hello Leonid, thank you for reaching out to us today. I understand that you have some questions regarding our policies. I'm here to help.

Agent: Before we begin, I would like to confirm your identity for security purposes. The email address associated with your account is [travis84@rojas.com](mailto:travis84@rojas.com), and your user name is lawrencejennings, correct?

Agent: Now, let's move on to your inquiry. You live at 52320 Ellis Light, Apt. 76170, and you wanted to clarify our policy regarding late payments. Our policy is to charge a late fee of 5% of the outstanding balance after the due date, with a minimum fee of $10.

Agent: I hope this clarifies any confusion regarding our policies. If you have any further questions or concerns, please don't hesitate to let me know.

Timestamp: 2022-03-22 14:40:21 UTC-0400
Customer Details:
Email: travis84@rojas.com
User Name: lawrencejennings
Name: Leonid Franz Josef Geißler
Street Address: 52320 Ellis Light, Apt. 76170

Agent: Thank you for your time, Leonid. Is there anything else I can assist you with today?

Customer: No, thank you. That was helpful.

Agent: Great, have a wonderful day!

Timestamp: 2022-03-22 14:40:45 UTC-0400
Customer Details:
Email: travis84@rojas.com",BUSINESS_ID,PERSON_NAME,"[336,352)","[344,352)",lawrencejennings,jennings,0.6024296283721924,
test,2385,36853,gretel_finance_pii,,false positive,"-----------------------------------------------------------------------------------------------------
Customer Support Conversational Log
-----------------------------------------------------------------------------------------------------

Timestamp: 2022-03-22 14:35:19 UTC-0400
Customer Details:
Email: travis84@rojas.com
User Name: lawrencejennings
Name: Leonid Franz Josef Geißler
Street Address: 52320 Ellis Light, Apt. 76170

Agent: Hello Leonid, thank you for reaching out to us today. I understand that you have some questions regarding our policies. I'm here to help.

Agent: Before we begin, I would like to confirm your identity for security purposes. The email address associated with your account is [travis84@rojas.com](mailto:travis84@rojas.com), and your user name is lawrencejennings, correct?

Agent: Now, let's move on to your inquiry. You live at 52320 Ellis Light, Apt. 76170, and you wanted to clarify our policy regarding late payments. Our policy is to charge a late fee of 5% of the outstanding balance after the due date, with a minimum fee of $10.

Agent: I hope this clarifies any confusion regarding our policies. If you have any further questions or concerns, please don't hesitate to let me know.

Timestamp: 2022-03-22 14:40:21 UTC-0400
Customer Details:
Email: travis84@rojas.com
User Name: lawrencejennings
Name: Leonid Franz Josef Geißler
Street Address: 52320 Ellis Light, Apt. 76170

Agent: Thank you for your time, Leonid. Is there anything else I can assist you with today?

Customer: No, thank you. That was helpful.

Agent: Great, have a wonderful day!

Timestamp: 2022-03-22 14:40:45 UTC-0400
Customer Details:
Email: travis84@rojas.com",,BUSINESS_ID,,"[336,344)",,lawrence,0.6751884619394938,
test,2401,synthetic-00017009,securelogx_custom_logs,order_reference_ssn_shape_warn_v1,wrong entity class,WARN Order reference 331-86-9337 was replayed after a warehouse timeout. log_sequence=17009,BUSINESS_ID,SSN,"[21,32)","[21,32)",331-86-9337,331-86-9337,0.9976888639586312,
test,2418,synthetic-00021797,securelogx_custom_logs,order_reference_ssn_shape_warn_v1,wrong entity class,WARN Order reference 446-16-6230 was replayed after a warehouse timeout. log_sequence=21797,BUSINESS_ID,SSN,"[21,32)","[21,32)",446-16-6230,446-16-6230,0.9772214634077889,
test,2446,50416,gretel_finance_pii,,boundary-too-short,"1:FITC710 Paca Campo-Vélez
:20:O141230
:23B:CRED
:23F:USD
:32A:JPMORGU33
:50K:/CDR001
:57A:PACACAMPOVELEZ/US/100 Kylie Mountains, Apt. 732
:59:61-455204-57
:71A:INV12345678,AMT25000.00,DT20OCT2022
:72:/INV12345678,AMT25000.00,DT20OCT2022,CCYUSD
:77A:ABC Bank, New York, NY
:77B:ABCUS33
:86:141230/INV12345678,AMT25000.00,USD
:88C:INV12345678,AMT25000.00,USD,20OCT2022
:88D:25000.00,USD,20OCT2022,INV12345678
:98A:JPMORGU33,US,OUR
:98C:INV12345678,AMT25000.00,USD,20OCT2022
:98D:25000.00,USD,20OCT2022,INV12345678
:98F:INV12345678,AMT25000.00,USD,20OCT2022
:98S:""/INV12345678,AMT25000.00,USD,20OCT2022""

Please note that",DRIVER_LICENSE,DRIVER_LICENSE,"[143,155)","[151,153)",61-455204-57,4-,0.531745582818985,
test,2458,48423,gretel_finance_pii,,false positive,"<?xml version=""1.0"" encoding=""UTF-8""?>
<fxSwap xmlns=""http://www.fpml.org/FpML-5/fxswap"" xmlns:xsi=""http://www.w3.org/2001/XMLSchema-instance"" xsi:schemaLocation=""http://www.fpml.org/FpML-5/fxswap http://www.fpml.org/spec/2005/FPML-5-5-0-CONFIRMED.xsd"">
   <header>
      <party id=""Manon"">
         <name>Manon</name>
      </party>
      <party id=""AdrianoVidoniParuta"">
         <name>Adriano Vidoni-Paruta</name>
         <postalAddress>
            <street>1528 Mark Ways</street>
            <buildingNumber>Apt. 679</buildingNumber>
         </postalAddress>
      </party>
   </header>
   <trade>
      <leg>
         <currency>USD</currency>
         <paymentDates>
            <date>2023-03-15</date>
         </paymentDates>
         <notional>1000000</notional>
      </leg>
      <leg>
         <currency>EUR</currency>
         <paymentDates>
            <date>2023-03-16</date>
         </paymentDates>
         <notional>1000000</notional>
      </leg>
      <fxRateCalculation>
         <spotDate>2023-03-13</spotDate>
         <fixingDays>2</fixingDays>
         <strike>1.0850</strike>
      </fxRateCalculation>
   </trade>
</fxSwap>",,PERSON_NAME,,"[351,370)",,AdrianoVidoniParuta,0.9518718868494034,
test,2458,48423,gretel_finance_pii,,false positive,"<?xml version=""1.0"" encoding=""UTF-8""?>
<fxSwap xmlns=""http://www.fpml.org/FpML-5/fxswap"" xmlns:xsi=""http://www.w3.org/2001/XMLSchema-instance"" xsi:schemaLocation=""http://www.fpml.org/FpML-5/fxswap http://www.fpml.org/spec/2005/FPML-5-5-0-CONFIRMED.xsd"">
   <header>
      <party id=""Manon"">
         <name>Manon</name>
      </party>
      <party id=""AdrianoVidoniParuta"">
         <name>Adriano Vidoni-Paruta</name>
         <postalAddress>
            <street>1528 Mark Ways</street>
            <buildingNumber>Apt. 679</buildingNumber>
         </postalAddress>
      </party>
   </header>
   <trade>
      <leg>
         <currency>USD</currency>
         <paymentDates>
            <date>2023-03-15</date>
         </paymentDates>
         <notional>1000000</notional>
      </leg>
      <leg>
         <currency>EUR</currency>
         <paymentDates>
            <date>2023-03-16</date>
         </paymentDates>
         <notional>1000000</notional>
      </leg>
      <fxRateCalculation>
         <spotDate>2023-03-13</spotDate>
         <fixingDays>2</fixingDays>
         <strike>1.0850</strike>
      </fxRateCalculation>
   </trade>
</fxSwap>",,STREET_ADDRESS,,"[465,476)",,8 Mark Ways,0.585327128569285,
test,2463,39814,gretel_finance_pii,,false positive,"REAL ESTATE LOAN AGREEMENT

This Real Estate Loan Agreement (the ""Agreement""), dated as of January 1, 2023, is entered into between ABC Bank, a national banking association organized and existing under the laws of the United States of America, with its head office located at 123 Main Street, Anytown, USA (the ""Lender""), and John Doe and Jane Doe, husband and wife, with a joint mailing address of 456 Oak Street, Anytown, USA (the ""Borrowers"").

WHEREAS, the Borrowers desire to borrow funds from the Lender for the purpose of purchasing a residential property; and

WHEREAS, the Lender is willing to lend such funds to the Borrowers on the terms and conditions set forth herein.

NOW, THEREFORE, in consideration of the mutual covenants and promises contained herein and for other good and valuable consideration, the receipt and sufficiency of which is hereby acknowledged, the parties hereto agree as follows:

1. LOAN AMOUNT

The Lender shall loan to the Borrowers the sum of $500,000 (the ""Loan Amount"").

2. INTEREST RATE

The Loan Amount shall bear interest at a fixed rate of 4.00% per annum.

3. REPAYMENT SCHEDULE

The Loan Amount shall be repaid in equal monthly installments of principal and interest over a term of 30 years (the ""Term""), with the first such installment due on February 1, 2023. The amount of each installment shall be $2,387.01.

4. PROPERTY DETAILS

The Loan Amount shall be secured by a mortgage on the following property:

Legal Description: Lot 12, Block 5, of the Maplewood Subdivision, a plat recorded in the Office of the County Recorder of Anytown County, USA, on January 1, 2020, in Book 123, Page 45.

Property Address: 789 Elm Street, Anytown, USA

Property Type: Single-Family Home

S",,STREET_ADDRESS,,"[276,305)",,"123 Main Street, Anytown, USA",0.9931721240282059,
test,2463,39814,gretel_finance_pii,,false positive,"REAL ESTATE LOAN AGREEMENT

This Real Estate Loan Agreement (the ""Agreement""), dated as of January 1, 2023, is entered into between ABC Bank, a national banking association organized and existing under the laws of the United States of America, with its head office located at 123 Main Street, Anytown, USA (the ""Lender""), and John Doe and Jane Doe, husband and wife, with a joint mailing address of 456 Oak Street, Anytown, USA (the ""Borrowers"").

WHEREAS, the Borrowers desire to borrow funds from the Lender for the purpose of purchasing a residential property; and

WHEREAS, the Lender is willing to lend such funds to the Borrowers on the terms and conditions set forth herein.

NOW, THEREFORE, in consideration of the mutual covenants and promises contained herein and for other good and valuable consideration, the receipt and sufficiency of which is hereby acknowledged, the parties hereto agree as follows:

1. LOAN AMOUNT

The Lender shall loan to the Borrowers the sum of $500,000 (the ""Loan Amount"").

2. INTEREST RATE

The Loan Amount shall bear interest at a fixed rate of 4.00% per annum.

3. REPAYMENT SCHEDULE

The Loan Amount shall be repaid in equal monthly installments of principal and interest over a term of 30 years (the ""Term""), with the first such installment due on February 1, 2023. The amount of each installment shall be $2,387.01.

4. PROPERTY DETAILS

The Loan Amount shall be secured by a mortgage on the following property:

Legal Description: Lot 12, Block 5, of the Maplewood Subdivision, a plat recorded in the Office of the County Recorder of Anytown County, USA, on January 1, 2020, in Book 123, Page 45.

Property Address: 789 Elm Street, Anytown, USA

Property Type: Single-Family Home

S",,STREET_ADDRESS,,"[399,427)",,"456 Oak Street, Anytown, USA",0.9946454233593411,
test,2467,synthetic-00015413,securelogx_custom_logs,order_reference_ssn_shape_warn_v1,wrong entity class,WARN Order reference 634-54-7232 was replayed after a warehouse timeout. log_sequence=15413,BUSINESS_ID,SSN,"[21,32)","[21,32)",634-54-7232,634-54-7232,0.9973047971725464,
test,2475,synthetic-00002379,securelogx_custom_logs,order_reference_ssn_shape_warn_v1,wrong entity class,WARN Order reference 689-11-6225 was replayed after a warehouse timeout. log_sequence=2379,BUSINESS_ID,SSN,"[21,32)","[21,32)",689-11-6225,689-11-6225,0.9802148853029523,
test,2499,37753,gretel_finance_pii,,false positive,"-----------------------------------------------------------------------------------------------------------------

**GOLD CARD APPLICATION**

Thank you for considering our premium Gold Card. To help us process your application, please provide the following information:

**Personal Information**

Last Name: Finch-O'Neill

First Name: Marisa

Middle Initial: Coello-Reyes

Street Address: 54760 Michael Lake, Suite 644

City: 

State: 

Postal Code: 

Country: 

Email Address: 

Phone Number: 

Date of Birth: 

Social Security Number: 

**Financial Information**

Employment Status: 

Annual Income: 

Other Sources of Income: 

Current Employer: 

Job Title: 

Length of Employment: 

Business Address: 

Business Phone Number: 
",,DOB,,"[496,500)",,Date,0.6309588551521301,
test,2499,37753,gretel_finance_pii,,false positive,"-----------------------------------------------------------------------------------------------------------------

**GOLD CARD APPLICATION**

Thank you for considering our premium Gold Card. To help us process your application, please provide the following information:

**Personal Information**

Last Name: Finch-O'Neill

First Name: Marisa

Middle Initial: Coello-Reyes

Street Address: 54760 Michael Lake, Suite 644

City: 

State: 

Postal Code: 

Country: 

Email Address: 

Phone Number: 

Date of Birth: 

Social Security Number: 

**Financial Information**

Employment Status: 

Annual Income: 

Other Sources of Income: 

Current Employer: 

Job Title: 

Length of Employment: 

Business Address: 

Business Phone Number: 
",,DOB,,"[513,519)",,Social,0.5750473737716675,
test,2527,48661,gretel_finance_pii,,boundary-too-short,"Cryptocurrency Transaction Report

Transaction ID,Transaction Type,Wallet Address,Amount,Timestamp,Employee ID,Swift BIC Code,Name,Street Address
123456,Send,1A2b3C4d5E6f7G8h9I0jK1L2,500,2022-03-14 10:30:00,A-394723-N,MVCSGBQJ585,Robert Lopes-Mendès,61379 Wolfe Causeway, 32009, Ginatown
234567,Receive,1A2b3C4d5E6f7G8h9I0jK1L2,500,2022-03-14 11:00:00,A-394723-N,MVCSGBQJ585,Robert Lopes-Mendès,61379 Wolfe Causeway, 32009, Ginatown
345678,Send,1A2b3C4d5E6f7G8h9I0jK1L2,300,2022-03-14 13:30:00,A-394723-N,MVCSGBQJ585,Robert Lopes-Mendès,61379 Wolfe Causeway, 32009, Ginatown
456789,Receive,1A2b3C4d5E6f7G8h9I0jK1L2,300,2022-03-14 14:00:00,A-394723-N,MVCSGBQJ585,Robert Lopes-Mendès,61379 Wolfe Causeway, 32009, Ginatown",SWIFT_BIC,SWIFT_BIC,"[505,516)","[505,515)",MVCSGBQJ585,MVCSGBQJ58,0.7364921910422189,
test,2527,48661,gretel_finance_pii,,boundary-too-long,"Cryptocurrency Transaction Report

Transaction ID,Transaction Type,Wallet Address,Amount,Timestamp,Employee ID,Swift BIC Code,Name,Street Address
123456,Send,1A2b3C4d5E6f7G8h9I0jK1L2,500,2022-03-14 10:30:00,A-394723-N,MVCSGBQJ585,Robert Lopes-Mendès,61379 Wolfe Causeway, 32009, Ginatown
234567,Receive,1A2b3C4d5E6f7G8h9I0jK1L2,500,2022-03-14 11:00:00,A-394723-N,MVCSGBQJ585,Robert Lopes-Mendès,61379 Wolfe Causeway, 32009, Ginatown
345678,Send,1A2b3C4d5E6f7G8h9I0jK1L2,300,2022-03-14 13:30:00,A-394723-N,MVCSGBQJ585,Robert Lopes-Mendès,61379 Wolfe Causeway, 32009, Ginatown
456789,Receive,1A2b3C4d5E6f7G8h9I0jK1L2,300,2022-03-14 14:00:00,A-394723-N,MVCSGBQJ585,Robert Lopes-Mendès,61379 Wolfe Causeway, 32009, Ginatown",STREET_ADDRESS,STREET_ADDRESS,"[395,432)","[395,436)","61379 Wolfe Causeway, 32009, Ginatown","61379 Wolfe Causeway, 32009, Ginatown
345",0.8654271917683738,
test,2527,48661,gretel_finance_pii,,boundary-too-long,"Cryptocurrency Transaction Report

Transaction ID,Transaction Type,Wallet Address,Amount,Timestamp,Employee ID,Swift BIC Code,Name,Street Address
123456,Send,1A2b3C4d5E6f7G8h9I0jK1L2,500,2022-03-14 10:30:00,A-394723-N,MVCSGBQJ585,Robert Lopes-Mendès,61379 Wolfe Causeway, 32009, Ginatown
234567,Receive,1A2b3C4d5E6f7G8h9I0jK1L2,500,2022-03-14 11:00:00,A-394723-N,MVCSGBQJ585,Robert Lopes-Mendès,61379 Wolfe Causeway, 32009, Ginatown
345678,Send,1A2b3C4d5E6f7G8h9I0jK1L2,300,2022-03-14 13:30:00,A-394723-N,MVCSGBQJ585,Robert Lopes-Mendès,61379 Wolfe Causeway, 32009, Ginatown
456789,Receive,1A2b3C4d5E6f7G8h9I0jK1L2,300,2022-03-14 14:00:00,A-394723-N,MVCSGBQJ585,Robert Lopes-Mendès,61379 Wolfe Causeway, 32009, Ginatown",STREET_ADDRESS,STREET_ADDRESS,"[250,287)","[250,292)","61379 Wolfe Causeway, 32009, Ginatown","61379 Wolfe Causeway, 32009, Ginatown
2345",0.8655195593833923,
test,2527,48661,gretel_finance_pii,,boundary-too-short,"Cryptocurrency Transaction Report

Transaction ID,Transaction Type,Wallet Address,Amount,Timestamp,Employee ID,Swift BIC Code,Name,Street Address
123456,Send,1A2b3C4d5E6f7G8h9I0jK1L2,500,2022-03-14 10:30:00,A-394723-N,MVCSGBQJ585,Robert Lopes-Mendès,61379 Wolfe Causeway, 32009, Ginatown
234567,Receive,1A2b3C4d5E6f7G8h9I0jK1L2,500,2022-03-14 11:00:00,A-394723-N,MVCSGBQJ585,Robert Lopes-Mendès,61379 Wolfe Causeway, 32009, Ginatown
345678,Send,1A2b3C4d5E6f7G8h9I0jK1L2,300,2022-03-14 13:30:00,A-394723-N,MVCSGBQJ585,Robert Lopes-Mendès,61379 Wolfe Causeway, 32009, Ginatown
456789,Receive,1A2b3C4d5E6f7G8h9I0jK1L2,300,2022-03-14 14:00:00,A-394723-N,MVCSGBQJ585,Robert Lopes-Mendès,61379 Wolfe Causeway, 32009, Ginatown",SWIFT_BIC,SWIFT_BIC,"[650,661)","[652,661)",MVCSGBQJ585,CSGBQJ585,0.6971729823521206,
test,2527,48661,gretel_finance_pii,,boundary-too-short,"Cryptocurrency Transaction Report

Transaction ID,Transaction Type,Wallet Address,Amount,Timestamp,Employee ID,Swift BIC Code,Name,Street Address
123456,Send,1A2b3C4d5E6f7G8h9I0jK1L2,500,2022-03-14 10:30:00,A-394723-N,MVCSGBQJ585,Robert Lopes-Mendès,61379 Wolfe Causeway, 32009, Ginatown
234567,Receive,1A2b3C4d5E6f7G8h9I0jK1L2,500,2022-03-14 11:00:00,A-394723-N,MVCSGBQJ585,Robert Lopes-Mendès,61379 Wolfe Causeway, 32009, Ginatown
345678,Send,1A2b3C4d5E6f7G8h9I0jK1L2,300,2022-03-14 13:30:00,A-394723-N,MVCSGBQJ585,Robert Lopes-Mendès,61379 Wolfe Causeway, 32009, Ginatown
456789,Receive,1A2b3C4d5E6f7G8h9I0jK1L2,300,2022-03-14 14:00:00,A-394723-N,MVCSGBQJ585,Robert Lopes-Mendès,61379 Wolfe Causeway, 32009, Ginatown",STREET_ADDRESS,STREET_ADDRESS,"[682,719)","[682,710)","61379 Wolfe Causeway, 32009, Ginatown","61379 Wolfe Causeway, 32009,",0.9061312512917952,
test,2527,48661,gretel_finance_pii,,boundary-too-short,"Cryptocurrency Transaction Report

Transaction ID,Transaction Type,Wallet Address,Amount,Timestamp,Employee ID,Swift BIC Code,Name,Street Address
123456,Send,1A2b3C4d5E6f7G8h9I0jK1L2,500,2022-03-14 10:30:00,A-394723-N,MVCSGBQJ585,Robert Lopes-Mendès,61379 Wolfe Causeway, 32009, Ginatown
234567,Receive,1A2b3C4d5E6f7G8h9I0jK1L2,500,2022-03-14 11:00:00,A-394723-N,MVCSGBQJ585,Robert Lopes-Mendès,61379 Wolfe Causeway, 32009, Ginatown
345678,Send,1A2b3C4d5E6f7G8h9I0jK1L2,300,2022-03-14 13:30:00,A-394723-N,MVCSGBQJ585,Robert Lopes-Mendès,61379 Wolfe Causeway, 32009, Ginatown
456789,Receive,1A2b3C4d5E6f7G8h9I0jK1L2,300,2022-03-14 14:00:00,A-394723-N,MVCSGBQJ585,Robert Lopes-Mendès,61379 Wolfe Causeway, 32009, Ginatown",SWIFT_BIC,SWIFT_BIC,"[363,374)","[365,371)",MVCSGBQJ585,CSGBQJ,0.7775317877531052,
test,2527,48661,gretel_finance_pii,,boundary-too-short,"Cryptocurrency Transaction Report

Transaction ID,Transaction Type,Wallet Address,Amount,Timestamp,Employee ID,Swift BIC Code,Name,Street Address
123456,Send,1A2b3C4d5E6f7G8h9I0jK1L2,500,2022-03-14 10:30:00,A-394723-N,MVCSGBQJ585,Robert Lopes-Mendès,61379 Wolfe Causeway, 32009, Ginatown
234567,Receive,1A2b3C4d5E6f7G8h9I0jK1L2,500,2022-03-14 11:00:00,A-394723-N,MVCSGBQJ585,Robert Lopes-Mendès,61379 Wolfe Causeway, 32009, Ginatown
345678,Send,1A2b3C4d5E6f7G8h9I0jK1L2,300,2022-03-14 13:30:00,A-394723-N,MVCSGBQJ585,Robert Lopes-Mendès,61379 Wolfe Causeway, 32009, Ginatown
456789,Receive,1A2b3C4d5E6f7G8h9I0jK1L2,300,2022-03-14 14:00:00,A-394723-N,MVCSGBQJ585,Robert Lopes-Mendès,61379 Wolfe Causeway, 32009, Ginatown",SWIFT_BIC,SWIFT_BIC,"[218,229)","[220,226)",MVCSGBQJ585,CSGBQJ,0.8144393563270569,
test,2527,48661,gretel_finance_pii,,false positive,"Cryptocurrency Transaction Report

Transaction ID,Transaction Type,Wallet Address,Amount,Timestamp,Employee ID,Swift BIC Code,Name,Street Address
123456,Send,1A2b3C4d5E6f7G8h9I0jK1L2,500,2022-03-14 10:30:00,A-394723-N,MVCSGBQJ585,Robert Lopes-Mendès,61379 Wolfe Causeway, 32009, Ginatown
234567,Receive,1A2b3C4d5E6f7G8h9I0jK1L2,500,2022-03-14 11:00:00,A-394723-N,MVCSGBQJ585,Robert Lopes-Mendès,61379 Wolfe Causeway, 32009, Ginatown
345678,Send,1A2b3C4d5E6f7G8h9I0jK1L2,300,2022-03-14 13:30:00,A-394723-N,MVCSGBQJ585,Robert Lopes-Mendès,61379 Wolfe Causeway, 32009, Ginatown
456789,Receive,1A2b3C4d5E6f7G8h9I0jK1L2,300,2022-03-14 14:00:00,A-394723-N,MVCSGBQJ585,Robert Lopes-Mendès,61379 Wolfe Causeway, 32009, Ginatown",,BUSINESS_ID,,"[218,220)",,MV,0.743309736251831,
test,2527,48661,gretel_finance_pii,,false positive,"Cryptocurrency Transaction Report

Transaction ID,Transaction Type,Wallet Address,Amount,Timestamp,Employee ID,Swift BIC Code,Name,Street Address
123456,Send,1A2b3C4d5E6f7G8h9I0jK1L2,500,2022-03-14 10:30:00,A-394723-N,MVCSGBQJ585,Robert Lopes-Mendès,61379 Wolfe Causeway, 32009, Ginatown
234567,Receive,1A2b3C4d5E6f7G8h9I0jK1L2,500,2022-03-14 11:00:00,A-394723-N,MVCSGBQJ585,Robert Lopes-Mendès,61379 Wolfe Causeway, 32009, Ginatown
345678,Send,1A2b3C4d5E6f7G8h9I0jK1L2,300,2022-03-14 13:30:00,A-394723-N,MVCSGBQJ585,Robert Lopes-Mendès,61379 Wolfe Causeway, 32009, Ginatown
456789,Receive,1A2b3C4d5E6f7G8h9I0jK1L2,300,2022-03-14 14:00:00,A-394723-N,MVCSGBQJ585,Robert Lopes-Mendès,61379 Wolfe Causeway, 32009, Ginatown",,BUSINESS_ID,,"[226,229)",,585,0.656379222869873,
test,2527,48661,gretel_finance_pii,,false positive,"Cryptocurrency Transaction Report

Transaction ID,Transaction Type,Wallet Address,Amount,Timestamp,Employee ID,Swift BIC Code,Name,Street Address
123456,Send,1A2b3C4d5E6f7G8h9I0jK1L2,500,2022-03-14 10:30:00,A-394723-N,MVCSGBQJ585,Robert Lopes-Mendès,61379 Wolfe Causeway, 32009, Ginatown
234567,Receive,1A2b3C4d5E6f7G8h9I0jK1L2,500,2022-03-14 11:00:00,A-394723-N,MVCSGBQJ585,Robert Lopes-Mendès,61379 Wolfe Causeway, 32009, Ginatown
345678,Send,1A2b3C4d5E6f7G8h9I0jK1L2,300,2022-03-14 13:30:00,A-394723-N,MVCSGBQJ585,Robert Lopes-Mendès,61379 Wolfe Causeway, 32009, Ginatown
456789,Receive,1A2b3C4d5E6f7G8h9I0jK1L2,300,2022-03-14 14:00:00,A-394723-N,MVCSGBQJ585,Robert Lopes-Mendès,61379 Wolfe Causeway, 32009, Ginatown",,STREET_ADDRESS,,"[293,294)",,7,0.5654066801071167,
test,2527,48661,gretel_finance_pii,,false positive,"Cryptocurrency Transaction Report

Transaction ID,Transaction Type,Wallet Address,Amount,Timestamp,Employee ID,Swift BIC Code,Name,Street Address
123456,Send,1A2b3C4d5E6f7G8h9I0jK1L2,500,2022-03-14 10:30:00,A-394723-N,MVCSGBQJ585,Robert Lopes-Mendès,61379 Wolfe Causeway, 32009, Ginatown
234567,Receive,1A2b3C4d5E6f7G8h9I0jK1L2,500,2022-03-14 11:00:00,A-394723-N,MVCSGBQJ585,Robert Lopes-Mendès,61379 Wolfe Causeway, 32009, Ginatown
345678,Send,1A2b3C4d5E6f7G8h9I0jK1L2,300,2022-03-14 13:30:00,A-394723-N,MVCSGBQJ585,Robert Lopes-Mendès,61379 Wolfe Causeway, 32009, Ginatown
456789,Receive,1A2b3C4d5E6f7G8h9I0jK1L2,300,2022-03-14 14:00:00,A-394723-N,MVCSGBQJ585,Robert Lopes-Mendès,61379 Wolfe Causeway, 32009, Ginatown",,BUSINESS_ID,,"[363,365)",,MV,0.6325955390930176,
test,2527,48661,gretel_finance_pii,,false positive,"Cryptocurrency Transaction Report

Transaction ID,Transaction Type,Wallet Address,Amount,Timestamp,Employee ID,Swift BIC Code,Name,Street Address
123456,Send,1A2b3C4d5E6f7G8h9I0jK1L2,500,2022-03-14 10:30:00,A-394723-N,MVCSGBQJ585,Robert Lopes-Mendès,61379 Wolfe Causeway, 32009, Ginatown
234567,Receive,1A2b3C4d5E6f7G8h9I0jK1L2,500,2022-03-14 11:00:00,A-394723-N,MVCSGBQJ585,Robert Lopes-Mendès,61379 Wolfe Causeway, 32009, Ginatown
345678,Send,1A2b3C4d5E6f7G8h9I0jK1L2,300,2022-03-14 13:30:00,A-394723-N,MVCSGBQJ585,Robert Lopes-Mendès,61379 Wolfe Causeway, 32009, Ginatown
456789,Receive,1A2b3C4d5E6f7G8h9I0jK1L2,300,2022-03-14 14:00:00,A-394723-N,MVCSGBQJ585,Robert Lopes-Mendès,61379 Wolfe Causeway, 32009, Ginatown",,BUSINESS_ID,,"[371,374)",,585,0.49756181240081787,
test,2527,48661,gretel_finance_pii,,false positive,"Cryptocurrency Transaction Report

Transaction ID,Transaction Type,Wallet Address,Amount,Timestamp,Employee ID,Swift BIC Code,Name,Street Address
123456,Send,1A2b3C4d5E6f7G8h9I0jK1L2,500,2022-03-14 10:30:00,A-394723-N,MVCSGBQJ585,Robert Lopes-Mendès,61379 Wolfe Causeway, 32009, Ginatown
234567,Receive,1A2b3C4d5E6f7G8h9I0jK1L2,500,2022-03-14 11:00:00,A-394723-N,MVCSGBQJ585,Robert Lopes-Mendès,61379 Wolfe Causeway, 32009, Ginatown
345678,Send,1A2b3C4d5E6f7G8h9I0jK1L2,300,2022-03-14 13:30:00,A-394723-N,MVCSGBQJ585,Robert Lopes-Mendès,61379 Wolfe Causeway, 32009, Ginatown
456789,Receive,1A2b3C4d5E6f7G8h9I0jK1L2,300,2022-03-14 14:00:00,A-394723-N,MVCSGBQJ585,Robert Lopes-Mendès,61379 Wolfe Causeway, 32009, Ginatown",,STREET_ADDRESS,,"[437,439)",,78,0.5990444719791412,
test,2527,48661,gretel_finance_pii,,false positive,"Cryptocurrency Transaction Report

Transaction ID,Transaction Type,Wallet Address,Amount,Timestamp,Employee ID,Swift BIC Code,Name,Street Address
123456,Send,1A2b3C4d5E6f7G8h9I0jK1L2,500,2022-03-14 10:30:00,A-394723-N,MVCSGBQJ585,Robert Lopes-Mendès,61379 Wolfe Causeway, 32009, Ginatown
234567,Receive,1A2b3C4d5E6f7G8h9I0jK1L2,500,2022-03-14 11:00:00,A-394723-N,MVCSGBQJ585,Robert Lopes-Mendès,61379 Wolfe Causeway, 32009, Ginatown
345678,Send,1A2b3C4d5E6f7G8h9I0jK1L2,300,2022-03-14 13:30:00,A-394723-N,MVCSGBQJ585,Robert Lopes-Mendès,61379 Wolfe Causeway, 32009, Ginatown
456789,Receive,1A2b3C4d5E6f7G8h9I0jK1L2,300,2022-03-14 14:00:00,A-394723-N,MVCSGBQJ585,Robert Lopes-Mendès,61379 Wolfe Causeway, 32009, Ginatown",,BUSINESS_ID,,"[515,516)",,5,0.42893674969673157,
test,2527,48661,gretel_finance_pii,,false positive,"Cryptocurrency Transaction Report

Transaction ID,Transaction Type,Wallet Address,Amount,Timestamp,Employee ID,Swift BIC Code,Name,Street Address
123456,Send,1A2b3C4d5E6f7G8h9I0jK1L2,500,2022-03-14 10:30:00,A-394723-N,MVCSGBQJ585,Robert Lopes-Mendès,61379 Wolfe Causeway, 32009, Ginatown
234567,Receive,1A2b3C4d5E6f7G8h9I0jK1L2,500,2022-03-14 11:00:00,A-394723-N,MVCSGBQJ585,Robert Lopes-Mendès,61379 Wolfe Causeway, 32009, Ginatown
345678,Send,1A2b3C4d5E6f7G8h9I0jK1L2,300,2022-03-14 13:30:00,A-394723-N,MVCSGBQJ585,Robert Lopes-Mendès,61379 Wolfe Causeway, 32009, Ginatown
456789,Receive,1A2b3C4d5E6f7G8h9I0jK1L2,300,2022-03-14 14:00:00,A-394723-N,MVCSGBQJ585,Robert Lopes-Mendès,61379 Wolfe Causeway, 32009, Ginatown",,BUSINESS_ID,,"[650,652)",,MV,0.5592044591903687,
test,2527,48661,gretel_finance_pii,,false positive,"Cryptocurrency Transaction Report

Transaction ID,Transaction Type,Wallet Address,Amount,Timestamp,Employee ID,Swift BIC Code,Name,Street Address
123456,Send,1A2b3C4d5E6f7G8h9I0jK1L2,500,2022-03-14 10:30:00,A-394723-N,MVCSGBQJ585,Robert Lopes-Mendès,61379 Wolfe Causeway, 32009, Ginatown
234567,Receive,1A2b3C4d5E6f7G8h9I0jK1L2,500,2022-03-14 11:00:00,A-394723-N,MVCSGBQJ585,Robert Lopes-Mendès,61379 Wolfe Causeway, 32009, Ginatown
345678,Send,1A2b3C4d5E6f7G8h9I0jK1L2,300,2022-03-14 13:30:00,A-394723-N,MVCSGBQJ585,Robert Lopes-Mendès,61379 Wolfe Causeway, 32009, Ginatown
456789,Receive,1A2b3C4d5E6f7G8h9I0jK1L2,300,2022-03-14 14:00:00,A-394723-N,MVCSGBQJ585,Robert Lopes-Mendès,61379 Wolfe Causeway, 32009, Ginatown",,STREET_ADDRESS,,"[715,719)",,town,0.6423799395561218,
test,2529,synthetic-00013817,securelogx_custom_logs,order_reference_ssn_shape_warn_v1,wrong entity class,WARN Order reference 439-41-2994 was replayed after a warehouse timeout. log_sequence=13817,BUSINESS_ID,SSN,"[21,32)","[21,32)",439-41-2994,439-41-2994,0.9917814508080482,
test,2537,19746,gretel_finance_pii,,boundary-too-short,"Subject: Email Configuration Issue - User@example.co.uk

Problem Description:
--------------------
User 'User' (user@example.co.uk) has reported an issue with email configuration on their iPhone. They are unable to send or receive emails. They have checked their internet connection and confirmed it is working fine.

Priority:
---------
Medium

Status:
-------
Assigned

Resolution Details:
-------------------
Upon investigating the issue, it was found that the incorrect IMAP server settings were being used. The correct server settings for the email account are as follows:

- Incoming Mail Server (IMAP): imap.example.co.uk
- Outgoing Mail Server (SMTP): smtp.example.co.uk

To resolve the issue, the user was advised to update the server settings in their email client as follows:

For iPhone:

1. Go to Settings > Mail > Accounts > [user@example.co.uk] > Account.
2. Tap on the email address under 'Email'.
3. Update the 'Incoming Mail Server' and 'Outgoing Mail Server' with the correct server settings mentioned above.
4. Tap 'Done' to save the changes.

The user confirmed that the issue has been resolved and they are able to send and receive emails.

Notes:
------
Please ensure that the user saves the changes after updating the server settings. If the issue persists, ask the user to delete the account from their email client and re-add it with the correct server settings.",EMAIL,EMAIL,"[840,858)","[840,855)",user@example.co.uk,user@example.co,0.9436938762664795,
test,2548,synthetic-00000251,securelogx_custom_logs,order_reference_ssn_shape_warn_v1,wrong entity class,WARN Order reference 650-98-3838 was replayed after a warehouse timeout. log_sequence=251,BUSINESS_ID,SSN,"[21,32)","[21,32)",650-98-3838,650-98-3838,0.9958044687906901,
test,2574,51269,gretel_finance_pii,,false negative,"INVENTORY OPTIMIZATION AGREEMENT

This Inventory Optimization Agreement (the ""Agreement"") is entered into as of the 1st day of January, 2022 (the ""Effective Date""), by and between XYZ Corporation, a company organized and existing under the laws of the State of Delaware, with its principal place of business at 555 Main Street, New York, NY 10001 (""XYZ""), and Mechtild Hornich, an individual residing at 07162 Megan Mountains, 74540, Martinezberg (""Inventory Owner"").

WHEREAS, XYZ desires to optimize its inventory management within its supply chain and the Inventory Owner is willing to provide access to certain inventory for such purposes, subject to the terms and conditions set forth herein;

NOW, THEREFORE, in consideration of the mutual covenants and promises contained herein, the parties hereto agree as follows:

1. Definitions. As used in this Agreement, the following terms shall have the meanings set forth below:

a. ""Inventory"" shall mean the goods and/or services provided by Inventory Owner to XYZ, as described in Exhibit A attached hereto.

b. ""Optimization Period"" shall mean the period commencing on the Effective Date and continuing until the termination of this Agreement in accordance with its terms.

2. Inventory Management. During the Optimization Period, XYZ shall have the right to manage and optimize the Inventory in accordance with the terms and conditions set forth herein.

3. Inventory Levels. XYZ shall maintain the Inventory at levels consistent with good inventory management practices, taking into account the demands of XYZ's customers and other relevant factors.

4. Stock Replenishment. XYZ shall be responsible for the timely and efficient replenishment of the Inventory, including the ordering and receipt of goods and/or services from Inventory Owner.

5. Excess Inventory. XYZ shall implement strategies for minimizing excess Inventory, including, without limitation, the sale or donation of excess goods and/or services.

6. Reporting. XYZ shall provide Inventory Owner with regular reports regarding",PERSON_NAME,,"[449,464)",,Inventory Owner,,,0.004105352284386754
test,2574,51269,gretel_finance_pii,,false negative,"INVENTORY OPTIMIZATION AGREEMENT

This Inventory Optimization Agreement (the ""Agreement"") is entered into as of the 1st day of January, 2022 (the ""Effective Date""), by and between XYZ Corporation, a company organized and existing under the laws of the State of Delaware, with its principal place of business at 555 Main Street, New York, NY 10001 (""XYZ""), and Mechtild Hornich, an individual residing at 07162 Megan Mountains, 74540, Martinezberg (""Inventory Owner"").

WHEREAS, XYZ desires to optimize its inventory management within its supply chain and the Inventory Owner is willing to provide access to certain inventory for such purposes, subject to the terms and conditions set forth herein;

NOW, THEREFORE, in consideration of the mutual covenants and promises contained herein, the parties hereto agree as follows:

1. Definitions. As used in this Agreement, the following terms shall have the meanings set forth below:

a. ""Inventory"" shall mean the goods and/or services provided by Inventory Owner to XYZ, as described in Exhibit A attached hereto.

b. ""Optimization Period"" shall mean the period commencing on the Effective Date and continuing until the termination of this Agreement in accordance with its terms.

2. Inventory Management. During the Optimization Period, XYZ shall have the right to manage and optimize the Inventory in accordance with the terms and conditions set forth herein.

3. Inventory Levels. XYZ shall maintain the Inventory at levels consistent with good inventory management practices, taking into account the demands of XYZ's customers and other relevant factors.

4. Stock Replenishment. XYZ shall be responsible for the timely and efficient replenishment of the Inventory, including the ordering and receipt of goods and/or services from Inventory Owner.

5. Excess Inventory. XYZ shall implement strategies for minimizing excess Inventory, including, without limitation, the sale or donation of excess goods and/or services.

6. Reporting. XYZ shall provide Inventory Owner with regular reports regarding",PERSON_NAME,,"[559,574)",,Inventory Owner,,,0.000273637475038413
test,2574,51269,gretel_finance_pii,,false negative,"INVENTORY OPTIMIZATION AGREEMENT

This Inventory Optimization Agreement (the ""Agreement"") is entered into as of the 1st day of January, 2022 (the ""Effective Date""), by and between XYZ Corporation, a company organized and existing under the laws of the State of Delaware, with its principal place of business at 555 Main Street, New York, NY 10001 (""XYZ""), and Mechtild Hornich, an individual residing at 07162 Megan Mountains, 74540, Martinezberg (""Inventory Owner"").

WHEREAS, XYZ desires to optimize its inventory management within its supply chain and the Inventory Owner is willing to provide access to certain inventory for such purposes, subject to the terms and conditions set forth herein;

NOW, THEREFORE, in consideration of the mutual covenants and promises contained herein, the parties hereto agree as follows:

1. Definitions. As used in this Agreement, the following terms shall have the meanings set forth below:

a. ""Inventory"" shall mean the goods and/or services provided by Inventory Owner to XYZ, as described in Exhibit A attached hereto.

b. ""Optimization Period"" shall mean the period commencing on the Effective Date and continuing until the termination of this Agreement in accordance with its terms.

2. Inventory Management. During the Optimization Period, XYZ shall have the right to manage and optimize the Inventory in accordance with the terms and conditions set forth herein.

3. Inventory Levels. XYZ shall maintain the Inventory at levels consistent with good inventory management practices, taking into account the demands of XYZ's customers and other relevant factors.

4. Stock Replenishment. XYZ shall be responsible for the timely and efficient replenishment of the Inventory, including the ordering and receipt of goods and/or services from Inventory Owner.

5. Excess Inventory. XYZ shall implement strategies for minimizing excess Inventory, including, without limitation, the sale or donation of excess goods and/or services.

6. Reporting. XYZ shall provide Inventory Owner with regular reports regarding",PERSON_NAME,,"[994,1009)",,Inventory Owner,,,0.01805669702589512
test,2574,51269,gretel_finance_pii,,false negative,"INVENTORY OPTIMIZATION AGREEMENT

This Inventory Optimization Agreement (the ""Agreement"") is entered into as of the 1st day of January, 2022 (the ""Effective Date""), by and between XYZ Corporation, a company organized and existing under the laws of the State of Delaware, with its principal place of business at 555 Main Street, New York, NY 10001 (""XYZ""), and Mechtild Hornich, an individual residing at 07162 Megan Mountains, 74540, Martinezberg (""Inventory Owner"").

WHEREAS, XYZ desires to optimize its inventory management within its supply chain and the Inventory Owner is willing to provide access to certain inventory for such purposes, subject to the terms and conditions set forth herein;

NOW, THEREFORE, in consideration of the mutual covenants and promises contained herein, the parties hereto agree as follows:

1. Definitions. As used in this Agreement, the following terms shall have the meanings set forth below:

a. ""Inventory"" shall mean the goods and/or services provided by Inventory Owner to XYZ, as described in Exhibit A attached hereto.

b. ""Optimization Period"" shall mean the period commencing on the Effective Date and continuing until the termination of this Agreement in accordance with its terms.

2. Inventory Management. During the Optimization Period, XYZ shall have the right to manage and optimize the Inventory in accordance with the terms and conditions set forth herein.

3. Inventory Levels. XYZ shall maintain the Inventory at levels consistent with good inventory management practices, taking into account the demands of XYZ's customers and other relevant factors.

4. Stock Replenishment. XYZ shall be responsible for the timely and efficient replenishment of the Inventory, including the ordering and receipt of goods and/or services from Inventory Owner.

5. Excess Inventory. XYZ shall implement strategies for minimizing excess Inventory, including, without limitation, the sale or donation of excess goods and/or services.

6. Reporting. XYZ shall provide Inventory Owner with regular reports regarding",PERSON_NAME,,"[1782,1797)",,Inventory Owner,,,0.11248344108462334
test,2574,51269,gretel_finance_pii,,false negative,"INVENTORY OPTIMIZATION AGREEMENT

This Inventory Optimization Agreement (the ""Agreement"") is entered into as of the 1st day of January, 2022 (the ""Effective Date""), by and between XYZ Corporation, a company organized and existing under the laws of the State of Delaware, with its principal place of business at 555 Main Street, New York, NY 10001 (""XYZ""), and Mechtild Hornich, an individual residing at 07162 Megan Mountains, 74540, Martinezberg (""Inventory Owner"").

WHEREAS, XYZ desires to optimize its inventory management within its supply chain and the Inventory Owner is willing to provide access to certain inventory for such purposes, subject to the terms and conditions set forth herein;

NOW, THEREFORE, in consideration of the mutual covenants and promises contained herein, the parties hereto agree as follows:

1. Definitions. As used in this Agreement, the following terms shall have the meanings set forth below:

a. ""Inventory"" shall mean the goods and/or services provided by Inventory Owner to XYZ, as described in Exhibit A attached hereto.

b. ""Optimization Period"" shall mean the period commencing on the Effective Date and continuing until the termination of this Agreement in accordance with its terms.

2. Inventory Management. During the Optimization Period, XYZ shall have the right to manage and optimize the Inventory in accordance with the terms and conditions set forth herein.

3. Inventory Levels. XYZ shall maintain the Inventory at levels consistent with good inventory management practices, taking into account the demands of XYZ's customers and other relevant factors.

4. Stock Replenishment. XYZ shall be responsible for the timely and efficient replenishment of the Inventory, including the ordering and receipt of goods and/or services from Inventory Owner.

5. Excess Inventory. XYZ shall implement strategies for minimizing excess Inventory, including, without limitation, the sale or donation of excess goods and/or services.

6. Reporting. XYZ shall provide Inventory Owner with regular reports regarding",PERSON_NAME,,"[2003,2018)",,Inventory Owner,,,0.07159237936139107
test,2599,42310,gretel_finance_pii,,boundary-too-short,"----------------------------------------------------------------------------------------------------------------------------------
Customer Support Conversational Log
----------------------------------------------------------------------------------------------------------------------------------
Timestamp: 2023-02-15 14:32:11
Customer: Hi, I'm a bit concerned about my account security. I just received a message mentioning a bank routing number: 371091322. Is this legitimate?
Support Agent: Hello! I understand your concerns. Let me check that bank routing number for you.
Timestamp: 2023-2-15 14:34:23
Support Agent: Thank you for your patience, Christiane Schmiedt-Zänker. I've checked the bank routing number, and it appears to be genuine. However, I'45502 Tina Streets Suite 901'll double-check with our security team for any recent activity on your account.
Timestamp: 2023-2-15 14:36:58
Support Agent: Thank you for your patience, Christiane. I've confirmed with our security team that your account is secure. It appears that the bank routing number was part of a recent transaction initiated by you.
Customer: Oh, that's a relief! I appreciate your help.
Support Agent: I'm glad I could help, Williams-White. If you have any other concerns or questions, please don'14:36:58't hesitate to reach out.
Timestamp: 2023-2-15 14:38:21
Customer: Thank you, I feel much better now. Have a great day!
Support Agent: You're welcome, Christiane. Have a fantastic day as well!
----------------------------------------------------------------------------------------------------------------------------------",PERSON_NAME,PERSON_NAME,"[1205,1219)","[1213,1214)",Williams-White,-,0.5745667815208435,
test,2606,synthetic-00018871,securelogx_custom_logs,order_reference_ssn_shape_warn_v1,wrong entity class,WARN Order reference 517-45-2796 was replayed after a warehouse timeout. log_sequence=18871,BUSINESS_ID,SSN,"[21,32)","[21,32)",517-45-2796,517-45-2796,0.9964541867375374,
test,2616,synthetic-00002645,securelogx_custom_logs,order_reference_ssn_shape_warn_v1,wrong entity class,WARN Order reference 951-64-8945 was replayed after a warehouse timeout. log_sequence=2645,BUSINESS_ID,SSN,"[21,32)","[21,32)",951-64-8945,951-64-8945,0.9702482223510742,
test,2621,31534,gretel_finance_pii,,false negative,"Bill of Lading and Import Permit

Hanjin Shipping Lines
123 Main Street, Suite 500
Los Angeles, CA 90001
USA

Vessel: Hanjin Pacific
Voyage: 001S
Port of Loading: Shanghai, China
Port of Discharge: Los Angeles, CA, USA

Consignee:
XYZ Corporation
456 Elm Street
Los Angeles, CA 90002
USA

Shipper:
ABC Manufacturing
789 Oak Street
Shanghai, China

Notify Party:
XYZ Corporation
456 Elm Street
Los Angeles, CA 90002
USA

Goods Description:
200 units of Electronic Devices, model number: XYZ-3000

Quantity: 200
Measurement: 10 pallets
Weight: 10,000 kg

Carrier's Declaration:
We hereby certify that the above-mentioned goods have been received in good order and condition, and that the particulars given above are correct.

Customs Declaration:
We hereby declare that the goods described above are imported for use in the regular business of the consignee, and are not intended for resale or transfer.

Dangerous Goods Declaration:
The goods described above are not classified as dangerous goods.

Authorized Signature:
_____________________
Hanjin Shipping Lines Representative
Date: 01/01/2023

Note: This Bill of Lading and Import Permit is a legal document and should be treated as such. Any discrepancies or errors should be reported to Hanjin Shipping Lines immediately.",STREET_ADDRESS,,"[247,287)",,"456 Elm Street
Los Angeles, CA 90002
USA",,,0.15159491884211698
test,2621,31534,gretel_finance_pii,,false negative,"Bill of Lading and Import Permit

Hanjin Shipping Lines
123 Main Street, Suite 500
Los Angeles, CA 90001
USA

Vessel: Hanjin Pacific
Voyage: 001S
Port of Loading: Shanghai, China
Port of Discharge: Los Angeles, CA, USA

Consignee:
XYZ Corporation
456 Elm Street
Los Angeles, CA 90002
USA

Shipper:
ABC Manufacturing
789 Oak Street
Shanghai, China

Notify Party:
XYZ Corporation
456 Elm Street
Los Angeles, CA 90002
USA

Goods Description:
200 units of Electronic Devices, model number: XYZ-3000

Quantity: 200
Measurement: 10 pallets
Weight: 10,000 kg

Carrier's Declaration:
We hereby certify that the above-mentioned goods have been received in good order and condition, and that the particulars given above are correct.

Customs Declaration:
We hereby declare that the goods described above are imported for use in the regular business of the consignee, and are not intended for resale or transfer.

Dangerous Goods Declaration:
The goods described above are not classified as dangerous goods.

Authorized Signature:
_____________________
Hanjin Shipping Lines Representative
Date: 01/01/2023

Note: This Bill of Lading and Import Permit is a legal document and should be treated as such. Any discrepancies or errors should be reported to Hanjin Shipping Lines immediately.",STREET_ADDRESS,,"[378,418)",,"456 Elm Street
Los Angeles, CA 90002
USA",,,0.015043288158873716
test,2621,31534,gretel_finance_pii,,false positive,"Bill of Lading and Import Permit

Hanjin Shipping Lines
123 Main Street, Suite 500
Los Angeles, CA 90001
USA

Vessel: Hanjin Pacific
Voyage: 001S
Port of Loading: Shanghai, China
Port of Discharge: Los Angeles, CA, USA

Consignee:
XYZ Corporation
456 Elm Street
Los Angeles, CA 90002
USA

Shipper:
ABC Manufacturing
789 Oak Street
Shanghai, China

Notify Party:
XYZ Corporation
456 Elm Street
Los Angeles, CA 90002
USA

Goods Description:
200 units of Electronic Devices, model number: XYZ-3000

Quantity: 200
Measurement: 10 pallets
Weight: 10,000 kg

Carrier's Declaration:
We hereby certify that the above-mentioned goods have been received in good order and condition, and that the particulars given above are correct.

Customs Declaration:
We hereby declare that the goods described above are imported for use in the regular business of the consignee, and are not intended for resale or transfer.

Dangerous Goods Declaration:
The goods described above are not classified as dangerous goods.

Authorized Signature:
_____________________
Hanjin Shipping Lines Representative
Date: 01/01/2023

Note: This Bill of Lading and Import Permit is a legal document and should be treated as such. Any discrepancies or errors should be reported to Hanjin Shipping Lines immediately.",,STREET_ADDRESS,,"[79,82)",,500,0.5131151080131531,
test,2638,40682,gretel_finance_pii,,boundary-too-short,"Financial Forecast: Credit Risk Modeling for Victoria Marshall-Harris

As of 19:02, we are presenting the credit risk modeling for Victoria Marshall-Harris, a client residing at 12330 Scott Cove, North Michael. The forecast encompasses revenue, expenses, and cash flow estimates, offering a comprehensive view of the financial health of Ms. Marshall-Harris.

The credit risk modeling integrates statistical techniques such as logistic regression and machine learning algorithms. The analysis considers various factors, including Ms. Marshall-Harris's credit history, financial ratios, and macroeconomic indicators.

The borrower's credit history indicates a responsible approach to managing debt. The financial ratios suggest a stable financial position, with a debt-to-equity ratio of 0.65 and a current ratio of 2.1. These ratios indicate a healthy debt management and sufficient liquidity to meet short-term obligations.

Macroeconomic indicators suggest a positive economic outlook. The GDP growth rate is projected to be 2.3% in the next fiscal year, and the unemployment rate is expected to remain stable at 4.2%. These factors contribute to a favorable credit risk environment for Ms. Marshall-Harris.

The credit risk model predicts a low probability of default for Ms. Marshall-Harris. The projected revenue for the next fiscal year is $125,000, with expenses estimated at $80,000. This results in a positive cash flow of $45,000, indicating a strong financial position for Ms. Marshall-Harris.

In conclusion, the credit risk modeling for Victoria Marshall-Harris presents a positive outlook. The low probability of default, stable financial position, and favorable macroeconomic indicators contribute to a positive credit risk assessment for Ms. Marshall-Harris. Regular updates to the model will incorporate new data and changes in credit risk factors.",PERSON_NAME,PERSON_NAME,"[1753,1772)","[1757,1772)",Ms. Marshall-Harris,Marshall-Harris,0.9505113760630289,
test,2638,40682,gretel_finance_pii,,boundary-too-short,"Financial Forecast: Credit Risk Modeling for Victoria Marshall-Harris

As of 19:02, we are presenting the credit risk modeling for Victoria Marshall-Harris, a client residing at 12330 Scott Cove, North Michael. The forecast encompasses revenue, expenses, and cash flow estimates, offering a comprehensive view of the financial health of Ms. Marshall-Harris.

The credit risk modeling integrates statistical techniques such as logistic regression and machine learning algorithms. The analysis considers various factors, including Ms. Marshall-Harris's credit history, financial ratios, and macroeconomic indicators.

The borrower's credit history indicates a responsible approach to managing debt. The financial ratios suggest a stable financial position, with a debt-to-equity ratio of 0.65 and a current ratio of 2.1. These ratios indicate a healthy debt management and sufficient liquidity to meet short-term obligations.

Macroeconomic indicators suggest a positive economic outlook. The GDP growth rate is projected to be 2.3% in the next fiscal year, and the unemployment rate is expected to remain stable at 4.2%. These factors contribute to a favorable credit risk environment for Ms. Marshall-Harris.

The credit risk model predicts a low probability of default for Ms. Marshall-Harris. The projected revenue for the next fiscal year is $125,000, with expenses estimated at $80,000. This results in a positive cash flow of $45,000, indicating a strong financial position for Ms. Marshall-Harris.

In conclusion, the credit risk modeling for Victoria Marshall-Harris presents a positive outlook. The low probability of default, stable financial position, and favorable macroeconomic indicators contribute to a positive credit risk assessment for Ms. Marshall-Harris. Regular updates to the model will incorporate new data and changes in credit risk factors.",PERSON_NAME,PERSON_NAME,"[1483,1502)","[1487,1502)",Ms. Marshall-Harris,Marshall-Harris,0.9541195034980774,
test,2638,40682,gretel_finance_pii,,boundary-too-short,"Financial Forecast: Credit Risk Modeling for Victoria Marshall-Harris

As of 19:02, we are presenting the credit risk modeling for Victoria Marshall-Harris, a client residing at 12330 Scott Cove, North Michael. The forecast encompasses revenue, expenses, and cash flow estimates, offering a comprehensive view of the financial health of Ms. Marshall-Harris.

The credit risk modeling integrates statistical techniques such as logistic regression and machine learning algorithms. The analysis considers various factors, including Ms. Marshall-Harris's credit history, financial ratios, and macroeconomic indicators.

The borrower's credit history indicates a responsible approach to managing debt. The financial ratios suggest a stable financial position, with a debt-to-equity ratio of 0.65 and a current ratio of 2.1. These ratios indicate a healthy debt management and sufficient liquidity to meet short-term obligations.

Macroeconomic indicators suggest a positive economic outlook. The GDP growth rate is projected to be 2.3% in the next fiscal year, and the unemployment rate is expected to remain stable at 4.2%. These factors contribute to a favorable credit risk environment for Ms. Marshall-Harris.

The credit risk model predicts a low probability of default for Ms. Marshall-Harris. The projected revenue for the next fiscal year is $125,000, with expenses estimated at $80,000. This results in a positive cash flow of $45,000, indicating a strong financial position for Ms. Marshall-Harris.

In conclusion, the credit risk modeling for Victoria Marshall-Harris presents a positive outlook. The low probability of default, stable financial position, and favorable macroeconomic indicators contribute to a positive credit risk assessment for Ms. Marshall-Harris. Regular updates to the model will incorporate new data and changes in credit risk factors.",PERSON_NAME,PERSON_NAME,"[1274,1293)","[1278,1293)",Ms. Marshall-Harris,Marshall-Harris,0.9402391711870829,
test,2638,40682,gretel_finance_pii,,boundary-too-short,"Financial Forecast: Credit Risk Modeling for Victoria Marshall-Harris

As of 19:02, we are presenting the credit risk modeling for Victoria Marshall-Harris, a client residing at 12330 Scott Cove, North Michael. The forecast encompasses revenue, expenses, and cash flow estimates, offering a comprehensive view of the financial health of Ms. Marshall-Harris.

The credit risk modeling integrates statistical techniques such as logistic regression and machine learning algorithms. The analysis considers various factors, including Ms. Marshall-Harris's credit history, financial ratios, and macroeconomic indicators.

The borrower's credit history indicates a responsible approach to managing debt. The financial ratios suggest a stable financial position, with a debt-to-equity ratio of 0.65 and a current ratio of 2.1. These ratios indicate a healthy debt management and sufficient liquidity to meet short-term obligations.

Macroeconomic indicators suggest a positive economic outlook. The GDP growth rate is projected to be 2.3% in the next fiscal year, and the unemployment rate is expected to remain stable at 4.2%. These factors contribute to a favorable credit risk environment for Ms. Marshall-Harris.

The credit risk model predicts a low probability of default for Ms. Marshall-Harris. The projected revenue for the next fiscal year is $125,000, with expenses estimated at $80,000. This results in a positive cash flow of $45,000, indicating a strong financial position for Ms. Marshall-Harris.

In conclusion, the credit risk modeling for Victoria Marshall-Harris presents a positive outlook. The low probability of default, stable financial position, and favorable macroeconomic indicators contribute to a positive credit risk assessment for Ms. Marshall-Harris. Regular updates to the model will incorporate new data and changes in credit risk factors.",PERSON_NAME,PERSON_NAME,"[1188,1207)","[1192,1207)",Ms. Marshall-Harris,Marshall-Harris,0.9107561508814493,
test,2638,40682,gretel_finance_pii,,boundary-too-short,"Financial Forecast: Credit Risk Modeling for Victoria Marshall-Harris

As of 19:02, we are presenting the credit risk modeling for Victoria Marshall-Harris, a client residing at 12330 Scott Cove, North Michael. The forecast encompasses revenue, expenses, and cash flow estimates, offering a comprehensive view of the financial health of Ms. Marshall-Harris.

The credit risk modeling integrates statistical techniques such as logistic regression and machine learning algorithms. The analysis considers various factors, including Ms. Marshall-Harris's credit history, financial ratios, and macroeconomic indicators.

The borrower's credit history indicates a responsible approach to managing debt. The financial ratios suggest a stable financial position, with a debt-to-equity ratio of 0.65 and a current ratio of 2.1. These ratios indicate a healthy debt management and sufficient liquidity to meet short-term obligations.

Macroeconomic indicators suggest a positive economic outlook. The GDP growth rate is projected to be 2.3% in the next fiscal year, and the unemployment rate is expected to remain stable at 4.2%. These factors contribute to a favorable credit risk environment for Ms. Marshall-Harris.

The credit risk model predicts a low probability of default for Ms. Marshall-Harris. The projected revenue for the next fiscal year is $125,000, with expenses estimated at $80,000. This results in a positive cash flow of $45,000, indicating a strong financial position for Ms. Marshall-Harris.

In conclusion, the credit risk modeling for Victoria Marshall-Harris presents a positive outlook. The low probability of default, stable financial position, and favorable macroeconomic indicators contribute to a positive credit risk assessment for Ms. Marshall-Harris. Regular updates to the model will incorporate new data and changes in credit risk factors.",PERSON_NAME,PERSON_NAME,"[529,548)","[533,548)",Ms. Marshall-Harris,Marshall-Harris,0.9124226768811544,
test,2638,40682,gretel_finance_pii,,boundary-too-short,"Financial Forecast: Credit Risk Modeling for Victoria Marshall-Harris

As of 19:02, we are presenting the credit risk modeling for Victoria Marshall-Harris, a client residing at 12330 Scott Cove, North Michael. The forecast encompasses revenue, expenses, and cash flow estimates, offering a comprehensive view of the financial health of Ms. Marshall-Harris.

The credit risk modeling integrates statistical techniques such as logistic regression and machine learning algorithms. The analysis considers various factors, including Ms. Marshall-Harris's credit history, financial ratios, and macroeconomic indicators.

The borrower's credit history indicates a responsible approach to managing debt. The financial ratios suggest a stable financial position, with a debt-to-equity ratio of 0.65 and a current ratio of 2.1. These ratios indicate a healthy debt management and sufficient liquidity to meet short-term obligations.

Macroeconomic indicators suggest a positive economic outlook. The GDP growth rate is projected to be 2.3% in the next fiscal year, and the unemployment rate is expected to remain stable at 4.2%. These factors contribute to a favorable credit risk environment for Ms. Marshall-Harris.

The credit risk model predicts a low probability of default for Ms. Marshall-Harris. The projected revenue for the next fiscal year is $125,000, with expenses estimated at $80,000. This results in a positive cash flow of $45,000, indicating a strong financial position for Ms. Marshall-Harris.

In conclusion, the credit risk modeling for Victoria Marshall-Harris presents a positive outlook. The low probability of default, stable financial position, and favorable macroeconomic indicators contribute to a positive credit risk assessment for Ms. Marshall-Harris. Regular updates to the model will incorporate new data and changes in credit risk factors.",PERSON_NAME,PERSON_NAME,"[337,356)","[341,356)",Ms. Marshall-Harris,Marshall-Harris,0.9276858568191528,
test,2638,40682,gretel_finance_pii,,false positive,"Financial Forecast: Credit Risk Modeling for Victoria Marshall-Harris

As of 19:02, we are presenting the credit risk modeling for Victoria Marshall-Harris, a client residing at 12330 Scott Cove, North Michael. The forecast encompasses revenue, expenses, and cash flow estimates, offering a comprehensive view of the financial health of Ms. Marshall-Harris.

The credit risk modeling integrates statistical techniques such as logistic regression and machine learning algorithms. The analysis considers various factors, including Ms. Marshall-Harris's credit history, financial ratios, and macroeconomic indicators.

The borrower's credit history indicates a responsible approach to managing debt. The financial ratios suggest a stable financial position, with a debt-to-equity ratio of 0.65 and a current ratio of 2.1. These ratios indicate a healthy debt management and sufficient liquidity to meet short-term obligations.

Macroeconomic indicators suggest a positive economic outlook. The GDP growth rate is projected to be 2.3% in the next fiscal year, and the unemployment rate is expected to remain stable at 4.2%. These factors contribute to a favorable credit risk environment for Ms. Marshall-Harris.

The credit risk model predicts a low probability of default for Ms. Marshall-Harris. The projected revenue for the next fiscal year is $125,000, with expenses estimated at $80,000. This results in a positive cash flow of $45,000, indicating a strong financial position for Ms. Marshall-Harris.

In conclusion, the credit risk modeling for Victoria Marshall-Harris presents a positive outlook. The low probability of default, stable financial position, and favorable macroeconomic indicators contribute to a positive credit risk assessment for Ms. Marshall-Harris. Regular updates to the model will incorporate new data and changes in credit risk factors.",,PERSON_NAME,,"[1274,1276)",,Ms,0.6837322115898132,
test,2638,40682,gretel_finance_pii,,false positive,"Financial Forecast: Credit Risk Modeling for Victoria Marshall-Harris

As of 19:02, we are presenting the credit risk modeling for Victoria Marshall-Harris, a client residing at 12330 Scott Cove, North Michael. The forecast encompasses revenue, expenses, and cash flow estimates, offering a comprehensive view of the financial health of Ms. Marshall-Harris.

The credit risk modeling integrates statistical techniques such as logistic regression and machine learning algorithms. The analysis considers various factors, including Ms. Marshall-Harris's credit history, financial ratios, and macroeconomic indicators.

The borrower's credit history indicates a responsible approach to managing debt. The financial ratios suggest a stable financial position, with a debt-to-equity ratio of 0.65 and a current ratio of 2.1. These ratios indicate a healthy debt management and sufficient liquidity to meet short-term obligations.

Macroeconomic indicators suggest a positive economic outlook. The GDP growth rate is projected to be 2.3% in the next fiscal year, and the unemployment rate is expected to remain stable at 4.2%. These factors contribute to a favorable credit risk environment for Ms. Marshall-Harris.

The credit risk model predicts a low probability of default for Ms. Marshall-Harris. The projected revenue for the next fiscal year is $125,000, with expenses estimated at $80,000. This results in a positive cash flow of $45,000, indicating a strong financial position for Ms. Marshall-Harris.

In conclusion, the credit risk modeling for Victoria Marshall-Harris presents a positive outlook. The low probability of default, stable financial position, and favorable macroeconomic indicators contribute to a positive credit risk assessment for Ms. Marshall-Harris. Regular updates to the model will incorporate new data and changes in credit risk factors.",,PERSON_NAME,,"[1483,1485)",,Ms,0.6360223889350891,
test,2638,40682,gretel_finance_pii,,false positive,"Financial Forecast: Credit Risk Modeling for Victoria Marshall-Harris

As of 19:02, we are presenting the credit risk modeling for Victoria Marshall-Harris, a client residing at 12330 Scott Cove, North Michael. The forecast encompasses revenue, expenses, and cash flow estimates, offering a comprehensive view of the financial health of Ms. Marshall-Harris.

The credit risk modeling integrates statistical techniques such as logistic regression and machine learning algorithms. The analysis considers various factors, including Ms. Marshall-Harris's credit history, financial ratios, and macroeconomic indicators.

The borrower's credit history indicates a responsible approach to managing debt. The financial ratios suggest a stable financial position, with a debt-to-equity ratio of 0.65 and a current ratio of 2.1. These ratios indicate a healthy debt management and sufficient liquidity to meet short-term obligations.

Macroeconomic indicators suggest a positive economic outlook. The GDP growth rate is projected to be 2.3% in the next fiscal year, and the unemployment rate is expected to remain stable at 4.2%. These factors contribute to a favorable credit risk environment for Ms. Marshall-Harris.

The credit risk model predicts a low probability of default for Ms. Marshall-Harris. The projected revenue for the next fiscal year is $125,000, with expenses estimated at $80,000. This results in a positive cash flow of $45,000, indicating a strong financial position for Ms. Marshall-Harris.

In conclusion, the credit risk modeling for Victoria Marshall-Harris presents a positive outlook. The low probability of default, stable financial position, and favorable macroeconomic indicators contribute to a positive credit risk assessment for Ms. Marshall-Harris. Regular updates to the model will incorporate new data and changes in credit risk factors.",,PERSON_NAME,,"[1753,1755)",,Ms,0.703303873538971,
test,2640,54348,gretel_finance_pii,,false negative,"Dear Corona B. Sanmartín,

We hope this message finds you well. We are writing to inform you about an upcoming amendment to your insurance policy with us.

Your policy, which is currently in effect until 5796 Diana Mall, will be renewed on 05/06/2023. On this date, your policy will be automatically renewed for another term, with the same coverage details and premium amount as before.

However, please note that there will be a minor amendment to your policy terms. Specifically, we will be updating the section regarding claims procedures. The updated terms will take effect on the renewal date, and we encourage you to review the changes carefully.

We understand that updating policy terms can be confusing, so we have included a summary of the changes below for your convenience. If you have any questions or concerns about the amendment, please do not hesitate to contact us.

Summary of Changes:
- Claims procedures have been updated to streamline the claims process and reduce wait times for policyholders.

We value your business and are committed to providing you with the best possible coverage and service. Thank you for choosing us as your insurance provider.

Sincerely,
[Company Name]

Note: The above document contains Personally Identifiable Information (PII) such as name, date of birth, and policy address. The SSN has been excluded for security reasons.",DOB,,"[1292,1305)",,date of birth,,,0.013191449300696453
test,2640,54348,gretel_finance_pii,,false negative,"Dear Corona B. Sanmartín,

We hope this message finds you well. We are writing to inform you about an upcoming amendment to your insurance policy with us.

Your policy, which is currently in effect until 5796 Diana Mall, will be renewed on 05/06/2023. On this date, your policy will be automatically renewed for another term, with the same coverage details and premium amount as before.

However, please note that there will be a minor amendment to your policy terms. Specifically, we will be updating the section regarding claims procedures. The updated terms will take effect on the renewal date, and we encourage you to review the changes carefully.

We understand that updating policy terms can be confusing, so we have included a summary of the changes below for your convenience. If you have any questions or concerns about the amendment, please do not hesitate to contact us.

Summary of Changes:
- Claims procedures have been updated to streamline the claims process and reduce wait times for policyholders.

We value your business and are committed to providing you with the best possible coverage and service. Thank you for choosing us as your insurance provider.

Sincerely,
[Company Name]

Note: The above document contains Personally Identifiable Information (PII) such as name, date of birth, and policy address. The SSN has been excluded for security reasons.",STREET_ADDRESS,,"[1311,1325)",,policy address,,,0.0003151115670334548
test,2646,synthetic-00006901,securelogx_custom_logs,order_reference_ssn_shape_warn_v1,wrong entity class,WARN Order reference 793-67-4101 was replayed after a warehouse timeout. log_sequence=6901,BUSINESS_ID,SSN,"[21,32)","[21,32)",793-67-4101,793-67-4101,0.9974212901932853,
test,2649,40625,gretel_finance_pii,,false positive,"SOFTWERE LICENSE AGREEMENT

This Software License Agreement (the ""Agreement"") is entered into as of the date of acceptance, by and between Rhys, a resident of North Dominiqueport, with a mailing address at 92222 Courtney Expressway, 76282, North Dominiqueport (hereinafter referred to as ""Licensee""), and Nicola Caroline Davies, a company organized and existing under the laws of the United Kingdom, with its principal place of business at 1234 Example Street, London, UK (hereinafter referred to as ""Licensor"").

WHEREAS, Licensor owns and has rights in certain software (as defined below); and

WHEREAS, Licensee desires to obtain and Licensor desires to grant a license to use such software, subject to the terms and conditions set forth herein.

NOW, THEREFORE, in consideration of the mutual covenants and promises contained herein, the parties hereto agree as follows:

1. DEFINITIONS

a. ""Software"" shall mean the Licensor's proprietary software product(s) designated in the applicable order form or other ordering document (the ""Order Form""), including any associated media, printed materials, and online or electronic documentation.

b. ""Documentation"" shall mean the printed or online written materials, including the specifications, user manuals, and training materials, relating to the Software provided by Licensor to Licensee under this Agreement.

2. GRANT OF LICENSE

a. Subject to the terms and conditions of this Agreement, Licensor hereby grants to Licensee a non-exclusive, non-transferable, and limited license to use the Software and Documentation solely for Licensee's internal business purposes.

b. Licensee shall not (i) modify, adapt, alter, translate, or create derivative works of the Software or Documentation, (ii) sublicense, lease, rent, loan, or distribute the Software or Documentation, (iii) reverse engineer, decompile, disassemble, or otherwise attempt to derive the source code of the Software, (iv) use the Software or Documentation for the benefit of any third party, or (v) remove or modify any proprietary notices, legends, or symbols on the Software or Documentation.

3. SUP",,STREET_ADDRESS,,"[165,174)",,Dominique,0.78374183177948,
test,2650,synthetic-00014615,securelogx_custom_logs,order_reference_ssn_shape_warn_v1,wrong entity class,WARN Order reference 292-11-6329 was replayed after a warehouse timeout. log_sequence=14615,BUSINESS_ID,SSN,"[21,32)","[21,32)",292-11-6329,292-11-6329,0.9883180516106742,
test,2674,synthetic-00024723,securelogx_custom_logs,order_reference_ssn_shape_warn_v1,wrong entity class,WARN Order reference 905-64-4982 was replayed after a warehouse timeout. log_sequence=24723,BUSINESS_ID,SSN,"[21,32)","[21,32)",905-64-4982,905-64-4982,0.9826222360134125,
test,2680,synthetic-00010891,securelogx_custom_logs,order_reference_ssn_shape_warn_v1,wrong entity class,WARN Order reference 182-10-1935 was replayed after a warehouse timeout. log_sequence=10891,BUSINESS_ID,DOB,"[21,32)","[21,28)",182-10-1935,182-10-,0.6049595326185226,
test,2680,synthetic-00010891,securelogx_custom_logs,order_reference_ssn_shape_warn_v1,false positive,WARN Order reference 182-10-1935 was replayed after a warehouse timeout. log_sequence=10891,,SSN,,"[28,32)",,1935,0.5864190459251404,
test,2691,35815,gretel_finance_pii,,boundary-too-short,"<?xml version=""1.us-ascii"" encoding=""UTF-8""?>
<xbrli:xbrl xmlns:xbrli=""http://www.xbrl.org/2003/instance"" xmlns:link=""http://www.xbrl.org/2{2003/link"" xmlns:esam=""http://www.sec.gov/xbrls/gaap/2013/us-gaap-2014-01-31-us-gaap-2012-12-31-xsd"">
<xbrli:scholarshipProgram>
<xbrli:programName>Allen-Villanueva Scholarship Program</xbrli:programName>
<xbrli:programType>Merit-based</xbrli:programType>
<xbrli:programAdministrator>
<xbrli:firstName>Anthony T.</xbrli:firstName>
<xbrli:lastName>Cisnergros</xbrgli:lastName>
<xbrli:email>gmoreno@allen-villanueva.com</xbrli:email>
</xbrli:programAdministrator>
<xbrli:programLocation>
<xbrli:streetAddress>491 April Plains</xbrli:streetAddress>
<xbrli:city>Suite 152</xbrli:city>
</xbrli:programLocation>
</xbrli:scholarshipProgram>
</xbrli:xbrl>",PERSON_NAME,PERSON_NAME,"[487,497)","[488,496)",Cisnergros,isnergro,0.486085702975591,
test,2702,51648,gretel_finance_pii,,wrong entity class,"---------------------------------------------------------------------------------------------------------------------------------
**Foreign Exchange Transactions**

Account Holder: Ida G. Lopresti
Account Number: H1258408
Address: 381 Sean Trail Apt. 478

Date | Currency Pair | Amount (Sent) | Exchange Rate | Amount (Received)

2022-03-01 | USD/GBP | 1,500.00 | 0.73 | 1,097.00
2022-03-05 | EUR/CAD | 2,000.00 | 1.45 | 2,850.00
2022-03-10 | USD/JPY | 800.00 | 110.50 | 88,400.00
2022-03-15 | GBP/USD | 1,200.00 | 1.31 | 1,572.00
2022-03-20 | CAD/EUR | 3,000.00 | 0.67 | 2,010.00
2022-03-25 | JPY/USD | 120,000.00 | 0.0089 | 1,068,000.00

---------------------------------------------------------------------------------------------------------------------------------

**End of Statement**

*Please note that the running balance is not provided as it is not relevant to foreign exchange transactions.*",BUSINESS_ID,PASSPORT_NUMBER,"[213,221)","[213,221)",H1258408,H1258408,0.8947541614373525,
test,2705,14514,gretel_finance_pii,,boundary-too-short,"HOUSE BILL OF LADING

BL Number: UK-HH-123456-2022

Shipper:
Linda Chloe Burton
Flat 85k, Amanda Mill
London, E1 6FG
United Kingdom

Consignee:
Linda Chloe Burton
Flat 85k, Amanda Mill
London, E1 6FG
United Kingdom

Vessel: MV Atlantic Horizon
Carrier: Atlantic Shipping Lines
Port of Loading: Southampton, UK
Port of Discharge: New York, USA

Goods Description:
- 1 x Pallet of Electronic Components
- Serial Number: 5678901234567
- Quantity: 500 units
- Description: Network Routers
- Marks and Numbers: F2E6:13E:FC78:D91D:C631:8022:E5E4:11D5
- Packing Type: Carton
- Gross Weight: 2500 kg
- Volume: 10 m3

Notification: Linda Chloe Burton, Flat 85k, Amanda Mill, London, E1 6FG, United Kingdom

Terms and Conditions:
This Bill of Lading is subject to our “Conditions of Carriage” as filed with the Federal Maritime Commission, Washington D.C.

Issued by:
Atlantic Shipping Lines
Southampton, UK
Date: 15-JUN-2022

Vessel ETA: New York - 10-JUL-2022

Cargo Received:
Verified by: [Shipping Agent]
Signature: [Shipping Agent's Signature]
Date: 15-JUN-2022

Note: IP address 167.233.11.195 has been logged for security purposes.",IP_ADDRESS,IP_ADDRESS,"[506,544)","[518,544)",F2E6:13E:FC78:D91D:C631:8022:E5E4:11D5,8:D91D:C631:8022:E5E4:11D5,0.7784626700661399,
test,2705,14514,gretel_finance_pii,,wrong entity class,"HOUSE BILL OF LADING

BL Number: UK-HH-123456-2022

Shipper:
Linda Chloe Burton
Flat 85k, Amanda Mill
London, E1 6FG
United Kingdom

Consignee:
Linda Chloe Burton
Flat 85k, Amanda Mill
London, E1 6FG
United Kingdom

Vessel: MV Atlantic Horizon
Carrier: Atlantic Shipping Lines
Port of Loading: Southampton, UK
Port of Discharge: New York, USA

Goods Description:
- 1 x Pallet of Electronic Components
- Serial Number: 5678901234567
- Quantity: 500 units
- Description: Network Routers
- Marks and Numbers: F2E6:13E:FC78:D91D:C631:8022:E5E4:11D5
- Packing Type: Carton
- Gross Weight: 2500 kg
- Volume: 10 m3

Notification: Linda Chloe Burton, Flat 85k, Amanda Mill, London, E1 6FG, United Kingdom

Terms and Conditions:
This Bill of Lading is subject to our “Conditions of Carriage” as filed with the Federal Maritime Commission, Washington D.C.

Issued by:
Atlantic Shipping Lines
Southampton, UK
Date: 15-JUN-2022

Vessel ETA: New York - 10-JUL-2022

Cargo Received:
Verified by: [Shipping Agent]
Signature: [Shipping Agent's Signature]
Date: 15-JUN-2022

Note: IP address 167.233.11.195 has been logged for security purposes.",PERSON_NAME,STREET_ADDRESS,"[90,101)","[97,101)",Amanda Mill,Mill,0.6050540804862976,
test,2705,14514,gretel_finance_pii,,false negative,"HOUSE BILL OF LADING

BL Number: UK-HH-123456-2022

Shipper:
Linda Chloe Burton
Flat 85k, Amanda Mill
London, E1 6FG
United Kingdom

Consignee:
Linda Chloe Burton
Flat 85k, Amanda Mill
London, E1 6FG
United Kingdom

Vessel: MV Atlantic Horizon
Carrier: Atlantic Shipping Lines
Port of Loading: Southampton, UK
Port of Discharge: New York, USA

Goods Description:
- 1 x Pallet of Electronic Components
- Serial Number: 5678901234567
- Quantity: 500 units
- Description: Network Routers
- Marks and Numbers: F2E6:13E:FC78:D91D:C631:8022:E5E4:11D5
- Packing Type: Carton
- Gross Weight: 2500 kg
- Volume: 10 m3

Notification: Linda Chloe Burton, Flat 85k, Amanda Mill, London, E1 6FG, United Kingdom

Terms and Conditions:
This Bill of Lading is subject to our “Conditions of Carriage” as filed with the Federal Maritime Commission, Washington D.C.

Issued by:
Atlantic Shipping Lines
Southampton, UK
Date: 15-JUN-2022

Vessel ETA: New York - 10-JUL-2022

Cargo Received:
Verified by: [Shipping Agent]
Signature: [Shipping Agent's Signature]
Date: 15-JUN-2022

Note: IP address 167.233.11.195 has been logged for security purposes.",PERSON_NAME,,"[102,108)",,London,,,0.00011613242531893775
test,2705,14514,gretel_finance_pii,,false negative,"HOUSE BILL OF LADING

BL Number: UK-HH-123456-2022

Shipper:
Linda Chloe Burton
Flat 85k, Amanda Mill
London, E1 6FG
United Kingdom

Consignee:
Linda Chloe Burton
Flat 85k, Amanda Mill
London, E1 6FG
United Kingdom

Vessel: MV Atlantic Horizon
Carrier: Atlantic Shipping Lines
Port of Loading: Southampton, UK
Port of Discharge: New York, USA

Goods Description:
- 1 x Pallet of Electronic Components
- Serial Number: 5678901234567
- Quantity: 500 units
- Description: Network Routers
- Marks and Numbers: F2E6:13E:FC78:D91D:C631:8022:E5E4:11D5
- Packing Type: Carton
- Gross Weight: 2500 kg
- Volume: 10 m3

Notification: Linda Chloe Burton, Flat 85k, Amanda Mill, London, E1 6FG, United Kingdom

Terms and Conditions:
This Bill of Lading is subject to our “Conditions of Carriage” as filed with the Federal Maritime Commission, Washington D.C.

Issued by:
Atlantic Shipping Lines
Southampton, UK
Date: 15-JUN-2022

Vessel ETA: New York - 10-JUL-2022

Cargo Received:
Verified by: [Shipping Agent]
Signature: [Shipping Agent's Signature]
Date: 15-JUN-2022

Note: IP address 167.233.11.195 has been logged for security purposes.",PERSON_NAME,,"[173,184)",,Amanda Mill,,,0.018928755540400743
test,2705,14514,gretel_finance_pii,,false negative,"HOUSE BILL OF LADING

BL Number: UK-HH-123456-2022

Shipper:
Linda Chloe Burton
Flat 85k, Amanda Mill
London, E1 6FG
United Kingdom

Consignee:
Linda Chloe Burton
Flat 85k, Amanda Mill
London, E1 6FG
United Kingdom

Vessel: MV Atlantic Horizon
Carrier: Atlantic Shipping Lines
Port of Loading: Southampton, UK
Port of Discharge: New York, USA

Goods Description:
- 1 x Pallet of Electronic Components
- Serial Number: 5678901234567
- Quantity: 500 units
- Description: Network Routers
- Marks and Numbers: F2E6:13E:FC78:D91D:C631:8022:E5E4:11D5
- Packing Type: Carton
- Gross Weight: 2500 kg
- Volume: 10 m3

Notification: Linda Chloe Burton, Flat 85k, Amanda Mill, London, E1 6FG, United Kingdom

Terms and Conditions:
This Bill of Lading is subject to our “Conditions of Carriage” as filed with the Federal Maritime Commission, Washington D.C.

Issued by:
Atlantic Shipping Lines
Southampton, UK
Date: 15-JUN-2022

Vessel ETA: New York - 10-JUL-2022

Cargo Received:
Verified by: [Shipping Agent]
Signature: [Shipping Agent's Signature]
Date: 15-JUN-2022

Note: IP address 167.233.11.195 has been logged for security purposes.",PERSON_NAME,,"[185,191)",,London,,,0.00011592471855692565
test,2705,14514,gretel_finance_pii,,false positive,"HOUSE BILL OF LADING

BL Number: UK-HH-123456-2022

Shipper:
Linda Chloe Burton
Flat 85k, Amanda Mill
London, E1 6FG
United Kingdom

Consignee:
Linda Chloe Burton
Flat 85k, Amanda Mill
London, E1 6FG
United Kingdom

Vessel: MV Atlantic Horizon
Carrier: Atlantic Shipping Lines
Port of Loading: Southampton, UK
Port of Discharge: New York, USA

Goods Description:
- 1 x Pallet of Electronic Components
- Serial Number: 5678901234567
- Quantity: 500 units
- Description: Network Routers
- Marks and Numbers: F2E6:13E:FC78:D91D:C631:8022:E5E4:11D5
- Packing Type: Carton
- Gross Weight: 2500 kg
- Volume: 10 m3

Notification: Linda Chloe Burton, Flat 85k, Amanda Mill, London, E1 6FG, United Kingdom

Terms and Conditions:
This Bill of Lading is subject to our “Conditions of Carriage” as filed with the Federal Maritime Commission, Washington D.C.

Issued by:
Atlantic Shipping Lines
Southampton, UK
Date: 15-JUN-2022

Vessel ETA: New York - 10-JUL-2022

Cargo Received:
Verified by: [Shipping Agent]
Signature: [Shipping Agent's Signature]
Date: 15-JUN-2022

Note: IP address 167.233.11.195 has been logged for security purposes.",,STREET_ADDRESS,,"[85,88)",,85k,0.7044592201709747,
test,2705,14514,gretel_finance_pii,,false positive,"HOUSE BILL OF LADING

BL Number: UK-HH-123456-2022

Shipper:
Linda Chloe Burton
Flat 85k, Amanda Mill
London, E1 6FG
United Kingdom

Consignee:
Linda Chloe Burton
Flat 85k, Amanda Mill
London, E1 6FG
United Kingdom

Vessel: MV Atlantic Horizon
Carrier: Atlantic Shipping Lines
Port of Loading: Southampton, UK
Port of Discharge: New York, USA

Goods Description:
- 1 x Pallet of Electronic Components
- Serial Number: 5678901234567
- Quantity: 500 units
- Description: Network Routers
- Marks and Numbers: F2E6:13E:FC78:D91D:C631:8022:E5E4:11D5
- Packing Type: Carton
- Gross Weight: 2500 kg
- Volume: 10 m3

Notification: Linda Chloe Burton, Flat 85k, Amanda Mill, London, E1 6FG, United Kingdom

Terms and Conditions:
This Bill of Lading is subject to our “Conditions of Carriage” as filed with the Federal Maritime Commission, Washington D.C.

Issued by:
Atlantic Shipping Lines
Southampton, UK
Date: 15-JUN-2022

Vessel ETA: New York - 10-JUL-2022

Cargo Received:
Verified by: [Shipping Agent]
Signature: [Shipping Agent's Signature]
Date: 15-JUN-2022

Note: IP address 167.233.11.195 has been logged for security purposes.",,STREET_ADDRESS,,"[648,651)",,85k,0.6546067595481873,
test,2705,14514,gretel_finance_pii,,false positive,"HOUSE BILL OF LADING

BL Number: UK-HH-123456-2022

Shipper:
Linda Chloe Burton
Flat 85k, Amanda Mill
London, E1 6FG
United Kingdom

Consignee:
Linda Chloe Burton
Flat 85k, Amanda Mill
London, E1 6FG
United Kingdom

Vessel: MV Atlantic Horizon
Carrier: Atlantic Shipping Lines
Port of Loading: Southampton, UK
Port of Discharge: New York, USA

Goods Description:
- 1 x Pallet of Electronic Components
- Serial Number: 5678901234567
- Quantity: 500 units
- Description: Network Routers
- Marks and Numbers: F2E6:13E:FC78:D91D:C631:8022:E5E4:11D5
- Packing Type: Carton
- Gross Weight: 2500 kg
- Volume: 10 m3

Notification: Linda Chloe Burton, Flat 85k, Amanda Mill, London, E1 6FG, United Kingdom

Terms and Conditions:
This Bill of Lading is subject to our “Conditions of Carriage” as filed with the Federal Maritime Commission, Washington D.C.

Issued by:
Atlantic Shipping Lines
Southampton, UK
Date: 15-JUN-2022

Vessel ETA: New York - 10-JUL-2022

Cargo Received:
Verified by: [Shipping Agent]
Signature: [Shipping Agent's Signature]
Date: 15-JUN-2022

Note: IP address 167.233.11.195 has been logged for security purposes.",,STREET_ADDRESS,,"[660,664)",,Mill,0.5698804259300232,
test,2712,synthetic-00007699,securelogx_custom_logs,order_reference_ssn_shape_warn_v1,wrong entity class,WARN Order reference 326-99-2887 was replayed after a warehouse timeout. log_sequence=7699,BUSINESS_ID,SSN,"[21,32)","[21,32)",326-99-2887,326-99-2887,0.9941795298031398,
test,2714,42173,gretel_finance_pii,,false positive,"<?xml version=""1.0"" encoding=""UTF-16""?>
<PO>
  <PURCHASEORDER>
    <DOCUMENTDATE>2022-01-17</DOC DocumentDate>
    <REVISION>1</REV Revision>
 
    <PO_ID>12345</PO_ID>
    <PURCHASEORDERID>12345</PURCHASEORDERID>
    <REQUESTOR>
      <NAME>Pénélope L. Deschamps</NAME>
      <STREET>996 Smith Dam</STREET>
      <CITY>Suite 364</CITY>
      <POSTAL>114.390305</POSTAL>
      <COUNTRY>-74.343846</COUNTRY>
    </REQUESTOR>
 
    <SHIPTO>
      <NAME>Pénélope L. Deschamps</NAME>
      <STREET>996 Smith Dam</STREET>
      <CITY>Suite 364</CITY>
      <POSTAL>114.390305</POSTAL>
      <COUNTRY>-74.343846</COUNTRY>
    </SHIPTO>
 
    <PURCHASEORDER_ITEM>
      <ITEM_ID>1</ITEM_ID>
      <DESCRIPTION>Widget</DESCRIPTION>
      <QUANTITY>10</QUANTITY>
      <PO_UNITPRICE>10.00</PO_UNITPRICE>
      <TAX>0.00</TAX>
      <TOTAL>100.00</TOTAL>
    </PURCHASEORDER_ITEM>
 
  </PURCHASEORDER>
</PO>",,STREET_ADDRESS,,"[285,294)",,996 Smith,0.5703433354695638,
test,2714,42173,gretel_finance_pii,,false positive,"<?xml version=""1.0"" encoding=""UTF-16""?>
<PO>
  <PURCHASEORDER>
    <DOCUMENTDATE>2022-01-17</DOC DocumentDate>
    <REVISION>1</REV Revision>
 
    <PO_ID>12345</PO_ID>
    <PURCHASEORDERID>12345</PURCHASEORDERID>
    <REQUESTOR>
      <NAME>Pénélope L. Deschamps</NAME>
      <STREET>996 Smith Dam</STREET>
      <CITY>Suite 364</CITY>
      <POSTAL>114.390305</POSTAL>
      <COUNTRY>-74.343846</COUNTRY>
    </REQUESTOR>
 
    <SHIPTO>
      <NAME>Pénélope L. Deschamps</NAME>
      <STREET>996 Smith Dam</STREET>
      <CITY>Suite 364</CITY>
      <POSTAL>114.390305</POSTAL>
      <COUNTRY>-74.343846</COUNTRY>
    </SHIPTO>
 
    <PURCHASEORDER_ITEM>
      <ITEM_ID>1</ITEM_ID>
      <DESCRIPTION>Widget</DESCRIPTION>
      <QUANTITY>10</QUANTITY>
      <PO_UNITPRICE>10.00</PO_UNITPRICE>
      <TAX>0.00</TAX>
      <TOTAL>100.00</TOTAL>
    </PURCHASEORDER_ITEM>
 
  </PURCHASEORDER>
</PO>",,STREET_ADDRESS,,"[494,497)",,996,0.740147054195404,
test,2718,24238,gretel_finance_pii,,wrong entity class,"Support Ticket #UK-2023-04-13-001
-----------------------------------

**User Information:**

- Name: Édith Berthelot-Baron
- BBAN: 78613716027289190605986
- Contact Details: [Redacted for privacy]

**Device Information:**

- Device Type: Printer
- Model: [Printer Model]
- Serial Number: [Printer Serial Number]

**Issue Description:**

The user, Édith Berthelot-Baron, reported a printer jam issue with the device located at 3 Via Zamorani, 07032, Villarazzo. The user mentioned that they were unable to print any documents due to this problem.

**Priority:**

Medium

**Status:**

In Progress

**Assigned To:**

IT Support Team

**Resolution Details:**

1. Opened the printer access door and carefully removed the jammed paper.
2. Checked for any remaining debris and cleaned the printer as necessary.
3. Tested the printer by printing a test page.
4. Confirmed that the printer was functioning correctly and no further jamming occurred.

**Closure Details:**

The IT Support Team resolved the printer jam issue and confirmed that the printer was functioning correctly. The user was notified of the resolution and asked to confirm if they were able to print without any further issues.

**Closure Date & Time:**

[Closure Date & Time]

**Additional Notes:**

None.",BANK_ACCOUNT_NUMBER,CREDIT_CARD_NUMBER,"[132,155)","[132,155)",78613716027289190605986,78613716027289190605986,0.9459436098734538,
test,2718,24238,gretel_finance_pii,,boundary-too-short,"Support Ticket #UK-2023-04-13-001
-----------------------------------

**User Information:**

- Name: Édith Berthelot-Baron
- BBAN: 78613716027289190605986
- Contact Details: [Redacted for privacy]

**Device Information:**

- Device Type: Printer
- Model: [Printer Model]
- Serial Number: [Printer Serial Number]

**Issue Description:**

The user, Édith Berthelot-Baron, reported a printer jam issue with the device located at 3 Via Zamorani, 07032, Villarazzo. The user mentioned that they were unable to print any documents due to this problem.

**Priority:**

Medium

**Status:**

In Progress

**Assigned To:**

IT Support Team

**Resolution Details:**

1. Opened the printer access door and carefully removed the jammed paper.
2. Checked for any remaining debris and cleaned the printer as necessary.
3. Tested the printer by printing a test page.
4. Confirmed that the printer was functioning correctly and no further jamming occurred.

**Closure Details:**

The IT Support Team resolved the printer jam issue and confirmed that the printer was functioning correctly. The user was notified of the resolution and asked to confirm if they were able to print without any further issues.

**Closure Date & Time:**

[Closure Date & Time]

**Additional Notes:**

None.",STREET_ADDRESS,STREET_ADDRESS,"[427,460)","[443,460)","3 Via Zamorani, 07032, Villarazzo","07032, Villarazzo",0.9275350911276681,
test,2718,24238,gretel_finance_pii,,false positive,"Support Ticket #UK-2023-04-13-001
-----------------------------------

**User Information:**

- Name: Édith Berthelot-Baron
- BBAN: 78613716027289190605986
- Contact Details: [Redacted for privacy]

**Device Information:**

- Device Type: Printer
- Model: [Printer Model]
- Serial Number: [Printer Serial Number]

**Issue Description:**

The user, Édith Berthelot-Baron, reported a printer jam issue with the device located at 3 Via Zamorani, 07032, Villarazzo. The user mentioned that they were unable to print any documents due to this problem.

**Priority:**

Medium

**Status:**

In Progress

**Assigned To:**

IT Support Team

**Resolution Details:**

1. Opened the printer access door and carefully removed the jammed paper.
2. Checked for any remaining debris and cleaned the printer as necessary.
3. Tested the printer by printing a test page.
4. Confirmed that the printer was functioning correctly and no further jamming occurred.

**Closure Details:**

The IT Support Team resolved the printer jam issue and confirmed that the printer was functioning correctly. The user was notified of the resolution and asked to confirm if they were able to print without any further issues.

**Closure Date & Time:**

[Closure Date & Time]

**Additional Notes:**

None.",,STREET_ADDRESS,,"[427,442)",,"3 Via Zamorani,",0.9966067771116892,
test,2731,synthetic-00021265,securelogx_custom_logs,order_reference_ssn_shape_warn_v1,wrong entity class,WARN Order reference 593-42-3821 was replayed after a warehouse timeout. log_sequence=21265,BUSINESS_ID,SSN,"[21,32)","[21,32)",593-42-3821,593-42-3821,0.9972781113215855,
test,2767,synthetic-00010093,securelogx_custom_logs,order_reference_ssn_shape_warn_v1,wrong entity class,WARN Order reference 655-82-4494 was replayed after a warehouse timeout. log_sequence=10093,BUSINESS_ID,SSN,"[21,32)","[21,32)",655-82-4494,655-82-4494,0.9975727871060371,
test,2769,37088,gretel_finance_pii,,false negative,"**REHABILITATION SERVICES CLAIM FORM**

Patient Information:

Last Name: Williams-Kennedy
First Name: Emily
BBAN: GMFN19971185533684
Mailing Address: 13565 Gina Forge, Apt. 661, [City], [State], [Zip Code]

Claim Details:

Type of Service: Rehabilitation Services
Date of Service: 01/15/2022
Therapist Information:
Therapist Name: [Therapist's Name]
Therapist License Number: [Therapist's License Number]
Therapist Contact Information: [Therapist's Contact Information]

Treatment Details:

Diagnosis Code: [Diagnosis Code]
Treatment Code: [Treatment Code]
Billing Amount: $[Billing Amount]

Declaration:
I declare that I am a legal representative of the patient and I have the authority to sign this form. I confirm that the above-mentioned information is true and accurate to the best of my knowledge.

Signature: [Your Signature]
Date: [Date]

Note: Please attach all required documentation, including the medical report, invoice, and any other relevant documents.",PERSON_NAME,,"[331,349)",,[Therapist's Name],,,0.039736270322464406
test,2773,synthetic-00011689,securelogx_custom_logs,order_reference_ssn_shape_warn_v1,wrong entity class,WARN Order reference 770-48-7629 was replayed after a warehouse timeout. log_sequence=11689,BUSINESS_ID,SSN,"[21,32)","[21,32)",770-48-7629,770-48-7629,0.9962912031582424,
test,2784,synthetic-00020201,securelogx_custom_logs,order_reference_ssn_shape_warn_v1,wrong entity class,WARN Order reference 927-16-8732 was replayed after a warehouse timeout. log_sequence=20201,BUSINESS_ID,SSN,"[21,32)","[21,32)",927-16-8732,927-16-8732,0.9875628863062177,
test,2788,40020,gretel_finance_pii,,false negative,"**Data Minimization Privacy Policy**

At [Company Name], we are committed to protecting the privacy and security of our customers. We believe in collecting and retaining only the minimum amount of personal data necessary to provide our services and to improve our offerings. This Data Minimization Privacy Policy explains how we collect, use, and manage your personal data.

**Information Collection**

We collect personal data when you voluntarily provide it to us, such as when you register for an account, place an order, or contact our customer support. The data we collect may include your name, email address, postal address, phone number, and billing information. We may also collect data about your usage of our services, such as your IP address, browser type, and device information.

**Purpose and Use of Data**

We use the personal data we collect for the following purposes:

1. To provide and improve our services: We use your personal data to deliver our services, process your orders, and to improve our offerings based on usage patterns and customer feedback.
2. To communicate with you: We may use your personal data to send you important updates, respond to your inquiries, and to provide customer support.
3. To comply with legal obligations: We may be required to retain and disclose certain personal data in response to lawful requests by public authorities or to comply with national security or law enforcement requirements.

**Data Retention and Security**

We retain your personal data only for as long as necessary to fulfill the purposes outlined in this policy, unless a longer retention period is required or permitted by law. We employ industry-standard security measures to protect your personal data from unauthorized access, disclosure, alteration, or destruction.

**Your Rights**

You have the right to access, rectify, erase, restrict, and object to the processing of your personal data. You may also have the right to data portability. To exercise these rights, please contact us using the contact details provided below. We will respond to your request within a reasonable timeframe, and in accordance with applicable laws and regulations.

**Contact Us**

If you have any questions or concerns about this Data Minimization Privacy Policy or our privacy practices, please contact us at:

[Company Name]
[Company Address]
[Company Email]
[Company Phone Number]

**Changes to this",STREET_ADDRESS,,"[616,630)",,postal address,,,0.012352367397397757
test,2788,40020,gretel_finance_pii,,false negative,"**Data Minimization Privacy Policy**

At [Company Name], we are committed to protecting the privacy and security of our customers. We believe in collecting and retaining only the minimum amount of personal data necessary to provide our services and to improve our offerings. This Data Minimization Privacy Policy explains how we collect, use, and manage your personal data.

**Information Collection**

We collect personal data when you voluntarily provide it to us, such as when you register for an account, place an order, or contact our customer support. The data we collect may include your name, email address, postal address, phone number, and billing information. We may also collect data about your usage of our services, such as your IP address, browser type, and device information.

**Purpose and Use of Data**

We use the personal data we collect for the following purposes:

1. To provide and improve our services: We use your personal data to deliver our services, process your orders, and to improve our offerings based on usage patterns and customer feedback.
2. To communicate with you: We may use your personal data to send you important updates, respond to your inquiries, and to provide customer support.
3. To comply with legal obligations: We may be required to retain and disclose certain personal data in response to lawful requests by public authorities or to comply with national security or law enforcement requirements.

**Data Retention and Security**

We retain your personal data only for as long as necessary to fulfill the purposes outlined in this policy, unless a longer retention period is required or permitted by law. We employ industry-standard security measures to protect your personal data from unauthorized access, disclosure, alteration, or destruction.

**Your Rights**

You have the right to access, rectify, erase, restrict, and object to the processing of your personal data. You may also have the right to data portability. To exercise these rights, please contact us using the contact details provided below. We will respond to your request within a reasonable timeframe, and in accordance with applicable laws and regulations.

**Contact Us**

If you have any questions or concerns about this Data Minimization Privacy Policy or our privacy practices, please contact us at:

[Company Name]
[Company Address]
[Company Email]
[Company Phone Number]

**Changes to this",PHONE,,"[632,644)",,phone number,,,0.13844673335552216
test,2791,40911,gretel_finance_pii,,false positive,"**Operational Plan for Evelia Arenas-Costa's Port Robertstad Artisan Bakery**

**1. Introduction**

Evelia Arenas-Costa will be opening an artisan bakery in the charming town of Port Robertstad, located at 494 Tyler Parkway. The bakery will specialize in traditional, handmade breads and pastries, using high-quality, locally-sourced ingredients. This operational plan outlines the day-to-day operations of the business, including processes, resources, and responsibilities.

**2. Staffing**

The bakery will employ a team of skilled bakers, a head baker, a cashier, and a cleaning staff. The head baker will be responsible for overseeing the baking process, ensuring quality and consistency. The cashier will handle customer transactions, and the cleaning staff will maintain a clean and sanitary workspace.

**3. Production Process**

The bakery's production process will begin with the receiving and storage of raw materials, such as flour, sugar, and yeast. The bakers will then mix and knead the dough, allowing it to rise before shaping and baking the final products. The baked goods will then be packaged and displayed for sale.

**4. Equipment**

The bakery will require a number of specialized pieces of equipment, including:

* Ovens
* Mixers
* Dough sheeter
* Proof boxes
* Display cases
* Utensils (measuring cups, spatulas, etc.)

**5. Suppliers**

The bakery will source its raw materials from local suppliers, including:

* Flour mills
* Sugar refineries
* Dairy farms
* Local farmers markets

**6. Financial Forecast**

The bakery anticipates strong sales, with a projected revenue of $500,000 in the first year of operation. The bakery will incur the following expenses:

* Raw materials: $150,000
* Labor: $200,000
* Rent: $36,000
* Utilities: $18,000
* Equipment: $100,000

This results in",,STREET_ADDRESS,,"[183,190)",,Roberts,0.5288419127464294,
test,2793,synthetic-00014349,securelogx_custom_logs,order_reference_ssn_shape_warn_v1,wrong entity class,WARN Order reference 985-41-7888 was replayed after a warehouse timeout. log_sequence=14349,BUSINESS_ID,SSN,"[21,32)","[21,32)",985-41-7888,985-41-7888,0.9274378567934036,
test,2808,40406,gretel_finance_pii,,boundary-too-short,"Market Share Projection for Walton PLC

Introduction

The purpose of this report is to provide a data-driven and evidence-based projection of Walton PLC's future market share in the financial services sector. The forecast is based on a comprehensive analysis of market trends, competitive landscape, and consumer behavior.

Market Analysis

The financial services sector is highly competitive and dynamic. The past decade has seen significant changes in consumer behavior, regulatory frameworks, and technological advancements. Despite these challenges, Walton PLC has consistently outperformed the market, thanks to its innovative products, competitive pricing, and robust marketing strategies.
ors

Market Share Projection

Based on our analysis, we project that Walton PLC's market share will increase by 2.3% over the next three years. This projection is based on several key factors, including:

1. Product Differentiation: Walton PLC's innovative financial products, such as its mobile banking app and online investment platform, have helped it to differentiate itself from competitors.

2. Pricing Strategy: Walton PLC's competitive pricing strategy has helped it to attract and retain customers.

3. Marketing Initi- atives: Walton PLC's strategic marketing initiatives, including its sponsorship of major sports events and its targeted social media campaigns, have helped it to increase brand awareness and attract new customers.

Potential Risks and Opportunities

Despite the positive outlook, there are several potential risks and opportunities that could impact Walton PLC'mple Street, Suite 428

17 Oct s market share.

1. Regulatory Changes: Changes in financial regulations could impact Walton PLC's product offerings and pricing strategies.

2. Technological Innovations: Technological advancements could disrupt the financial services sector and create new opportunities for growth.

3. Competitive Actions: Competitors could introduce new products or pricing strategies that could impact Walton PL C, 81198 Moore Green,

4. Consumer Behavior: Changes in consumer behavior, such as a shift towards digital banking, could impact Walton PL C, Suite 428

Conclusion

In conclusion, we project that Walton PLC's market share will increase by 2.9% over the next three years. This",STREET_ADDRESS,STREET_ADDRESS,"[2007,2037)","[2020,2037)","Walton PL C, 81198 Moore Green",81198 Moore Green,0.9812939167022705,
test,2808,40406,gretel_finance_pii,,false negative,"Market Share Projection for Walton PLC

Introduction

The purpose of this report is to provide a data-driven and evidence-based projection of Walton PLC's future market share in the financial services sector. The forecast is based on a comprehensive analysis of market trends, competitive landscape, and consumer behavior.

Market Analysis

The financial services sector is highly competitive and dynamic. The past decade has seen significant changes in consumer behavior, regulatory frameworks, and technological advancements. Despite these challenges, Walton PLC has consistently outperformed the market, thanks to its innovative products, competitive pricing, and robust marketing strategies.
ors

Market Share Projection

Based on our analysis, we project that Walton PLC's market share will increase by 2.3% over the next three years. This projection is based on several key factors, including:

1. Product Differentiation: Walton PLC's innovative financial products, such as its mobile banking app and online investment platform, have helped it to differentiate itself from competitors.

2. Pricing Strategy: Walton PLC's competitive pricing strategy has helped it to attract and retain customers.

3. Marketing Initi- atives: Walton PLC's strategic marketing initiatives, including its sponsorship of major sports events and its targeted social media campaigns, have helped it to increase brand awareness and attract new customers.

Potential Risks and Opportunities

Despite the positive outlook, there are several potential risks and opportunities that could impact Walton PLC'mple Street, Suite 428

17 Oct s market share.

1. Regulatory Changes: Changes in financial regulations could impact Walton PLC's product offerings and pricing strategies.

2. Technological Innovations: Technological advancements could disrupt the financial services sector and create new opportunities for growth.

3. Competitive Actions: Competitors could introduce new products or pricing strategies that could impact Walton PL C, 81198 Moore Green,

4. Consumer Behavior: Changes in consumer behavior, such as a shift towards digital banking, could impact Walton PL C, Suite 428

Conclusion

In conclusion, we project that Walton PLC's market share will increase by 2.9% over the next three years. This",STREET_ADDRESS,,"[2146,2168)",,"Walton PL C, Suite 428",,,0.11739382897212636
test,2808,40406,gretel_finance_pii,,false positive,"Market Share Projection for Walton PLC

Introduction

The purpose of this report is to provide a data-driven and evidence-based projection of Walton PLC's future market share in the financial services sector. The forecast is based on a comprehensive analysis of market trends, competitive landscape, and consumer behavior.

Market Analysis

The financial services sector is highly competitive and dynamic. The past decade has seen significant changes in consumer behavior, regulatory frameworks, and technological advancements. Despite these challenges, Walton PLC has consistently outperformed the market, thanks to its innovative products, competitive pricing, and robust marketing strategies.
ors

Market Share Projection

Based on our analysis, we project that Walton PLC's market share will increase by 2.3% over the next three years. This projection is based on several key factors, including:

1. Product Differentiation: Walton PLC's innovative financial products, such as its mobile banking app and online investment platform, have helped it to differentiate itself from competitors.

2. Pricing Strategy: Walton PLC's competitive pricing strategy has helped it to attract and retain customers.

3. Marketing Initi- atives: Walton PLC's strategic marketing initiatives, including its sponsorship of major sports events and its targeted social media campaigns, have helped it to increase brand awareness and attract new customers.

Potential Risks and Opportunities

Despite the positive outlook, there are several potential risks and opportunities that could impact Walton PLC'mple Street, Suite 428

17 Oct s market share.

1. Regulatory Changes: Changes in financial regulations could impact Walton PLC's product offerings and pricing strategies.

2. Technological Innovations: Technological advancements could disrupt the financial services sector and create new opportunities for growth.

3. Competitive Actions: Competitors could introduce new products or pricing strategies that could impact Walton PL C, 81198 Moore Green,

4. Consumer Behavior: Changes in consumer behavior, such as a shift towards digital banking, could impact Walton PL C, Suite 428

Conclusion

In conclusion, we project that Walton PLC's market share will increase by 2.9% over the next three years. This",,STREET_ADDRESS,,"[1599,1608)",,Suite 428,0.649795929590861,
test,2827,14477,gretel_finance_pii,,wrong entity class,":20:MT799
:25:1234567890
:20:/1234567890/GB65ABCD1234567890
:50:/1234567890/GB65ABCD1234567890
:57A:Erik Nilsson
:59:/1234567890/GB65ABCD1234567890
:71A:GBP12345.67
:72:/1234567890/GB65ABCD1234567890
:77B:ERIK NILSSON
:77D:Marinushof 13
:86:25.9358185,133.968095
:113A:GBP
:120:/1234567890/GB65ABCD1234567890
:13A:GBP
:16R:CRED
:16S:GBP
:17X:ABC123
:23G:/1234567890/GB65ABCD1234567890
:29B:/1234567890/GB65ABCD1234567890
:32A:20220322
:33B:GBP
:35B:/1234567890/GB65ABCD1234567890
:36B:/1234567890/GB65ABCD1234567890
:53A:ERIK NILSSON
:54A:/1234567890/GB65ABCD1234567890
:56A",STREET_ADDRESS,PERSON_NAME,"[223,236)","[223,233)",Marinushof 13,Marinushof,0.7173051039377848,
test,2827,14477,gretel_finance_pii,,false negative,":20:MT799
:25:1234567890
:20:/1234567890/GB65ABCD1234567890
:50:/1234567890/GB65ABCD1234567890
:57A:Erik Nilsson
:59:/1234567890/GB65ABCD1234567890
:71A:GBP12345.67
:72:/1234567890/GB65ABCD1234567890
:77B:ERIK NILSSON
:77D:Marinushof 13
:86:25.9358185,133.968095
:113A:GBP
:120:/1234567890/GB65ABCD1234567890
:13A:GBP
:16R:CRED
:16S:GBP
:17X:ABC123
:23G:/1234567890/GB65ABCD1234567890
:29B:/1234567890/GB65ABCD1234567890
:32A:20220322
:33B:GBP
:35B:/1234567890/GB65ABCD1234567890
:36B:/1234567890/GB65ABCD1234567890
:53A:ERIK NILSSON
:54A:/1234567890/GB65ABCD1234567890
:56A",PERSON_NAME,,"[205,217)",,ERIK NILSSON,,,0.23782276255743845
test,2827,14477,gretel_finance_pii,,false negative,":20:MT799
:25:1234567890
:20:/1234567890/GB65ABCD1234567890
:50:/1234567890/GB65ABCD1234567890
:57A:Erik Nilsson
:59:/1234567890/GB65ABCD1234567890
:71A:GBP12345.67
:72:/1234567890/GB65ABCD1234567890
:77B:ERIK NILSSON
:77D:Marinushof 13
:86:25.9358185,133.968095
:113A:GBP
:120:/1234567890/GB65ABCD1234567890
:13A:GBP
:16R:CRED
:16S:GBP
:17X:ABC123
:23G:/1234567890/GB65ABCD1234567890
:29B:/1234567890/GB65ABCD1234567890
:32A:20220322
:33B:GBP
:35B:/1234567890/GB65ABCD1234567890
:36B:/1234567890/GB65ABCD1234567890
:53A:ERIK NILSSON
:54A:/1234567890/GB65ABCD1234567890
:56A",PERSON_NAME,,"[521,533)",,ERIK NILSSON,,,0.27892456310135977
test,2840,34601,gretel_finance_pii,,false negative,"**Data Sharing Privacy Policy**

At [Company Name], we are committed to protecting the privacy and security of our customers' personal information. This Data Sharing Privacy Policy outlines the circumstances under which customer data may be shared with third parties and the associated safeguards.

**Collection and Use of Personal Information**

We collect and use personal information, such as name, phone number, and street address, in order to provide and improve our products and services. For example, we may use this information to contact customers with important updates or to process transactions.

**Data Sharing with Third Parties**

In certain circumstances, we may share personal information with third parties in order to provide or improve our products and services. For example, we may share information with:

* Service providers: We may share personal information with third-party service providers who perform services on our behalf, such as payment processing or data storage. These service providers are contractually obligated to protect the confidentiality of personal information and use it only for the purpose of providing services to us.
* Business partners: We may share personal information with business partners in order to provide co-branded or joint products and services. These partners are contractually obligated to protect the confidentiality of personal information and use it only for the purpose of providing services to us.
* Legal purposes: We may disclose personal information as required by law, such as to comply with a subpoena or other legal process, or to protect the rights, property, and safety of [Company Name], our customers, or others.

**Safeguarding Personal Information**

We take appropriate measures to safeguard personal information against unauthorized access, disclosure, alteration, or destruction. These measures include:

* Physical safeguards: We restrict access to personal information to authorized personnel only, and we store physical records in secure locations.
* Technical safeguards: We use industry-standard security measures, such as firewalls and encryption, to protect personal information.
* Organizational safeguards: We have policies and procedures in place to ensure the proper handling of personal information, and we train our employees on these policies and procedures.

**Rights of Customers**

Customers have the right to access, correct, or delete their personal information. They may also object to the processing of their personal information or request restrictions on its use. To exercise these rights, customers",PERSON_NAME,,"[396,400)",,name,,,0.012672030366957188
test,2840,34601,gretel_finance_pii,,false negative,"**Data Sharing Privacy Policy**

At [Company Name], we are committed to protecting the privacy and security of our customers' personal information. This Data Sharing Privacy Policy outlines the circumstances under which customer data may be shared with third parties and the associated safeguards.

**Collection and Use of Personal Information**

We collect and use personal information, such as name, phone number, and street address, in order to provide and improve our products and services. For example, we may use this information to contact customers with important updates or to process transactions.

**Data Sharing with Third Parties**

In certain circumstances, we may share personal information with third parties in order to provide or improve our products and services. For example, we may share information with:

* Service providers: We may share personal information with third-party service providers who perform services on our behalf, such as payment processing or data storage. These service providers are contractually obligated to protect the confidentiality of personal information and use it only for the purpose of providing services to us.
* Business partners: We may share personal information with business partners in order to provide co-branded or joint products and services. These partners are contractually obligated to protect the confidentiality of personal information and use it only for the purpose of providing services to us.
* Legal purposes: We may disclose personal information as required by law, such as to comply with a subpoena or other legal process, or to protect the rights, property, and safety of [Company Name], our customers, or others.

**Safeguarding Personal Information**

We take appropriate measures to safeguard personal information against unauthorized access, disclosure, alteration, or destruction. These measures include:

* Physical safeguards: We restrict access to personal information to authorized personnel only, and we store physical records in secure locations.
* Technical safeguards: We use industry-standard security measures, such as firewalls and encryption, to protect personal information.
* Organizational safeguards: We have policies and procedures in place to ensure the proper handling of personal information, and we train our employees on these policies and procedures.

**Rights of Customers**

Customers have the right to access, correct, or delete their personal information. They may also object to the processing of their personal information or request restrictions on its use. To exercise these rights, customers",PHONE,,"[402,414)",,phone number,,,0.10741259530186653
test,2840,34601,gretel_finance_pii,,false negative,"**Data Sharing Privacy Policy**

At [Company Name], we are committed to protecting the privacy and security of our customers' personal information. This Data Sharing Privacy Policy outlines the circumstances under which customer data may be shared with third parties and the associated safeguards.

**Collection and Use of Personal Information**

We collect and use personal information, such as name, phone number, and street address, in order to provide and improve our products and services. For example, we may use this information to contact customers with important updates or to process transactions.

**Data Sharing with Third Parties**

In certain circumstances, we may share personal information with third parties in order to provide or improve our products and services. For example, we may share information with:

* Service providers: We may share personal information with third-party service providers who perform services on our behalf, such as payment processing or data storage. These service providers are contractually obligated to protect the confidentiality of personal information and use it only for the purpose of providing services to us.
* Business partners: We may share personal information with business partners in order to provide co-branded or joint products and services. These partners are contractually obligated to protect the confidentiality of personal information and use it only for the purpose of providing services to us.
* Legal purposes: We may disclose personal information as required by law, such as to comply with a subpoena or other legal process, or to protect the rights, property, and safety of [Company Name], our customers, or others.

**Safeguarding Personal Information**

We take appropriate measures to safeguard personal information against unauthorized access, disclosure, alteration, or destruction. These measures include:

* Physical safeguards: We restrict access to personal information to authorized personnel only, and we store physical records in secure locations.
* Technical safeguards: We use industry-standard security measures, such as firewalls and encryption, to protect personal information.
* Organizational safeguards: We have policies and procedures in place to ensure the proper handling of personal information, and we train our employees on these policies and procedures.

**Rights of Customers**

Customers have the right to access, correct, or delete their personal information. They may also object to the processing of their personal information or request restrictions on its use. To exercise these rights, customers",STREET_ADDRESS,,"[420,434)",,street address,,,0.023285997100174427
test,2842,214,gretel_finance_pii,,false positive,"Safety Data Sheet

Section 1: Identification
Product identifier: Waste Code 19 01 03*
Product name: Selenium Hexasulfide Hazardous Waste
Recommended use: Not for consumer use. Used in the manufacturing of electronic components and photovoltaic cells.
Supplier details:
ABC Chemicals Ltd.
1234 Hazardous Waste Lane
London, UK
Tel: 020-1234-5678
Email: [info@abc-chemicals.co.uk](mailto:info@abc-chemicals.co.uk)
Emergency phone: 020-1234-5679

Section 2: Hazard(s) identification
Classification: Harmful substance. May cause harm to the respiratory system, skin, and eyes.
Hazard statements:
- Harmful if swallowed.
- Harmful if inhaled.
- Harmful in contact with skin.
- Harmful if inhaled.
- May cause long-lasting harmful effects to aquatic life.
Pictograms:

Section 3: Composition/information on ingredients
Chemical composition: Selenium Hexasulfide
Chemical formula: SeS6

Section 4: First-aid measures
Inhalation: Remove person to fresh air and keep comfortable for breathing.
Skin contact: Wash off with soap and plenty of water.
Eye contact: Rinse thoroughly with plenty of water for at least 15 minutes and consult a physician.
Ingestion: Rinse mouth and drink plenty of water. Do not induce vomiting.

Section 5: Fire-fighting measures
Fire extinguishing media: Dry chemical, carbon dioxide, foam, or water spray.
Special hazards arising from the substance or mixture: Do not breathe fumes.

Section 6: Accidental release measures
Personal precautions: Use personal protective equipment, including gloves, protective clothing, and eye protection.
Environmental precautions: Prevent spillage from entering drains or water courses.

Section 7: Handling and storage
Precautions for safe handling: Use personal protective equipment",,STREET_ADDRESS,,"[288,324)",,"1234 Hazardous Waste Lane
London, UK",0.7263706088066101,
test,2842,214,gretel_finance_pii,,false positive,"Safety Data Sheet

Section 1: Identification
Product identifier: Waste Code 19 01 03*
Product name: Selenium Hexasulfide Hazardous Waste
Recommended use: Not for consumer use. Used in the manufacturing of electronic components and photovoltaic cells.
Supplier details:
ABC Chemicals Ltd.
1234 Hazardous Waste Lane
London, UK
Tel: 020-1234-5678
Email: [info@abc-chemicals.co.uk](mailto:info@abc-chemicals.co.uk)
Emergency phone: 020-1234-5679

Section 2: Hazard(s) identification
Classification: Harmful substance. May cause harm to the respiratory system, skin, and eyes.
Hazard statements:
- Harmful if swallowed.
- Harmful if inhaled.
- Harmful in contact with skin.
- Harmful if inhaled.
- May cause long-lasting harmful effects to aquatic life.
Pictograms:

Section 3: Composition/information on ingredients
Chemical composition: Selenium Hexasulfide
Chemical formula: SeS6

Section 4: First-aid measures
Inhalation: Remove person to fresh air and keep comfortable for breathing.
Skin contact: Wash off with soap and plenty of water.
Eye contact: Rinse thoroughly with plenty of water for at least 15 minutes and consult a physician.
Ingestion: Rinse mouth and drink plenty of water. Do not induce vomiting.

Section 5: Fire-fighting measures
Fire extinguishing media: Dry chemical, carbon dioxide, foam, or water spray.
Special hazards arising from the substance or mixture: Do not breathe fumes.

Section 6: Accidental release measures
Personal precautions: Use personal protective equipment, including gloves, protective clothing, and eye protection.
Environmental precautions: Prevent spillage from entering drains or water courses.

Section 7: Handling and storage
Precautions for safe handling: Use personal protective equipment",,PHONE,,"[428,441)",,020-1234-5679,0.9441413813167148,
test,2846,46680,gretel_finance_pii,,false positive,"35=D|55=Trade Compression Initiation|34=123456|52=20220214-15:30:00|57=Tag_Value_Pair|49=Sender_CompID|50=Target_CompID|108=30|10=220|

55*=Initiating Party|447=CompID_of_Initiating_Party|452=BeginString_of_Initiating_Party_System|453=SendingTime_of_Initiating_Party_System|454=Initiating_Party_System_Name|455=OnBehalfOf_CompID|562=Target_System_Name|563=Target_System_Version|564=BeginString_of_Target_System|568=Target_Subscriber_ID_of_Initiator|570=BeginString_of_Initiator_System|571=SendingTime_of_Initiator_System|572=Initiator_System_Name|108=30|10=221|

55*=CompressionMethod|342=Method_Description|343=Method_Version|108=30|10=222|

55*=Trade_Information|44=TransactTime_of_Trade|432=Trade_ID|448=Trade_Input_Source|449=Security_Trading_Status|450=Trade_Report_Type|451=Trade_Report_Type_Description|452=BeginString_of_Trade_Reporting_System|453=SendingTime_of_Trade_Reporting_System|454=Trade_Report_Timestamp|455=Trade_Report_Timestamp_Time_Zone|55=Philippe|54=19790628|555=Ludmila J. Heintze|556=661 Mark Pike, Apt. 1",,PASSPORT_NUMBER,,"[973,981)",,19790628,0.5536802187561989,
test,2846,46680,gretel_finance_pii,,false positive,"35=D|55=Trade Compression Initiation|34=123456|52=20220214-15:30:00|57=Tag_Value_Pair|49=Sender_CompID|50=Target_CompID|108=30|10=220|

55*=Initiating Party|447=CompID_of_Initiating_Party|452=BeginString_of_Initiating_Party_System|453=SendingTime_of_Initiating_Party_System|454=Initiating_Party_System_Name|455=OnBehalfOf_CompID|562=Target_System_Name|563=Target_System_Version|564=BeginString_of_Target_System|568=Target_Subscriber_ID_of_Initiator|570=BeginString_of_Initiator_System|571=SendingTime_of_Initiator_System|572=Initiator_System_Name|108=30|10=221|

55*=CompressionMethod|342=Method_Description|343=Method_Version|108=30|10=222|

55*=Trade_Information|44=TransactTime_of_Trade|432=Trade_ID|448=Trade_Input_Source|449=Security_Trading_Status|450=Trade_Report_Type|451=Trade_Report_Type_Description|452=BeginString_of_Trade_Reporting_System|453=SendingTime_of_Trade_Reporting_System|454=Trade_Report_Timestamp|455=Trade_Report_Timestamp_Time_Zone|55=Philippe|54=19790628|555=Ludmila J. Heintze|556=661 Mark Pike, Apt. 1",,STREET_ADDRESS,,"[1009,1030)",,"661 Mark Pike, Apt. 1",0.9859315752983093,
test,2849,26594,gretel_finance_pii,,boundary-too-short,"Dear Ms. Sarah Johnson,

This is to confirm that we have received your payment of £2,500.00, which was credited to our account on 5th April, 2023.

We would like to take this opportunity to express our gratitude for your prompt and accurate payment. Your business is greatly appreciated.

If you have any questions or concerns, please do not hesitate to contact us.

Best regards,

John Doe
Finance Department
ABC Corporation Ltd.",PERSON_NAME,PERSON_NAME,"[5,22)","[9,22)",Ms. Sarah Johnson,Sarah Johnson,0.8623393476009369,
test,2852,41463,gretel_finance_pii,,false negative,"-----------------------------------------------------------------------------------------------------
Customer Support Conversational Log
-----------------------------------------------------------------------------------------------------

Timestamp: 2022-03-15 10:30:00
Customer Email: giorgio.gasperi@example.com
Agent: Susan Johnson

Customer: Hello, I recently signed up for your service and I need some guidance on compliance requirements. I am a bit confused about how it all works.

Agent: Hello Giorgio, I understand your concern. I'm here to help. Can you please confirm your date of birth for verification purposes?

Customer: Sure, I was born on 03/20/1985.

Agent: Thank you for confirming, Giorgio. Now, let's talk about compliance. As a user of our service, you are responsible for ensuring that you comply with all relevant industry regulations and data protection measures.

Customer: That makes sense. But could you explain what that means for me in practical terms?

Agent: Of course. For example, if you are handling sensitive data, you need to ensure that it is stored and processed securely, and that you have appropriate access controls in place. You should also be aware of any specific regulations that apply to your industry, such as HIPAA for healthcare or GDPR for data protection in the EU.

Customer: I see. And what measures does your company have in place to help me with this?

Agent: We provide a range of tools and resources to help you manage compliance, including encryption for data in transit and at rest, access controls, and audit logs. We also have a team of experts who can provide guidance and advice on compliance matters.

Customer: That's great to hear. I live at 465 Mays Freeway, and I want to make sure that my data is secure.

Agent: Absolutely, Giorgio. We take data security very seriously, and we have a range of measures in place to protect your data, wherever it is located.

Customer: Thank you for your help, Susan. I feel much more confident now.

Agent: You're welcome, Giorgio. If you have any further questions, don't hesitate to get in touch. Have a great day!

Timestamp: 2022-03-15 ",PERSON_NAME,,"[986,991)",,Agent,,,0.0001253023074241355
test,2852,41463,gretel_finance_pii,,false positive,"-----------------------------------------------------------------------------------------------------
Customer Support Conversational Log
-----------------------------------------------------------------------------------------------------

Timestamp: 2022-03-15 10:30:00
Customer Email: giorgio.gasperi@example.com
Agent: Susan Johnson

Customer: Hello, I recently signed up for your service and I need some guidance on compliance requirements. I am a bit confused about how it all works.

Agent: Hello Giorgio, I understand your concern. I'm here to help. Can you please confirm your date of birth for verification purposes?

Customer: Sure, I was born on 03/20/1985.

Agent: Thank you for confirming, Giorgio. Now, let's talk about compliance. As a user of our service, you are responsible for ensuring that you comply with all relevant industry regulations and data protection measures.

Customer: That makes sense. But could you explain what that means for me in practical terms?

Agent: Of course. For example, if you are handling sensitive data, you need to ensure that it is stored and processed securely, and that you have appropriate access controls in place. You should also be aware of any specific regulations that apply to your industry, such as HIPAA for healthcare or GDPR for data protection in the EU.

Customer: I see. And what measures does your company have in place to help me with this?

Agent: We provide a range of tools and resources to help you manage compliance, including encryption for data in transit and at rest, access controls, and audit logs. We also have a team of experts who can provide guidance and advice on compliance matters.

Customer: That's great to hear. I live at 465 Mays Freeway, and I want to make sure that my data is secure.

Agent: Absolutely, Giorgio. We take data security very seriously, and we have a range of measures in place to protect your data, wherever it is located.

Customer: Thank you for your help, Susan. I feel much more confident now.

Agent: You're welcome, Giorgio. If you have any further questions, don't hesitate to get in touch. Have a great day!

Timestamp: 2022-03-15 ",,DOB,,"[658,668)",,03/20/1985,0.984877598285675,
test,2888,48019,gretel_finance_pii,,boundary-too-short,"Subject: Follow-up on Our Recent Webinar: Personalized Resources for You

Dear Laurent,

I hope you found our recent webinar informative and engaging. It was great to have you join us, and I wanted to follow up with some resources that I believe will be of particular interest to you.

Firstly, I wanted to share a case study that closely aligns with your line of work: [Case Study: Improving Operational Efficiency in Manufacturing with AI-driven Analytics]. This study highlights how Cornelia Matthäi, a leading manufacturing company, managed to streamline their operations by leveraging advanced analytics and machine learning techniques. I believe you'll find the insights and results quite compelling.

In addition, I would like to provide you with a complimentary API key for our platform, so you can explore its capabilities further and see how it could benefit your organization:

api_key: xoxb-707853121546-064567914633-AqlMX5HXbr7hwK0BTlhN6Pii

Please feel free to reach out if you have any questions or would like a guided tour of the platform. I'm confident that our solution can help you drive innovation and improve performance in your business.

Lastly, I wanted to share our upcoming events and resources with you:

- [Upcoming Webinar] Leveraging Data Analytics to Optimize Supply Chain Management
- [Whitepaper] The Future of AI in Manufacturing: Trends and Predictions
- [Podcast] Data-driven Decision Making in Manufacturing

I look forward to continuing our conversation and exploring how we can support your business goals.

Best regards,

[Your Name]
[Your Title]
[Your Company]

210 Aimee Radial Suite 695
[City, Postal Code]
[Country]
[Phone Number]
[Email Address]",API_KEY,API_KEY,"[898,953)","[929,953)",xoxb-707853121546-064567914633-AqlMX5HXbr7hwK0BTlhN6Pii,AqlMX5HXbr7hwK0BTlhN6Pii,0.9120591039007361,
test,2888,48019,gretel_finance_pii,,false positive,"Subject: Follow-up on Our Recent Webinar: Personalized Resources for You

Dear Laurent,

I hope you found our recent webinar informative and engaging. It was great to have you join us, and I wanted to follow up with some resources that I believe will be of particular interest to you.

Firstly, I wanted to share a case study that closely aligns with your line of work: [Case Study: Improving Operational Efficiency in Manufacturing with AI-driven Analytics]. This study highlights how Cornelia Matthäi, a leading manufacturing company, managed to streamline their operations by leveraging advanced analytics and machine learning techniques. I believe you'll find the insights and results quite compelling.

In addition, I would like to provide you with a complimentary API key for our platform, so you can explore its capabilities further and see how it could benefit your organization:

api_key: xoxb-707853121546-064567914633-AqlMX5HXbr7hwK0BTlhN6Pii

Please feel free to reach out if you have any questions or would like a guided tour of the platform. I'm confident that our solution can help you drive innovation and improve performance in your business.

Lastly, I wanted to share our upcoming events and resources with you:

- [Upcoming Webinar] Leveraging Data Analytics to Optimize Supply Chain Management
- [Whitepaper] The Future of AI in Manufacturing: Trends and Predictions
- [Podcast] Data-driven Decision Making in Manufacturing

I look forward to continuing our conversation and exploring how we can support your business goals.

Best regards,

[Your Name]
[Your Title]
[Your Company]

210 Aimee Radial Suite 695
[City, Postal Code]
[Country]
[Phone Number]
[Email Address]",,API_KEY,,"[898,905)",,xoxb-70,0.6778807520866394,
test,2888,48019,gretel_finance_pii,,false positive,"Subject: Follow-up on Our Recent Webinar: Personalized Resources for You

Dear Laurent,

I hope you found our recent webinar informative and engaging. It was great to have you join us, and I wanted to follow up with some resources that I believe will be of particular interest to you.

Firstly, I wanted to share a case study that closely aligns with your line of work: [Case Study: Improving Operational Efficiency in Manufacturing with AI-driven Analytics]. This study highlights how Cornelia Matthäi, a leading manufacturing company, managed to streamline their operations by leveraging advanced analytics and machine learning techniques. I believe you'll find the insights and results quite compelling.

In addition, I would like to provide you with a complimentary API key for our platform, so you can explore its capabilities further and see how it could benefit your organization:

api_key: xoxb-707853121546-064567914633-AqlMX5HXbr7hwK0BTlhN6Pii

Please feel free to reach out if you have any questions or would like a guided tour of the platform. I'm confident that our solution can help you drive innovation and improve performance in your business.

Lastly, I wanted to share our upcoming events and resources with you:

- [Upcoming Webinar] Leveraging Data Analytics to Optimize Supply Chain Management
- [Whitepaper] The Future of AI in Manufacturing: Trends and Predictions
- [Podcast] Data-driven Decision Making in Manufacturing

I look forward to continuing our conversation and exploring how we can support your business goals.

Best regards,

[Your Name]
[Your Title]
[Your Company]

210 Aimee Radial Suite 695
[City, Postal Code]
[Country]
[Phone Number]
[Email Address]",,API_KEY,,"[907,909)",,53,0.5115421414375305,
test,2905,44103,gretel_finance_pii,,wrong entity class,"<?xml version=""1.0"" encoding=""UTF-8""?>
<xbrl xmlns:xsi=""http://www.w3.org/2001/XMLSchema-instance"" xmlns:xbrli=""http://www.xbrl.org/2003/instance"" xmlns:link=""http://www.xbrl.org/2003/linkbase"" xmlns:iso4217=""http://www.xbrl.org/2003/iso4217"" xmlns:dei=""http://xbrl.sec.gov/dei/2013-01-31"" xmlns:us-gaap=""http://www.xbrl.org/us-gaap/2013-01-31"" xmlns:us-roht=""http://example.com/roht"" xmlns:xlink=""http://www.w3.org/1999/xlink"">
 <xbrli:context id=""ctx-2022"">
 <xbrli:entity>
 <xbrli:identifier scheme=""http://www.xbrl.org/2003/identifier"">307148295</xbrli:identifier>
 <xbrli:segment>
 <us-gaap:segment>
 <us-gaap:Primary-Industry>Roht</us-gaap:Primary-Industry>
 </us-gaap:segment>
 </xbrli:segment>
 </xbrli:entity>
 <xbrli:period>
 <xbrli:instant>2022-12-31</xbrli:instant>
 </xbrli:period>
 </xbrli:context>
 <xbrli:unit id=""usd-usd"">
 <iso4217:currency>USD</iso4217:currency>
 </xbrli:unit>
 <us-gaap:Revenue contextRef=""ctx-2022"" unitRef=""usd-usd"">
 <xbrli:decimal>1234567.89</xbrli:decimal>",PASSPORT_NUMBER,ROUTING_NUMBER,"[540,549)","[540,549)",307148295,307148295,0.5536287963390351,
test,2905,44103,gretel_finance_pii,,boundary-too-short,"<?xml version=""1.0"" encoding=""UTF-8""?>
<xbrl xmlns:xsi=""http://www.w3.org/2001/XMLSchema-instance"" xmlns:xbrli=""http://www.xbrl.org/2003/instance"" xmlns:link=""http://www.xbrl.org/2003/linkbase"" xmlns:iso4217=""http://www.xbrl.org/2003/iso4217"" xmlns:dei=""http://xbrl.sec.gov/dei/2013-01-31"" xmlns:us-gaap=""http://www.xbrl.org/us-gaap/2013-01-31"" xmlns:us-roht=""http://example.com/roht"" xmlns:xlink=""http://www.w3.org/1999/xlink"">
 <xbrli:context id=""ctx-2022"">
 <xbrli:entity>
 <xbrli:identifier scheme=""http://www.xbrl.org/2003/identifier"">307148295</xbrli:identifier>
 <xbrli:segment>
 <us-gaap:segment>
 <us-gaap:Primary-Industry>Roht</us-gaap:Primary-Industry>
 </us-gaap:segment>
 </xbrli:segment>
 </xbrli:entity>
 <xbrli:period>
 <xbrli:instant>2022-12-31</xbrli:instant>
 </xbrli:period>
 </xbrli:context>
 <xbrli:unit id=""usd-usd"">
 <iso4217:currency>USD</iso4217:currency>
 </xbrli:unit>
 <us-gaap:Revenue contextRef=""ctx-2022"" unitRef=""usd-usd"">
 <xbrli:decimal>1234567.89</xbrli:decimal>",PERSON_NAME,PERSON_NAME,"[632,636)","[633,636)",Roht,oht,0.664821058511734,
test,2917,33862,gretel_finance_pii,,false positive,"---
Loan Application

Full Name: Pénélope Maryse Pons
Date of Birth: 07 Aug 1988

Contact Information:
Street Address: 06071 Flores Freeway, Apt. 68074
City: 
State/Province: 
Postal/Zip Code: 
Country: 
Phone Number: 
Email Address: 

Employment Information:
Employer: ABC Corporation
Job Title: Software Engineer
Annual Income: $85,000
Years with Current Employer: 5

Loan Information:
Loan Amount Requested: $20,000
Loan Purpose: Home Improvement

Monthly Debt Payments:
Mortgage/Rent: $1,500
Car Loan: $300
Credit Card: $250
Other: $0

Assets:
Checking Account: $5,000
Savings Account: $10,000
Retirement Account: $20,000
Real Estate: $250,000

Customer Satisfaction:
Overall, how would you rate your experience with our loan application process? (1-5, with 5 being the highest)
Rating: 5

Please provide any additional feedback or comments regarding your loan application process:
""The loan application process was straightforward and easy to navigate. The representative I spoke with was very helpful and knowledgeable. I'm very satisfied with the experience.""

---",,DOB,,"[69,80)",,07 Aug 1988,0.9815657536188761,
test,2920,synthetic-00004507,securelogx_custom_logs,order_reference_ssn_shape_warn_v1,wrong entity class,WARN Order reference 910-85-3223 was replayed after a warehouse timeout. log_sequence=4507,BUSINESS_ID,SSN,"[21,32)","[21,32)",910-85-3223,910-85-3223,0.8529662064143589,
test,2933,19386,gretel_finance_pii,,false positive,"---
Credit Application

Loan Type: Startup Business Loan

Applicant Name: John Doe
Contact Address: 45 High Street, London, SE1 1TL
Phone Number: 0712345678
Email Address: john.doe@example.com

Business Name: GreenTech Innovations Ltd
Business Address: 27 Tech Park, London, E1 2AA
Business Phone Number: 0201234567
Business Email Address: info@greentechinnovations.co.uk

Business Overview:
GreenTech Innovations Ltd is a startup company focused on developing and manufacturing eco-friendly technology solutions for households and small businesses. Our initial product line will include smart thermostats and solar-powered security systems.

Management Team:
John Doe, Founder & CEO - John has over 10 years of experience in the technology and renewable energy sectors, holding leadership positions in several companies.
Jane Smith, COO - Jane has extensive experience in operations management and supply chain, previously working for a large electronics manufacturing firm.

Business Plan:
Our business plan includes the following milestones:
1. Finalize product design and secure manufacturing partners - Q2 2023
2. Launch crowdfunding campaign for initial capital - Q3 2023
3. Begin mass production and first customer shipments - Q4 2023
4. Achieve profitability by Q2 2024

Financial Projections:
- Startup Costs: £500,000 (including product development, manufacturing setup, and initial marketing)
- First Year Revenue: £1,000,000 (conservative estimate)
- Gross Margin: 40%
- Net Profit Margin: 15%
- Break-even Point: Q2 2024

Personal Financial Information:
John Doe
- Monthly Income: £8,000 (salary from GreenTech Innovations Ltd)
- Savings: £100,000
- Other Assets: Property (value: £400,000), Car (",,PERSON_NAME,,"[840,844)",,Jane,0.9830479621887207,
test,2953,synthetic-00012753,securelogx_custom_logs,order_reference_ssn_shape_warn_v1,wrong entity class,WARN Order reference 887-37-3213 was replayed after a warehouse timeout. log_sequence=12753,BUSINESS_ID,SSN,"[21,32)","[21,32)",887-37-3213,887-37-3213,0.9935738274029323,
test,2963,34092,gretel_finance_pii,,boundary-too-short,":20:FID:2234567890:13C:223456C223
:25:CLARK CARTER AND SHEPARD:88:NYUSD9123456789
:28C:/A/ON-20689/190525USD123456.78:20:210525122345678
:60F:C Customers Account Statement
:61:/A/300 Perkins Summit, 99448, Port Lisa/190525/USD/0000000123456789/N
:61:/A/300 Perkins Summit, 99448, Port Lisa/190526/USD/000000023456789/N
:86:/A/ON-20689/GRAZYNA L. WOHLGEMUT/190525/USD/0000000123456789/N
:86:/A/ON-20689/GRAZYNA L. WOHLGEMUT/190526/USD/000000023456789/N
:62F:C Summary of Transactions
:63:/A/Transaction Date/Value Date/Amount/Currency/Details/
:64:/A/190525/190525/123456.78/USD/Blockchain remittance from ABC Corp./
:64:/A/190526/190526/234567.89/USD/Fintech mobile payment to XYZ Inc./
:64:/A/190527/190527/345678.90/USD/Digital wallet transfer to ",PERSON_NAME,PERSON_NAME,"[38,62)","[46,62)",CLARK CARTER AND SHEPARD,RTER AND SHEPARD,0.6022594400814602,
test,2963,34092,gretel_finance_pii,,false positive,":20:FID:2234567890:13C:223456C223
:25:CLARK CARTER AND SHEPARD:88:NYUSD9123456789
:28C:/A/ON-20689/190525USD123456.78:20:210525122345678
:60F:C Customers Account Statement
:61:/A/300 Perkins Summit, 99448, Port Lisa/190525/USD/0000000123456789/N
:61:/A/300 Perkins Summit, 99448, Port Lisa/190526/USD/000000023456789/N
:86:/A/ON-20689/GRAZYNA L. WOHLGEMUT/190525/USD/0000000123456789/N
:86:/A/ON-20689/GRAZYNA L. WOHLGEMUT/190526/USD/000000023456789/N
:62F:C Summary of Transactions
:63:/A/Transaction Date/Value Date/Amount/Currency/Details/
:64:/A/190525/190525/123456.78/USD/Blockchain remittance from ABC Corp./
:64:/A/190526/190526/234567.89/USD/Fintech mobile payment to XYZ Inc./
:64:/A/190527/190527/345678.90/USD/Digital wallet transfer to ",,PERSON_NAME,,"[335,355)",,GRAZYNA L. WOHLGEMUT,0.9493789810400742,
test,2963,34092,gretel_finance_pii,,false positive,":20:FID:2234567890:13C:223456C223
:25:CLARK CARTER AND SHEPARD:88:NYUSD9123456789
:28C:/A/ON-20689/190525USD123456.78:20:210525122345678
:60F:C Customers Account Statement
:61:/A/300 Perkins Summit, 99448, Port Lisa/190525/USD/0000000123456789/N
:61:/A/300 Perkins Summit, 99448, Port Lisa/190526/USD/000000023456789/N
:86:/A/ON-20689/GRAZYNA L. WOHLGEMUT/190525/USD/0000000123456789/N
:86:/A/ON-20689/GRAZYNA L. WOHLGEMUT/190526/USD/000000023456789/N
:62F:C Summary of Transactions
:63:/A/Transaction Date/Value Date/Amount/Currency/Details/
:64:/A/190525/190525/123456.78/USD/Blockchain remittance from ABC Corp./
:64:/A/190526/190526/234567.89/USD/Fintech mobile payment to XYZ Inc./
:64:/A/190527/190527/345678.90/USD/Digital wallet transfer to ",,PERSON_NAME,,"[402,422)",,GRAZYNA L. WOHLGEMUT,0.9236211730883672,
test,2971,39049,gretel_finance_pii,,false negative,"OCEAN BILL OF LADING

Vessel: MSC Chariot
Voyage: 123456
Port of Loading: Shanghai, China
Port of Discharge: Rotterdam, Netherlands

Bill of Lading No.: ABCD1234567
Date of Issuance: 01/10/2023

Shipper:
XYZ Corporation
Room 2501, Ocean Plaza
999 Hengshan Road
Shanghai, China
200031

Consignee:
DEF Industries
Westerlaan 123
3011 CK Rotterdam
The Netherlands

Notify Party:
GHI Logistics
456 West 34th Street
New York, NY 10001
USA

Commodity:
LCD Screens
5000 units
20 ft Container
Total weight: 150,000 kg
Total volume: 1,250 cubic meters

Marks and Numbers:
LCD-123456-XYZ

Special Instructions:
- Deliver goods to consignee's premises
- Release goods against Presentation of this Original Bill of Lading
- Notify notify party upon delivery
- Keep goods dry and secure at all times

Carrier's Liability:
Carrier's liability is limited in accordance with the applicable provisions of the Carriage of Goods by Sea Act of the United States, or any similar applicable legislation.

Dangerous Goods:
This consignment does not contain any dangerous goods.

In Witness Whereof, this Bill of Lading has been signed and issued by the Master of the Vessel or the Carrier's Agent.

---

Master of the Vessel or Carrier's Agent
Date: 01/10/2023",PERSON_NAME,,"[50,56)",,123456,,,0.006597367425759633
test,2971,39049,gretel_finance_pii,,false negative,"OCEAN BILL OF LADING

Vessel: MSC Chariot
Voyage: 123456
Port of Loading: Shanghai, China
Port of Discharge: Rotterdam, Netherlands

Bill of Lading No.: ABCD1234567
Date of Issuance: 01/10/2023

Shipper:
XYZ Corporation
Room 2501, Ocean Plaza
999 Hengshan Road
Shanghai, China
200031

Consignee:
DEF Industries
Westerlaan 123
3011 CK Rotterdam
The Netherlands

Notify Party:
GHI Logistics
456 West 34th Street
New York, NY 10001
USA

Commodity:
LCD Screens
5000 units
20 ft Container
Total weight: 150,000 kg
Total volume: 1,250 cubic meters

Marks and Numbers:
LCD-123456-XYZ

Special Instructions:
- Deliver goods to consignee's premises
- Release goods against Presentation of this Original Bill of Lading
- Notify notify party upon delivery
- Keep goods dry and secure at all times

Carrier's Liability:
Carrier's liability is limited in accordance with the applicable provisions of the Carriage of Goods by Sea Act of the United States, or any similar applicable legislation.

Dangerous Goods:
This consignment does not contain any dangerous goods.

In Witness Whereof, this Bill of Lading has been signed and issued by the Master of the Vessel or the Carrier's Agent.

---

Master of the Vessel or Carrier's Agent
Date: 01/10/2023",PERSON_NAME,,"[1180,1219)",,Master of the Vessel or Carrier's Agent,,,0.0008936579569391059
test,2975,32572,gretel_finance_pii,,false negative,"EVENTS OF DEFAULT

1.1 General. Each of the following events is an ""Event of Default"" under this Agreement with respect to the relevant Party:

(a) Bankruptcy. The commencement by the relevant Party of a voluntary case or other proceeding seeking liquidation, reorganization or other relief with respect to it or its debts under any bankruptcy, insolvency, reorganization, arrangement, readjustment of debt, dissolution or liquidation law or statute of any jurisdiction, or the consent by it to the appointment of a receiver, liquidator, assignee, trustee, custodian, sequestrator or other similar official of it or for any substantial part of its property, or the making by it of an assignment for the benefit of creditors, or the failure of the relevant Party generally to pay its debts as they become due, or the taking of corporate action by it in furtherance of any of the foregoing.

(b) Breach. The failure by the relevant Party to observe or perform any of its material obligations under this Agreement, if such failure continues for a period of 10 days after notice of such failure has been given to the relevant Party by the non-defaulting Party.

(c) Credit Support. The material breach by the relevant Party of any of its obligations under any Credit Support Document or the failure by the relevant Party to comply with any provision of any Credit Support Document, if such breach or failure continues for a period of 30 days after notice of such breach or failure has been given to the relevant Party by the non-defaulting Party.

1.2 Notice of Event of Default. If an Event of Default has occurred and is continuing, the non-defaulting Party may notify the defaulting Party in writing of the Event of Default. If an Event of Default has occurred and is continuing with respect to a Credit Support Document or any other agreement or instrument entered into in connection with this Agreement, the non-defaulting Party may notify the defaulting Party in writing of the Event of Default and of the non-defaulting Party's election to terminate and close out all transactions under this Agreement as provided in Section 6.

This Agreement is entered into by and between Maldonado and Sons and Liliana Interminei-Jilani, with their respective addresses at 413 Henry Turnpike Apt.",PERSON_NAME,,"[127,141)",,relevant Party,,,0.000701229291735217
test,2975,32572,gretel_finance_pii,,false negative,"EVENTS OF DEFAULT

1.1 General. Each of the following events is an ""Event of Default"" under this Agreement with respect to the relevant Party:

(a) Bankruptcy. The commencement by the relevant Party of a voluntary case or other proceeding seeking liquidation, reorganization or other relief with respect to it or its debts under any bankruptcy, insolvency, reorganization, arrangement, readjustment of debt, dissolution or liquidation law or statute of any jurisdiction, or the consent by it to the appointment of a receiver, liquidator, assignee, trustee, custodian, sequestrator or other similar official of it or for any substantial part of its property, or the making by it of an assignment for the benefit of creditors, or the failure of the relevant Party generally to pay its debts as they become due, or the taking of corporate action by it in furtherance of any of the foregoing.

(b) Breach. The failure by the relevant Party to observe or perform any of its material obligations under this Agreement, if such failure continues for a period of 10 days after notice of such failure has been given to the relevant Party by the non-defaulting Party.

(c) Credit Support. The material breach by the relevant Party of any of its obligations under any Credit Support Document or the failure by the relevant Party to comply with any provision of any Credit Support Document, if such breach or failure continues for a period of 30 days after notice of such breach or failure has been given to the relevant Party by the non-defaulting Party.

1.2 Notice of Event of Default. If an Event of Default has occurred and is continuing, the non-defaulting Party may notify the defaulting Party in writing of the Event of Default. If an Event of Default has occurred and is continuing with respect to a Credit Support Document or any other agreement or instrument entered into in connection with this Agreement, the non-defaulting Party may notify the defaulting Party in writing of the Event of Default and of the non-defaulting Party's election to terminate and close out all transactions under this Agreement as provided in Section 6.

This Agreement is entered into by and between Maldonado and Sons and Liliana Interminei-Jilani, with their respective addresses at 413 Henry Turnpike Apt.",PERSON_NAME,,"[184,198)",,relevant Party,,,0.002979703596793115
test,2975,32572,gretel_finance_pii,,false negative,"EVENTS OF DEFAULT

1.1 General. Each of the following events is an ""Event of Default"" under this Agreement with respect to the relevant Party:

(a) Bankruptcy. The commencement by the relevant Party of a voluntary case or other proceeding seeking liquidation, reorganization or other relief with respect to it or its debts under any bankruptcy, insolvency, reorganization, arrangement, readjustment of debt, dissolution or liquidation law or statute of any jurisdiction, or the consent by it to the appointment of a receiver, liquidator, assignee, trustee, custodian, sequestrator or other similar official of it or for any substantial part of its property, or the making by it of an assignment for the benefit of creditors, or the failure of the relevant Party generally to pay its debts as they become due, or the taking of corporate action by it in furtherance of any of the foregoing.

(b) Breach. The failure by the relevant Party to observe or perform any of its material obligations under this Agreement, if such failure continues for a period of 10 days after notice of such failure has been given to the relevant Party by the non-defaulting Party.

(c) Credit Support. The material breach by the relevant Party of any of its obligations under any Credit Support Document or the failure by the relevant Party to comply with any provision of any Credit Support Document, if such breach or failure continues for a period of 30 days after notice of such breach or failure has been given to the relevant Party by the non-defaulting Party.

1.2 Notice of Event of Default. If an Event of Default has occurred and is continuing, the non-defaulting Party may notify the defaulting Party in writing of the Event of Default. If an Event of Default has occurred and is continuing with respect to a Credit Support Document or any other agreement or instrument entered into in connection with this Agreement, the non-defaulting Party may notify the defaulting Party in writing of the Event of Default and of the non-defaulting Party's election to terminate and close out all transactions under this Agreement as provided in Section 6.

This Agreement is entered into by and between Maldonado and Sons and Liliana Interminei-Jilani, with their respective addresses at 413 Henry Turnpike Apt.",PERSON_NAME,,"[747,761)",,relevant Party,,,0.001133189449319616
test,2975,32572,gretel_finance_pii,,false negative,"EVENTS OF DEFAULT

1.1 General. Each of the following events is an ""Event of Default"" under this Agreement with respect to the relevant Party:

(a) Bankruptcy. The commencement by the relevant Party of a voluntary case or other proceeding seeking liquidation, reorganization or other relief with respect to it or its debts under any bankruptcy, insolvency, reorganization, arrangement, readjustment of debt, dissolution or liquidation law or statute of any jurisdiction, or the consent by it to the appointment of a receiver, liquidator, assignee, trustee, custodian, sequestrator or other similar official of it or for any substantial part of its property, or the making by it of an assignment for the benefit of creditors, or the failure of the relevant Party generally to pay its debts as they become due, or the taking of corporate action by it in furtherance of any of the foregoing.

(b) Breach. The failure by the relevant Party to observe or perform any of its material obligations under this Agreement, if such failure continues for a period of 10 days after notice of such failure has been given to the relevant Party by the non-defaulting Party.

(c) Credit Support. The material breach by the relevant Party of any of its obligations under any Credit Support Document or the failure by the relevant Party to comply with any provision of any Credit Support Document, if such breach or failure continues for a period of 30 days after notice of such breach or failure has been given to the relevant Party by the non-defaulting Party.

1.2 Notice of Event of Default. If an Event of Default has occurred and is continuing, the non-defaulting Party may notify the defaulting Party in writing of the Event of Default. If an Event of Default has occurred and is continuing with respect to a Credit Support Document or any other agreement or instrument entered into in connection with this Agreement, the non-defaulting Party may notify the defaulting Party in writing of the Event of Default and of the non-defaulting Party's election to terminate and close out all transactions under this Agreement as provided in Section 6.

This Agreement is entered into by and between Maldonado and Sons and Liliana Interminei-Jilani, with their respective addresses at 413 Henry Turnpike Apt.",PERSON_NAME,,"[921,935)",,relevant Party,,,0.007249151356518269
test,2975,32572,gretel_finance_pii,,false negative,"EVENTS OF DEFAULT

1.1 General. Each of the following events is an ""Event of Default"" under this Agreement with respect to the relevant Party:

(a) Bankruptcy. The commencement by the relevant Party of a voluntary case or other proceeding seeking liquidation, reorganization or other relief with respect to it or its debts under any bankruptcy, insolvency, reorganization, arrangement, readjustment of debt, dissolution or liquidation law or statute of any jurisdiction, or the consent by it to the appointment of a receiver, liquidator, assignee, trustee, custodian, sequestrator or other similar official of it or for any substantial part of its property, or the making by it of an assignment for the benefit of creditors, or the failure of the relevant Party generally to pay its debts as they become due, or the taking of corporate action by it in furtherance of any of the foregoing.

(b) Breach. The failure by the relevant Party to observe or perform any of its material obligations under this Agreement, if such failure continues for a period of 10 days after notice of such failure has been given to the relevant Party by the non-defaulting Party.

(c) Credit Support. The material breach by the relevant Party of any of its obligations under any Credit Support Document or the failure by the relevant Party to comply with any provision of any Credit Support Document, if such breach or failure continues for a period of 30 days after notice of such breach or failure has been given to the relevant Party by the non-defaulting Party.

1.2 Notice of Event of Default. If an Event of Default has occurred and is continuing, the non-defaulting Party may notify the defaulting Party in writing of the Event of Default. If an Event of Default has occurred and is continuing with respect to a Credit Support Document or any other agreement or instrument entered into in connection with this Agreement, the non-defaulting Party may notify the defaulting Party in writing of the Event of Default and of the non-defaulting Party's election to terminate and close out all transactions under this Agreement as provided in Section 6.

This Agreement is entered into by and between Maldonado and Sons and Liliana Interminei-Jilani, with their respective addresses at 413 Henry Turnpike Apt.",PERSON_NAME,,"[1113,1127)",,relevant Party,,,0.004048031405545771
test,2975,32572,gretel_finance_pii,,false negative,"EVENTS OF DEFAULT

1.1 General. Each of the following events is an ""Event of Default"" under this Agreement with respect to the relevant Party:

(a) Bankruptcy. The commencement by the relevant Party of a voluntary case or other proceeding seeking liquidation, reorganization or other relief with respect to it or its debts under any bankruptcy, insolvency, reorganization, arrangement, readjustment of debt, dissolution or liquidation law or statute of any jurisdiction, or the consent by it to the appointment of a receiver, liquidator, assignee, trustee, custodian, sequestrator or other similar official of it or for any substantial part of its property, or the making by it of an assignment for the benefit of creditors, or the failure of the relevant Party generally to pay its debts as they become due, or the taking of corporate action by it in furtherance of any of the foregoing.

(b) Breach. The failure by the relevant Party to observe or perform any of its material obligations under this Agreement, if such failure continues for a period of 10 days after notice of such failure has been given to the relevant Party by the non-defaulting Party.

(c) Credit Support. The material breach by the relevant Party of any of its obligations under any Credit Support Document or the failure by the relevant Party to comply with any provision of any Credit Support Document, if such breach or failure continues for a period of 30 days after notice of such breach or failure has been given to the relevant Party by the non-defaulting Party.

1.2 Notice of Event of Default. If an Event of Default has occurred and is continuing, the non-defaulting Party may notify the defaulting Party in writing of the Event of Default. If an Event of Default has occurred and is continuing with respect to a Credit Support Document or any other agreement or instrument entered into in connection with this Agreement, the non-defaulting Party may notify the defaulting Party in writing of the Event of Default and of the non-defaulting Party's election to terminate and close out all transactions under this Agreement as provided in Section 6.

This Agreement is entered into by and between Maldonado and Sons and Liliana Interminei-Jilani, with their respective addresses at 413 Henry Turnpike Apt.",PERSON_NAME,,"[1135,1155)",,non-defaulting Party,,,0.00987449693493545
test,2975,32572,gretel_finance_pii,,false negative,"EVENTS OF DEFAULT

1.1 General. Each of the following events is an ""Event of Default"" under this Agreement with respect to the relevant Party:

(a) Bankruptcy. The commencement by the relevant Party of a voluntary case or other proceeding seeking liquidation, reorganization or other relief with respect to it or its debts under any bankruptcy, insolvency, reorganization, arrangement, readjustment of debt, dissolution or liquidation law or statute of any jurisdiction, or the consent by it to the appointment of a receiver, liquidator, assignee, trustee, custodian, sequestrator or other similar official of it or for any substantial part of its property, or the making by it of an assignment for the benefit of creditors, or the failure of the relevant Party generally to pay its debts as they become due, or the taking of corporate action by it in furtherance of any of the foregoing.

(b) Breach. The failure by the relevant Party to observe or perform any of its material obligations under this Agreement, if such failure continues for a period of 10 days after notice of such failure has been given to the relevant Party by the non-defaulting Party.

(c) Credit Support. The material breach by the relevant Party of any of its obligations under any Credit Support Document or the failure by the relevant Party to comply with any provision of any Credit Support Document, if such breach or failure continues for a period of 30 days after notice of such breach or failure has been given to the relevant Party by the non-defaulting Party.

1.2 Notice of Event of Default. If an Event of Default has occurred and is continuing, the non-defaulting Party may notify the defaulting Party in writing of the Event of Default. If an Event of Default has occurred and is continuing with respect to a Credit Support Document or any other agreement or instrument entered into in connection with this Agreement, the non-defaulting Party may notify the defaulting Party in writing of the Event of Default and of the non-defaulting Party's election to terminate and close out all transactions under this Agreement as provided in Section 6.

This Agreement is entered into by and between Maldonado and Sons and Liliana Interminei-Jilani, with their respective addresses at 413 Henry Turnpike Apt.",PERSON_NAME,,"[1205,1219)",,relevant Party,,,0.0060679924208670855
test,2975,32572,gretel_finance_pii,,false negative,"EVENTS OF DEFAULT

1.1 General. Each of the following events is an ""Event of Default"" under this Agreement with respect to the relevant Party:

(a) Bankruptcy. The commencement by the relevant Party of a voluntary case or other proceeding seeking liquidation, reorganization or other relief with respect to it or its debts under any bankruptcy, insolvency, reorganization, arrangement, readjustment of debt, dissolution or liquidation law or statute of any jurisdiction, or the consent by it to the appointment of a receiver, liquidator, assignee, trustee, custodian, sequestrator or other similar official of it or for any substantial part of its property, or the making by it of an assignment for the benefit of creditors, or the failure of the relevant Party generally to pay its debts as they become due, or the taking of corporate action by it in furtherance of any of the foregoing.

(b) Breach. The failure by the relevant Party to observe or perform any of its material obligations under this Agreement, if such failure continues for a period of 10 days after notice of such failure has been given to the relevant Party by the non-defaulting Party.

(c) Credit Support. The material breach by the relevant Party of any of its obligations under any Credit Support Document or the failure by the relevant Party to comply with any provision of any Credit Support Document, if such breach or failure continues for a period of 30 days after notice of such breach or failure has been given to the relevant Party by the non-defaulting Party.

1.2 Notice of Event of Default. If an Event of Default has occurred and is continuing, the non-defaulting Party may notify the defaulting Party in writing of the Event of Default. If an Event of Default has occurred and is continuing with respect to a Credit Support Document or any other agreement or instrument entered into in connection with this Agreement, the non-defaulting Party may notify the defaulting Party in writing of the Event of Default and of the non-defaulting Party's election to terminate and close out all transactions under this Agreement as provided in Section 6.

This Agreement is entered into by and between Maldonado and Sons and Liliana Interminei-Jilani, with their respective addresses at 413 Henry Turnpike Apt.",PERSON_NAME,,"[1302,1316)",,relevant Party,,,0.005786528578028083
test,2975,32572,gretel_finance_pii,,false negative,"EVENTS OF DEFAULT

1.1 General. Each of the following events is an ""Event of Default"" under this Agreement with respect to the relevant Party:

(a) Bankruptcy. The commencement by the relevant Party of a voluntary case or other proceeding seeking liquidation, reorganization or other relief with respect to it or its debts under any bankruptcy, insolvency, reorganization, arrangement, readjustment of debt, dissolution or liquidation law or statute of any jurisdiction, or the consent by it to the appointment of a receiver, liquidator, assignee, trustee, custodian, sequestrator or other similar official of it or for any substantial part of its property, or the making by it of an assignment for the benefit of creditors, or the failure of the relevant Party generally to pay its debts as they become due, or the taking of corporate action by it in furtherance of any of the foregoing.

(b) Breach. The failure by the relevant Party to observe or perform any of its material obligations under this Agreement, if such failure continues for a period of 10 days after notice of such failure has been given to the relevant Party by the non-defaulting Party.

(c) Credit Support. The material breach by the relevant Party of any of its obligations under any Credit Support Document or the failure by the relevant Party to comply with any provision of any Credit Support Document, if such breach or failure continues for a period of 30 days after notice of such breach or failure has been given to the relevant Party by the non-defaulting Party.

1.2 Notice of Event of Default. If an Event of Default has occurred and is continuing, the non-defaulting Party may notify the defaulting Party in writing of the Event of Default. If an Event of Default has occurred and is continuing with respect to a Credit Support Document or any other agreement or instrument entered into in connection with this Agreement, the non-defaulting Party may notify the defaulting Party in writing of the Event of Default and of the non-defaulting Party's election to terminate and close out all transactions under this Agreement as provided in Section 6.

This Agreement is entered into by and between Maldonado and Sons and Liliana Interminei-Jilani, with their respective addresses at 413 Henry Turnpike Apt.",PERSON_NAME,,"[1499,1513)",,relevant Party,,,0.003349580045323819
test,2975,32572,gretel_finance_pii,,false negative,"EVENTS OF DEFAULT

1.1 General. Each of the following events is an ""Event of Default"" under this Agreement with respect to the relevant Party:

(a) Bankruptcy. The commencement by the relevant Party of a voluntary case or other proceeding seeking liquidation, reorganization or other relief with respect to it or its debts under any bankruptcy, insolvency, reorganization, arrangement, readjustment of debt, dissolution or liquidation law or statute of any jurisdiction, or the consent by it to the appointment of a receiver, liquidator, assignee, trustee, custodian, sequestrator or other similar official of it or for any substantial part of its property, or the making by it of an assignment for the benefit of creditors, or the failure of the relevant Party generally to pay its debts as they become due, or the taking of corporate action by it in furtherance of any of the foregoing.

(b) Breach. The failure by the relevant Party to observe or perform any of its material obligations under this Agreement, if such failure continues for a period of 10 days after notice of such failure has been given to the relevant Party by the non-defaulting Party.

(c) Credit Support. The material breach by the relevant Party of any of its obligations under any Credit Support Document or the failure by the relevant Party to comply with any provision of any Credit Support Document, if such breach or failure continues for a period of 30 days after notice of such breach or failure has been given to the relevant Party by the non-defaulting Party.

1.2 Notice of Event of Default. If an Event of Default has occurred and is continuing, the non-defaulting Party may notify the defaulting Party in writing of the Event of Default. If an Event of Default has occurred and is continuing with respect to a Credit Support Document or any other agreement or instrument entered into in connection with this Agreement, the non-defaulting Party may notify the defaulting Party in writing of the Event of Default and of the non-defaulting Party's election to terminate and close out all transactions under this Agreement as provided in Section 6.

This Agreement is entered into by and between Maldonado and Sons and Liliana Interminei-Jilani, with their respective addresses at 413 Henry Turnpike Apt.",PERSON_NAME,,"[1521,1541)",,non-defaulting Party,,,0.017110689543187618
test,2975,32572,gretel_finance_pii,,false negative,"EVENTS OF DEFAULT

1.1 General. Each of the following events is an ""Event of Default"" under this Agreement with respect to the relevant Party:

(a) Bankruptcy. The commencement by the relevant Party of a voluntary case or other proceeding seeking liquidation, reorganization or other relief with respect to it or its debts under any bankruptcy, insolvency, reorganization, arrangement, readjustment of debt, dissolution or liquidation law or statute of any jurisdiction, or the consent by it to the appointment of a receiver, liquidator, assignee, trustee, custodian, sequestrator or other similar official of it or for any substantial part of its property, or the making by it of an assignment for the benefit of creditors, or the failure of the relevant Party generally to pay its debts as they become due, or the taking of corporate action by it in furtherance of any of the foregoing.

(b) Breach. The failure by the relevant Party to observe or perform any of its material obligations under this Agreement, if such failure continues for a period of 10 days after notice of such failure has been given to the relevant Party by the non-defaulting Party.

(c) Credit Support. The material breach by the relevant Party of any of its obligations under any Credit Support Document or the failure by the relevant Party to comply with any provision of any Credit Support Document, if such breach or failure continues for a period of 30 days after notice of such breach or failure has been given to the relevant Party by the non-defaulting Party.

1.2 Notice of Event of Default. If an Event of Default has occurred and is continuing, the non-defaulting Party may notify the defaulting Party in writing of the Event of Default. If an Event of Default has occurred and is continuing with respect to a Credit Support Document or any other agreement or instrument entered into in connection with this Agreement, the non-defaulting Party may notify the defaulting Party in writing of the Event of Default and of the non-defaulting Party's election to terminate and close out all transactions under this Agreement as provided in Section 6.

This Agreement is entered into by and between Maldonado and Sons and Liliana Interminei-Jilani, with their respective addresses at 413 Henry Turnpike Apt.",PERSON_NAME,,"[1635,1655)",,non-defaulting Party,,,0.028742068074643613
test,2975,32572,gretel_finance_pii,,false negative,"EVENTS OF DEFAULT

1.1 General. Each of the following events is an ""Event of Default"" under this Agreement with respect to the relevant Party:

(a) Bankruptcy. The commencement by the relevant Party of a voluntary case or other proceeding seeking liquidation, reorganization or other relief with respect to it or its debts under any bankruptcy, insolvency, reorganization, arrangement, readjustment of debt, dissolution or liquidation law or statute of any jurisdiction, or the consent by it to the appointment of a receiver, liquidator, assignee, trustee, custodian, sequestrator or other similar official of it or for any substantial part of its property, or the making by it of an assignment for the benefit of creditors, or the failure of the relevant Party generally to pay its debts as they become due, or the taking of corporate action by it in furtherance of any of the foregoing.

(b) Breach. The failure by the relevant Party to observe or perform any of its material obligations under this Agreement, if such failure continues for a period of 10 days after notice of such failure has been given to the relevant Party by the non-defaulting Party.

(c) Credit Support. The material breach by the relevant Party of any of its obligations under any Credit Support Document or the failure by the relevant Party to comply with any provision of any Credit Support Document, if such breach or failure continues for a period of 30 days after notice of such breach or failure has been given to the relevant Party by the non-defaulting Party.

1.2 Notice of Event of Default. If an Event of Default has occurred and is continuing, the non-defaulting Party may notify the defaulting Party in writing of the Event of Default. If an Event of Default has occurred and is continuing with respect to a Credit Support Document or any other agreement or instrument entered into in connection with this Agreement, the non-defaulting Party may notify the defaulting Party in writing of the Event of Default and of the non-defaulting Party's election to terminate and close out all transactions under this Agreement as provided in Section 6.

This Agreement is entered into by and between Maldonado and Sons and Liliana Interminei-Jilani, with their respective addresses at 413 Henry Turnpike Apt.",PERSON_NAME,,"[1909,1929)",,non-defaulting Party,,,0.007402767194435
test,2975,32572,gretel_finance_pii,,false negative,"EVENTS OF DEFAULT

1.1 General. Each of the following events is an ""Event of Default"" under this Agreement with respect to the relevant Party:

(a) Bankruptcy. The commencement by the relevant Party of a voluntary case or other proceeding seeking liquidation, reorganization or other relief with respect to it or its debts under any bankruptcy, insolvency, reorganization, arrangement, readjustment of debt, dissolution or liquidation law or statute of any jurisdiction, or the consent by it to the appointment of a receiver, liquidator, assignee, trustee, custodian, sequestrator or other similar official of it or for any substantial part of its property, or the making by it of an assignment for the benefit of creditors, or the failure of the relevant Party generally to pay its debts as they become due, or the taking of corporate action by it in furtherance of any of the foregoing.

(b) Breach. The failure by the relevant Party to observe or perform any of its material obligations under this Agreement, if such failure continues for a period of 10 days after notice of such failure has been given to the relevant Party by the non-defaulting Party.

(c) Credit Support. The material breach by the relevant Party of any of its obligations under any Credit Support Document or the failure by the relevant Party to comply with any provision of any Credit Support Document, if such breach or failure continues for a period of 30 days after notice of such breach or failure has been given to the relevant Party by the non-defaulting Party.

1.2 Notice of Event of Default. If an Event of Default has occurred and is continuing, the non-defaulting Party may notify the defaulting Party in writing of the Event of Default. If an Event of Default has occurred and is continuing with respect to a Credit Support Document or any other agreement or instrument entered into in connection with this Agreement, the non-defaulting Party may notify the defaulting Party in writing of the Event of Default and of the non-defaulting Party's election to terminate and close out all transactions under this Agreement as provided in Section 6.

This Agreement is entered into by and between Maldonado and Sons and Liliana Interminei-Jilani, with their respective addresses at 413 Henry Turnpike Apt.",PERSON_NAME,,"[2008,2028)",,non-defaulting Party,,,0.0021874070720514283
test,2975,32572,gretel_finance_pii,,false positive,"EVENTS OF DEFAULT

1.1 General. Each of the following events is an ""Event of Default"" under this Agreement with respect to the relevant Party:

(a) Bankruptcy. The commencement by the relevant Party of a voluntary case or other proceeding seeking liquidation, reorganization or other relief with respect to it or its debts under any bankruptcy, insolvency, reorganization, arrangement, readjustment of debt, dissolution or liquidation law or statute of any jurisdiction, or the consent by it to the appointment of a receiver, liquidator, assignee, trustee, custodian, sequestrator or other similar official of it or for any substantial part of its property, or the making by it of an assignment for the benefit of creditors, or the failure of the relevant Party generally to pay its debts as they become due, or the taking of corporate action by it in furtherance of any of the foregoing.

(b) Breach. The failure by the relevant Party to observe or perform any of its material obligations under this Agreement, if such failure continues for a period of 10 days after notice of such failure has been given to the relevant Party by the non-defaulting Party.

(c) Credit Support. The material breach by the relevant Party of any of its obligations under any Credit Support Document or the failure by the relevant Party to comply with any provision of any Credit Support Document, if such breach or failure continues for a period of 30 days after notice of such breach or failure has been given to the relevant Party by the non-defaulting Party.

1.2 Notice of Event of Default. If an Event of Default has occurred and is continuing, the non-defaulting Party may notify the defaulting Party in writing of the Event of Default. If an Event of Default has occurred and is continuing with respect to a Credit Support Document or any other agreement or instrument entered into in connection with this Agreement, the non-defaulting Party may notify the defaulting Party in writing of the Event of Default and of the non-defaulting Party's election to terminate and close out all transactions under this Agreement as provided in Section 6.

This Agreement is entered into by and between Maldonado and Sons and Liliana Interminei-Jilani, with their respective addresses at 413 Henry Turnpike Apt.",,PERSON_NAME,,"[2178,2187)",,Maldonado,0.7572144865989685,
test,2975,32572,gretel_finance_pii,,false positive,"EVENTS OF DEFAULT

1.1 General. Each of the following events is an ""Event of Default"" under this Agreement with respect to the relevant Party:

(a) Bankruptcy. The commencement by the relevant Party of a voluntary case or other proceeding seeking liquidation, reorganization or other relief with respect to it or its debts under any bankruptcy, insolvency, reorganization, arrangement, readjustment of debt, dissolution or liquidation law or statute of any jurisdiction, or the consent by it to the appointment of a receiver, liquidator, assignee, trustee, custodian, sequestrator or other similar official of it or for any substantial part of its property, or the making by it of an assignment for the benefit of creditors, or the failure of the relevant Party generally to pay its debts as they become due, or the taking of corporate action by it in furtherance of any of the foregoing.

(b) Breach. The failure by the relevant Party to observe or perform any of its material obligations under this Agreement, if such failure continues for a period of 10 days after notice of such failure has been given to the relevant Party by the non-defaulting Party.

(c) Credit Support. The material breach by the relevant Party of any of its obligations under any Credit Support Document or the failure by the relevant Party to comply with any provision of any Credit Support Document, if such breach or failure continues for a period of 30 days after notice of such breach or failure has been given to the relevant Party by the non-defaulting Party.

1.2 Notice of Event of Default. If an Event of Default has occurred and is continuing, the non-defaulting Party may notify the defaulting Party in writing of the Event of Default. If an Event of Default has occurred and is continuing with respect to a Credit Support Document or any other agreement or instrument entered into in connection with this Agreement, the non-defaulting Party may notify the defaulting Party in writing of the Event of Default and of the non-defaulting Party's election to terminate and close out all transactions under this Agreement as provided in Section 6.

This Agreement is entered into by and between Maldonado and Sons and Liliana Interminei-Jilani, with their respective addresses at 413 Henry Turnpike Apt.",,STREET_ADDRESS,,"[2263,2286)",,413 Henry Turnpike Apt.,0.9933555381638663,
test,2980,45921,gretel_finance_pii,,false negative,":20:FID:20210830:1234567890/1234567890:CRED:USD:BBKUS33
:25:BENEFICIARY CUSTOMER:JOHN DOE:123 MAIN ST:CITY12345:US
:28C:5234567890:1234567890/1234567890:USD:200000.00:CRED:20210830
:60F:CADID0000123456
:61:20210815:/ABC BANK/USA:/JOHN DOE:/123 MAIN ST:/CITY12345:/USA:/1000.00:/USD:/INVOICE 12345:/SHIPMENT 12345:/SIGHT DRAFT:/CADID0000123456
:61:20210816:/DEF BANK/UK:/JANE DOE:/456 PARK LANE:/LONDON:/UK:/2000.00:/GBP:/INVOICE 67890:/SHIPMENT 67890:/LETTER OF CREDIT:/CADID0000123457
:62F:CADID0000123458
:62:20210817:/GHI BANK/CAN:/MIKE BROWN:/789 QUEEN ST:/TORONTO:/CAN:/3000.00:/CAD:/INVOICE 23456:/SHIPMENT 23456:/DOCUMENTARY COLLECTION:/CADID0000123458
:86:67890",PERSON_NAME,,"[535,545)",,MIKE BROWN,,,0.020188937801867722
test,2980,45921,gretel_finance_pii,,false positive,":20:FID:20210830:1234567890/1234567890:CRED:USD:BBKUS33
:25:BENEFICIARY CUSTOMER:JOHN DOE:123 MAIN ST:CITY12345:US
:28C:5234567890:1234567890/1234567890:USD:200000.00:CRED:20210830
:60F:CADID0000123456
:61:20210815:/ABC BANK/USA:/JOHN DOE:/123 MAIN ST:/CITY12345:/USA:/1000.00:/USD:/INVOICE 12345:/SHIPMENT 12345:/SIGHT DRAFT:/CADID0000123456
:61:20210816:/DEF BANK/UK:/JANE DOE:/456 PARK LANE:/LONDON:/UK:/2000.00:/GBP:/INVOICE 67890:/SHIPMENT 67890:/LETTER OF CREDIT:/CADID0000123457
:62F:CADID0000123458
:62:20210817:/GHI BANK/CAN:/MIKE BROWN:/789 QUEEN ST:/TORONTO:/CAN:/3000.00:/CAD:/INVOICE 23456:/SHIPMENT 23456:/DOCUMENTARY COLLECTION:/CADID0000123458
:86:67890",,STREET_ADDRESS,,"[90,101)",,123 MAIN ST,0.7089536339044571,
test,2980,45921,gretel_finance_pii,,false positive,":20:FID:20210830:1234567890/1234567890:CRED:USD:BBKUS33
:25:BENEFICIARY CUSTOMER:JOHN DOE:123 MAIN ST:CITY12345:US
:28C:5234567890:1234567890/1234567890:USD:200000.00:CRED:20210830
:60F:CADID0000123456
:61:20210815:/ABC BANK/USA:/JOHN DOE:/123 MAIN ST:/CITY12345:/USA:/1000.00:/USD:/INVOICE 12345:/SHIPMENT 12345:/SIGHT DRAFT:/CADID0000123456
:61:20210816:/DEF BANK/UK:/JANE DOE:/456 PARK LANE:/LONDON:/UK:/2000.00:/GBP:/INVOICE 67890:/SHIPMENT 67890:/LETTER OF CREDIT:/CADID0000123457
:62F:CADID0000123458
:62:20210817:/GHI BANK/CAN:/MIKE BROWN:/789 QUEEN ST:/TORONTO:/CAN:/3000.00:/CAD:/INVOICE 23456:/SHIPMENT 23456:/DOCUMENTARY COLLECTION:/CADID0000123458
:86:67890",,STREET_ADDRESS,,"[240,251)",,123 MAIN ST,0.6650719940662384,
test,2988,37752,gretel_finance_pii,,boundary-too-long,"IT Support Ticket #21-0384

**Reported Issue:** Internet Connectivity

**Description:**
We are experiencing an internet outage at 1662 Jones Plain, South Robertfort. The issue began this morning at approximately 08:01 AM EST. The affected user is Mohammad Rodriguez (SSN: 013-62-2763). Mr. Rodriguez reports that he is unable to access the internet from any device.

**Priority:** High

**Status:** In Progress

**TroubleshQ:**

1. **Router Check:**
   - Confirm that the router is powered on and functioning properly.
   - Verify that all cables are securely connected.

2. **Firewall Check:**
   - Ensure that the firewall is not blocking internet access.
   - Temporarily disable the firewall to see if the issue resolves.

3. **ISP Verification:**
   - Contact the Internet Service Provider (ISP) to verify that there are no known outages in the area.

**Notes:**

- The user has already performed a power cycle on the router and modem.
- The ISP has been notified of the issue.
- The user's device has been verified to be functioning properly.

**Assigned to:** John Doe

**Next Steps:**

1. Complete the initial troubleshooting steps.
2. If the issue remains unresolved, escalate the ticket to the Network Operations Center (NOC) for further assistance.",PERSON_NAME,PERSON_NAME,"[247,255)","[247,265)",Mohammad,Mohammad Rodriguez,0.9941995739936829,
